candidate	channel	decimal90	binary64
1	active-repo-ratio	-1.38364655978937293182932086241790410960171649842156436449728620402694109978671934078634874	-1.383646559789373
1	annotation-health	-1.38364655978937293182932086241790410960171649842156436449728620402694109978671934078634874	-1.383646559789373
1	attack-coverage	-1.38364655978937293182932086241790410960171649842156436449728620402694109978671934078634874	-1.383646559789373
1	consulting-pct	-1.38364655978937293182932086241790410960171649842156436449728620402694109978671934078634874	-1.383646559789373
1	coupling-density	-1.38364655978937293182932086241790410960171649842156436449728620402694109978671934078634874	-1.383646559789373
1	depositing-signal	-1.38364655978937293182932086241790410960171649842156436449728620402694109978671934078634874	-1.383646559789373
1	loop-health	-1.38364061116992292656927244290735756453842954818865023879111257578521680263769649157075554	-1.3836406111699229
1	mathematics-pct	-1.38364655978327130509582833164297493907870015088159952661468154158222206475194381824890844	-1.3836465597832712
1	mission-health	-1.16320621825064170411938651170027307900336679532406479435200059383450162044672893914510934	-1.1632062182506417
1	portfolio-pct	-1.38364655976496642489535073931818742750965110826170501296686755424806495964761725063658750	-1.3836465597649665
1	sorry-count-norm	-1.38364655978937293182932086241790410960171649842156436449728620402694109978671934078634874	-1.383646559789373
1	stack-pct	-1.38364655973445829123329657874954947319042701646883615644862902057111362118729037038666720	-1.3836465597344583
1	support-coverage	-1.38364655978937293182932086241790410960171649842156436449728620402694109978671934078634874	-1.383646559789373
1	ticks-firing-ratio	-1.38364655978937293182932086241790410960171649842156436449728620402694109978671934078634874	-1.383646559789373
2	active-repo-ratio	-1.38364655978937293182932086241790410960171649842156436449728620402694109978671934078634874	-1.383646559789373
2	annotation-health	-1.38364655978937293182932086241790410960171649842156436449728620402694109978671934078634874	-1.383646559789373
2	attack-coverage	-1.38364655978937293182932086241790410960171649842156436449728620402694109978671934078634874	-1.383646559789373
2	consulting-pct	-1.38364655978937293182932086241790410960171649842156436449728620402694109978671934078634874	-1.383646559789373
2	coupling-density	-1.38364655978937293182932086241790410960171649842156436449728620402694109978671934078634874	-1.383646559789373
2	depositing-signal	-1.38364655978937293182932086241790410960171649842156436449728620402694109978671934078634874	-1.383646559789373
2	loop-health	-1.38364061116992292656927244290735756453842954818865023879111257578521680263769649157075554	-1.3836406111699229
2	mathematics-pct	-1.38364655978327130509582833164297493907870015088159952661468154158222206475194381824890844	-1.3836465597832712
2	mission-health	-1.17090036865847870696459061369769958545921430720450825314710559271788397349454695268798767	-1.1709003686584787
2	portfolio-pct	-1.38364655976496642489535073931818742750965110826170501296686755424806495964761725063658750	-1.3836465597649665
2	sorry-count-norm	-1.38364655978937293182932086241790410960171649842156436449728620402694109978671934078634874	-1.383646559789373
2	stack-pct	-1.38364655973445829123329657874954947319042701646883615644862902057111362118729037038666720	-1.3836465597344583
2	support-coverage	-1.38364655978937293182932086241790410960171649842156436449728620402694109978671934078634874	-1.383646559789373
2	ticks-firing-ratio	-1.38364655978937293182932086241790410960171649842156436449728620402694109978671934078634874	-1.383646559789373
3	active-repo-ratio	-1.38364655978937293182932086241790410960171649842156436449728620402694109978671934078634874	-1.383646559789373
3	annotation-health	-1.38364655978937293182932086241790410960171649842156436449728620402694109978671934078634874	-1.383646559789373
3	attack-coverage	-1.38364655978937293182932086241790410960171649842156436449728620402694109978671934078634874	-1.383646559789373
3	consulting-pct	-1.38364655978937293182932086241790410960171649842156436449728620402694109978671934078634874	-1.383646559789373
3	coupling-density	-1.38364655978937293182932086241790410960171649842156436449728620402694109978671934078634874	-1.383646559789373
3	depositing-signal	-1.38364655978937293182932086241790410960171649842156436449728620402694109978671934078634874	-1.383646559789373
3	loop-health	-1.38364061116992292656927244290735756453842954818865023879111257578521680263769649157075554	-1.3836406111699229
3	mathematics-pct	-1.38364655978327130509582833164297493907870015088159952661468154158222206475194381824890844	-1.3836465597832712
3	mission-health	-1.17327002734257956818310065917961786675738974443345142670411332356878276404814912724577747	-1.1732700273425796
3	portfolio-pct	-1.38364655976496642489535073931818742750965110826170501296686755424806495964761725063658750	-1.3836465597649665
3	sorry-count-norm	-1.38364655978937293182932086241790410960171649842156436449728620402694109978671934078634874	-1.383646559789373
3	stack-pct	-1.38364655973445829123329657874954947319042701646883615644862902057111362118729037038666720	-1.3836465597344583
3	support-coverage	-1.38364655978937293182932086241790410960171649842156436449728620402694109978671934078634874	-1.383646559789373
3	ticks-firing-ratio	-1.38364655978937293182932086241790410960171649842156436449728620402694109978671934078634874	-1.383646559789373
4	active-repo-ratio	-1.38364655978937293182932086241790410960171649842156436449728620402694109978671934078634874	-1.383646559789373
4	annotation-health	-1.38364655978937293182932086241790410960171649842156436449728620402694109978671934078634874	-1.383646559789373
4	attack-coverage	-1.38364655978937293182932086241790410960171649842156436449728620402694109978671934078634874	-1.383646559789373
4	consulting-pct	-1.38364655978937293182932086241790410960171649842156436449728620402694109978671934078634874	-1.383646559789373
4	coupling-density	-1.38364655978937293182932086241790410960171649842156436449728620402694109978671934078634874	-1.383646559789373
4	depositing-signal	-1.38364655978937293182932086241790410960171649842156436449728620402694109978671934078634874	-1.383646559789373
4	loop-health	-1.38364061116992292656927244290735756453842954818865023879111257578521680263769649157075554	-1.3836406111699229
4	mathematics-pct	-1.38364655978327130509582833164297493907870015088159952661468154158222206475194381824890844	-1.3836465597832712
4	mission-health	-1.17379730441177430565642675851406410593095163918898901097551971100807712740090839376223610	-1.1737973044117742
4	portfolio-pct	-1.38364655976496642489535073931818742750965110826170501296686755424806495964761725063658750	-1.3836465597649665
4	sorry-count-norm	-1.38364655978937293182932086241790410960171649842156436449728620402694109978671934078634874	-1.383646559789373
4	stack-pct	-1.38364655973445829123329657874954947319042701646883615644862902057111362118729037038666720	-1.3836465597344583
4	support-coverage	-1.38364655978937293182932086241790410960171649842156436449728620402694109978671934078634874	-1.383646559789373
4	ticks-firing-ratio	-1.38364655978937293182932086241790410960171649842156436449728620402694109978671934078634874	-1.383646559789373
5	active-repo-ratio	-1.38364655978937293182932086241790410960171649842156436449728620402694109978671934078634874	-1.383646559789373
5	annotation-health	-1.38364655978937293182932086241790410960171649842156436449728620402694109978671934078634874	-1.383646559789373
5	attack-coverage	-1.38364655978937293182932086241790410960171649842156436449728620402694109978671934078634874	-1.383646559789373
5	consulting-pct	-1.38364655978937293182932086241790410960171649842156436449728620402694109978671934078634874	-1.383646559789373
5	coupling-density	-1.38364655978937293182932086241790410960171649842156436449728620402694109978671934078634874	-1.383646559789373
5	depositing-signal	-1.38364655978937293182932086241790410960171649842156436449728620402694109978671934078634874	-1.383646559789373
5	loop-health	-1.38364061116992292656927244290735756453842954818865023879111257578521680263769649157075554	-1.3836406111699229
5	mathematics-pct	-1.38364655978327130509582833164297493907870015088159952661468154158222206475194381824890844	-1.3836465597832712
5	mission-health	-1.17577326496335674336901941759483008253502193737380038073269370332344096512580340002198850	-1.1757732649633568
5	portfolio-pct	-1.38364655976496642489535073931818742750965110826170501296686755424806495964761725063658750	-1.3836465597649665
5	sorry-count-norm	-1.38364655978937293182932086241790410960171649842156436449728620402694109978671934078634874	-1.383646559789373
5	stack-pct	-1.38364655973445829123329657874954947319042701646883615644862902057111362118729037038666720	-1.3836465597344583
5	support-coverage	-1.38364655978937293182932086241790410960171649842156436449728620402694109978671934078634874	-1.383646559789373
5	ticks-firing-ratio	-1.38364655978937293182932086241790410960171649842156436449728620402694109978671934078634874	-1.383646559789373
6	active-repo-ratio	-1.38364655978937293182932086241790410960171649842156436449728620402694109978671934078634874	-1.383646559789373
6	annotation-health	-1.38364655978937293182932086241790410960171649842156436449728620402694109978671934078634874	-1.383646559789373
6	attack-coverage	-1.38364655978937293182932086241790410960171649842156436449728620402694109978671934078634874	-1.383646559789373
6	consulting-pct	-1.38364655978937293182932086241790410960171649842156436449728620402694109978671934078634874	-1.383646559789373
6	coupling-density	-1.38364655978937293182932086241790410960171649842156436449728620402694109978671934078634874	-1.383646559789373
6	depositing-signal	-1.38364655978937293182932086241790410960171649842156436449728620402694109978671934078634874	-1.383646559789373
6	loop-health	-1.38364061116992292656927244290735756453842954818865023879111257578521680263769649157075554	-1.3836406111699229
6	mathematics-pct	-1.38364655978327130509582833164297493907870015088159952661468154158222206475194381824890844	-1.3836465597832712
6	mission-health	-1.17583921569581498613541979340128169678813522968972382669151027716014419299044422821512930	-1.175839215695815
6	portfolio-pct	-1.38364655976496642489535073931818742750965110826170501296686755424806495964761725063658750	-1.3836465597649665
6	sorry-count-norm	-1.38364655978937293182932086241790410960171649842156436449728620402694109978671934078634874	-1.383646559789373
6	stack-pct	-1.38364655973445829123329657874954947319042701646883615644862902057111362118729037038666720	-1.3836465597344583
6	support-coverage	-1.38364655978937293182932086241790410960171649842156436449728620402694109978671934078634874	-1.383646559789373
6	ticks-firing-ratio	-1.38364655978937293182932086241790410960171649842156436449728620402694109978671934078634874	-1.383646559789373
7	active-repo-ratio	-1.38364655978937293182932086241790410960171649842156436449728620402694109978671934078634874	-1.383646559789373
7	annotation-health	-1.38364655978937293182932086241790410960171649842156436449728620402694109978671934078634874	-1.383646559789373
7	attack-coverage	-1.38364655978937293182932086241790410960171649842156436449728620402694109978671934078634874	-1.383646559789373
7	consulting-pct	-1.38364655978937293182932086241790410960171649842156436449728620402694109978671934078634874	-1.383646559789373
7	coupling-density	-1.38364655978937293182932086241790410960171649842156436449728620402694109978671934078634874	-1.383646559789373
7	depositing-signal	-1.38364655978937293182932086241790410960171649842156436449728620402694109978671934078634874	-1.383646559789373
7	loop-health	-1.38364061116992292656927244290735756453842954818865023879111257578521680263769649157075554	-1.3836406111699229
7	mathematics-pct	-1.38364655978327130509582833164297493907870015088159952661468154158222206475194381824890844	-1.3836465597832712
7	mission-health	-1.17591041835099322087527565004027500619732582365853469167469672682826784186984918660917709	-1.1759104183509932
7	portfolio-pct	-1.38364655976496642489535073931818742750965110826170501296686755424806495964761725063658750	-1.3836465597649665
7	sorry-count-norm	-1.38364655978937293182932086241790410960171649842156436449728620402694109978671934078634874	-1.383646559789373
7	stack-pct	-1.38364655973445829123329657874954947319042701646883615644862902057111362118729037038666720	-1.3836465597344583
7	support-coverage	-1.38364655978937293182932086241790410960171649842156436449728620402694109978671934078634874	-1.383646559789373
7	ticks-firing-ratio	-1.38364655978937293182932086241790410960171649842156436449728620402694109978671934078634874	-1.383646559789373
8	active-repo-ratio	-1.38364655978937293182932086241790410960171649842156436449728620402694109978671934078634874	-1.383646559789373
8	annotation-health	-1.38364655978937293182932086241790410960171649842156436449728620402694109978671934078634874	-1.383646559789373
8	attack-coverage	-1.38364655978937293182932086241790410960171649842156436449728620402694109978671934078634874	-1.383646559789373
8	consulting-pct	-1.38364655978937293182932086241790410960171649842156436449728620402694109978671934078634874	-1.383646559789373
8	coupling-density	-1.38364655978937293182932086241790410960171649842156436449728620402694109978671934078634874	-1.383646559789373
8	depositing-signal	-1.38364655978937293182932086241790410960171649842156436449728620402694109978671934078634874	-1.383646559789373
8	loop-health	-1.38364061116992292656927244290735756453842954818865023879111257578521680263769649157075554	-1.3836406111699229
8	mathematics-pct	-1.38364655978327130509582833164297493907870015088159952661468154158222206475194381824890844	-1.3836465597832712
8	mission-health	-1.17600082370577866926917052569656985585268015375903698280041261667233372585870758169329334	-1.1760008237057786
8	portfolio-pct	-1.38364655976496642489535073931818742750965110826170501296686755424806495964761725063658750	-1.3836465597649665
8	sorry-count-norm	-1.38364655978937293182932086241790410960171649842156436449728620402694109978671934078634874	-1.383646559789373
8	stack-pct	-1.38364655973445829123329657874954947319042701646883615644862902057111362118729037038666720	-1.3836465597344583
8	support-coverage	-1.38364655978937293182932086241790410960171649842156436449728620402694109978671934078634874	-1.383646559789373
8	ticks-firing-ratio	-1.38364655978937293182932086241790410960171649842156436449728620402694109978671934078634874	-1.383646559789373
9	active-repo-ratio	-1.38364655978937293182932086241790410960171649842156436449728620402694109978671934078634874	-1.383646559789373
9	annotation-health	-1.38364655978937293182932086241790410960171649842156436449728620402694109978671934078634874	-1.383646559789373
9	attack-coverage	-1.38364655978937293182932086241790410960171649842156436449728620402694109978671934078634874	-1.383646559789373
9	consulting-pct	-1.38364655978937293182932086241790410960171649842156436449728620402694109978671934078634874	-1.383646559789373
9	coupling-density	-1.38364655978937293182932086241790410960171649842156436449728620402694109978671934078634874	-1.383646559789373
9	depositing-signal	-1.38364655978937293182932086241790410960171649842156436449728620402694109978671934078634874	-1.383646559789373
9	loop-health	-1.38364061116992292656927244290735756453842954818865023879111257578521680263769649157075554	-1.3836406111699229
9	mathematics-pct	-1.38364655978327130509582833164297493907870015088159952661468154158222206475194381824890844	-1.3836465597832712
9	mission-health	-1.17604291749823066803327618994950476069935962288114690912629408362300674509559750298668524	-1.1760429174982308
9	portfolio-pct	-1.38364655976496642489535073931818742750965110826170501296686755424806495964761725063658750	-1.3836465597649665
9	sorry-count-norm	-1.38364655978937293182932086241790410960171649842156436449728620402694109978671934078634874	-1.383646559789373
9	stack-pct	-1.38364655973445829123329657874954947319042701646883615644862902057111362118729037038666720	-1.3836465597344583
9	support-coverage	-1.38364655978937293182932086241790410960171649842156436449728620402694109978671934078634874	-1.383646559789373
9	ticks-firing-ratio	-1.38364655978937293182932086241790410960171649842156436449728620402694109978671934078634874	-1.383646559789373
10	active-repo-ratio	-1.38364655978937293182932086241790410960171649842156436449728620402694109978671934078634874	-1.383646559789373
10	annotation-health	-1.38364655978937293182932086241790410960171649842156436449728620402694109978671934078634874	-1.383646559789373
10	attack-coverage	-1.38364655978937293182932086241790410960171649842156436449728620402694109978671934078634874	-1.383646559789373
10	consulting-pct	-1.38364655978937293182932086241790410960171649842156436449728620402694109978671934078634874	-1.383646559789373
10	coupling-density	-1.38364655978937293182932086241790410960171649842156436449728620402694109978671934078634874	-1.383646559789373
10	depositing-signal	-1.38364655978937293182932086241790410960171649842156436449728620402694109978671934078634874	-1.383646559789373
10	loop-health	-1.38364061116992292656927244290735756453842954818865023879111257578521680263769649157075554	-1.3836406111699229
10	mathematics-pct	-1.38364655978327130509582833164297493907870015088159952661468154158222206475194381824890844	-1.3836465597832712
10	mission-health	-1.17614043208373011335085052140343426269979927762517780342661987556745972509448908876644414	-1.17614043208373
10	portfolio-pct	-1.38364655976496642489535073931818742750965110826170501296686755424806495964761725063658750	-1.3836465597649665
10	sorry-count-norm	-1.38364655978937293182932086241790410960171649842156436449728620402694109978671934078634874	-1.383646559789373
10	stack-pct	-1.38364655973445829123329657874954947319042701646883615644862902057111362118729037038666720	-1.3836465597344583
10	support-coverage	-1.38364655978937293182932086241790410960171649842156436449728620402694109978671934078634874	-1.383646559789373
10	ticks-firing-ratio	-1.38364655978937293182932086241790410960171649842156436449728620402694109978671934078634874	-1.383646559789373
11	active-repo-ratio	-1.38364655978937293182932086241790410960171649842156436449728620402694109978671934078634874	-1.383646559789373
11	annotation-health	-1.38364655978937293182932086241790410960171649842156436449728620402694109978671934078634874	-1.383646559789373
11	attack-coverage	-1.38364655978937293182932086241790410960171649842156436449728620402694109978671934078634874	-1.383646559789373
11	consulting-pct	-1.38364655978937293182932086241790410960171649842156436449728620402694109978671934078634874	-1.383646559789373
11	coupling-density	-1.38364655978937293182932086241790410960171649842156436449728620402694109978671934078634874	-1.383646559789373
11	depositing-signal	-1.38364655978937293182932086241790410960171649842156436449728620402694109978671934078634874	-1.383646559789373
11	loop-health	-1.38364061116992292656927244290735756453842954818865023879111257578521680263769649157075554	-1.3836406111699229
11	mathematics-pct	-1.38364655978327130509582833164297493907870015088159952661468154158222206475194381824890844	-1.3836465597832712
11	mission-health	-1.17623147134010506636845207972618314334852784964028771219238008584624088259322184103030542	-1.176231471340105
11	portfolio-pct	-1.38364655976496642489535073931818742750965110826170501296686755424806495964761725063658750	-1.3836465597649665
11	sorry-count-norm	-1.38364655978937293182932086241790410960171649842156436449728620402694109978671934078634874	-1.383646559789373
11	stack-pct	-1.38364655973445829123329657874954947319042701646883615644862902057111362118729037038666720	-1.3836465597344583
11	support-coverage	-1.38364655978937293182932086241790410960171649842156436449728620402694109978671934078634874	-1.383646559789373
11	ticks-firing-ratio	-1.38364655978937293182932086241790410960171649842156436449728620402694109978671934078634874	-1.383646559789373
12	active-repo-ratio	-1.38364655978937293182932086241790410960171649842156436449728620402694109978671934078634874	-1.383646559789373
12	annotation-health	-1.38364655978937293182932086241790410960171649842156436449728620402694109978671934078634874	-1.383646559789373
12	attack-coverage	-1.38364655978937293182932086241790410960171649842156436449728620402694109978671934078634874	-1.383646559789373
12	consulting-pct	-1.38364655978937293182932086241790410960171649842156436449728620402694109978671934078634874	-1.383646559789373
12	coupling-density	-1.38364655978937293182932086241790410960171649842156436449728620402694109978671934078634874	-1.383646559789373
12	depositing-signal	-1.38364655978937293182932086241790410960171649842156436449728620402694109978671934078634874	-1.383646559789373
12	loop-health	-1.38364061116992292656927244290735756453842954818865023879111257578521680263769649157075554	-1.3836406111699229
12	mathematics-pct	-1.38364655978327130509582833164297493907870015088159952661468154158222206475194381824890844	-1.3836465597832712
12	mission-health	-1.17625340946375056771986665422822335606940802389829738687768423783908812818437247708542930	-1.1762534094637507
12	portfolio-pct	-1.38364655976496642489535073931818742750965110826170501296686755424806495964761725063658750	-1.3836465597649665
12	sorry-count-norm	-1.38364655978937293182932086241790410960171649842156436449728620402694109978671934078634874	-1.383646559789373
12	stack-pct	-1.38364655973445829123329657874954947319042701646883615644862902057111362118729037038666720	-1.3836465597344583
12	support-coverage	-1.38364655978937293182932086241790410960171649842156436449728620402694109978671934078634874	-1.383646559789373
12	ticks-firing-ratio	-1.38364655978937293182932086241790410960171649842156436449728620402694109978671934078634874	-1.383646559789373
13	active-repo-ratio	-1.38364655978937293182932086241790410960171649842156436449728620402694109978671934078634874	-1.383646559789373
13	annotation-health	-1.38364655978937293182932086241790410960171649842156436449728620402694109978671934078634874	-1.383646559789373
13	attack-coverage	-1.38364655978937293182932086241790410960171649842156436449728620402694109978671934078634874	-1.383646559789373
13	consulting-pct	-1.38364655978937293182932086241790410960171649842156436449728620402694109978671934078634874	-1.383646559789373
13	coupling-density	-1.38364655978937293182932086241790410960171649842156436449728620402694109978671934078634874	-1.383646559789373
13	depositing-signal	-1.38364655978937293182932086241790410960171649842156436449728620402694109978671934078634874	-1.383646559789373
13	loop-health	-1.38364061116992292656927244290735756453842954818865023879111257578521680263769649157075554	-1.3836406111699229
13	mathematics-pct	-1.38364655978327130509582833164297493907870015088159952661468154158222206475194381824890844	-1.3836465597832712
13	mission-health	-1.17628075967977033446419317655850027056959824841656653155597971941757574200973223512387666	-1.1762807596797704
13	portfolio-pct	-1.38364655976496642489535073931818742750965110826170501296686755424806495964761725063658750	-1.3836465597649665
13	sorry-count-norm	-1.38364655978937293182932086241790410960171649842156436449728620402694109978671934078634874	-1.383646559789373
13	stack-pct	-1.38364655973445829123329657874954947319042701646883615644862902057111362118729037038666720	-1.3836465597344583
13	support-coverage	-1.38364655978937293182932086241790410960171649842156436449728620402694109978671934078634874	-1.383646559789373
13	ticks-firing-ratio	-1.38364655978937293182932086241790410960171649842156436449728620402694109978671934078634874	-1.383646559789373
14	active-repo-ratio	-1.38364655978937293182932086241790410960171649842156436449728620402694109978671934078634874	-1.383646559789373
14	annotation-health	-1.38364655978937293182932086241790410960171649842156436449728620402694109978671934078634874	-1.383646559789373
14	attack-coverage	-1.38364655978937293182932086241790410960171649842156436449728620402694109978671934078634874	-1.383646559789373
14	consulting-pct	-1.38364655978937293182932086241790410960171649842156436449728620402694109978671934078634874	-1.383646559789373
14	coupling-density	-1.38364655978937293182932086241790410960171649842156436449728620402694109978671934078634874	-1.383646559789373
14	depositing-signal	-1.38364655978937293182932086241790410960171649842156436449728620402694109978671934078634874	-1.383646559789373
14	loop-health	-1.38364061116992292656927244290735756453842954818865023879111257578521680263769649157075554	-1.3836406111699229
14	mathematics-pct	-1.38364655978327130509582833164297493907870015088159952661468154158222206475194381824890844	-1.3836465597832712
14	mission-health	-1.17631075195460278800238371845273419393732177243004190296840017170429243301803264814094996	-1.1763107519546028
14	portfolio-pct	-1.38364655976496642489535073931818742750965110826170501296686755424806495964761725063658750	-1.3836465597649665
14	sorry-count-norm	-1.38364655978937293182932086241790410960171649842156436449728620402694109978671934078634874	-1.383646559789373
14	stack-pct	-1.38364655973445829123329657874954947319042701646883615644862902057111362118729037038666720	-1.3836465597344583
14	support-coverage	-1.38364655978937293182932086241790410960171649842156436449728620402694109978671934078634874	-1.383646559789373
14	ticks-firing-ratio	-1.38364655978937293182932086241790410960171649842156436449728620402694109978671934078634874	-1.383646559789373
15	active-repo-ratio	-1.38364655978937293182932086241790410960171649842156436449728620402694109978671934078634874	-1.383646559789373
15	annotation-health	-1.38364655978937293182932086241790410960171649842156436449728620402694109978671934078634874	-1.383646559789373
15	attack-coverage	-1.38364655978937293182932086241790410960171649842156436449728620402694109978671934078634874	-1.383646559789373
15	consulting-pct	-1.38364655978937293182932086241790410960171649842156436449728620402694109978671934078634874	-1.383646559789373
15	coupling-density	-1.38364655978937293182932086241790410960171649842156436449728620402694109978671934078634874	-1.383646559789373
15	depositing-signal	-1.38364655978937293182932086241790410960171649842156436449728620402694109978671934078634874	-1.383646559789373
15	loop-health	-1.38364061116992292656927244290735756453842954818865023879111257578521680263769649157075554	-1.3836406111699229
15	mathematics-pct	-1.38364655978327130509582833164297493907870015088159952661468154158222206475194381824890844	-1.3836465597832712
15	mission-health	-1.17645389512389824944503390311711490971101832407892031435003904448990000699437618672847909	-1.1764538951238983
15	portfolio-pct	-1.38364655976496642489535073931818742750965110826170501296686755424806495964761725063658750	-1.3836465597649665
15	sorry-count-norm	-1.38364655978937293182932086241790410960171649842156436449728620402694109978671934078634874	-1.383646559789373
15	stack-pct	-1.38364655973445829123329657874954947319042701646883615644862902057111362118729037038666720	-1.3836465597344583
15	support-coverage	-1.38364655978937293182932086241790410960171649842156436449728620402694109978671934078634874	-1.383646559789373
15	ticks-firing-ratio	-1.38364655978937293182932086241790410960171649842156436449728620402694109978671934078634874	-1.383646559789373
16	active-repo-ratio	-1.38364655978937293182932086241790410960171649842156436449728620402694109978671934078634874	-1.383646559789373
16	annotation-health	-1.38364655978937293182932086241790410960171649842156436449728620402694109978671934078634874	-1.383646559789373
16	attack-coverage	-1.38364655978937293182932086241790410960171649842156436449728620402694109978671934078634874	-1.383646559789373
16	consulting-pct	-1.38364655978937293182932086241790410960171649842156436449728620402694109978671934078634874	-1.383646559789373
16	coupling-density	-1.38364655978937293182932086241790410960171649842156436449728620402694109978671934078634874	-1.383646559789373
16	depositing-signal	-1.38364655978937293182932086241790410960171649842156436449728620402694109978671934078634874	-1.383646559789373
16	loop-health	-1.38364061116992292656927244290735756453842954818865023879111257578521680263769649157075554	-1.3836406111699229
16	mathematics-pct	-1.38364655978327130509582833164297493907870015088159952661468154158222206475194381824890844	-1.3836465597832712
16	mission-health	-1.17646192995814197271693154664871774123114841679212874723332002970145199500036766676190840	-1.176461929958142
16	portfolio-pct	-1.38364655976496642489535073931818742750965110826170501296686755424806495964761725063658750	-1.3836465597649665
16	sorry-count-norm	-1.38364655978937293182932086241790410960171649842156436449728620402694109978671934078634874	-1.383646559789373
16	stack-pct	-1.38364655973445829123329657874954947319042701646883615644862902057111362118729037038666720	-1.3836465597344583
16	support-coverage	-1.38364655978937293182932086241790410960171649842156436449728620402694109978671934078634874	-1.383646559789373
16	ticks-firing-ratio	-1.38364655978937293182932086241790410960171649842156436449728620402694109978671934078634874	-1.383646559789373
17	active-repo-ratio	-1.38364655978937293182932086241790410960171649842156436449728620402694109978671934078634874	-1.383646559789373
17	annotation-health	-1.38364655978937293182932086241790410960171649842156436449728620402694109978671934078634874	-1.383646559789373
17	attack-coverage	-1.38364655978937293182932086241790410960171649842156436449728620402694109978671934078634874	-1.383646559789373
17	consulting-pct	-1.38364655978937293182932086241790410960171649842156436449728620402694109978671934078634874	-1.383646559789373
17	coupling-density	-1.38364655978937293182932086241790410960171649842156436449728620402694109978671934078634874	-1.383646559789373
17	depositing-signal	-1.38364655978937293182932086241790410960171649842156436449728620402694109978671934078634874	-1.383646559789373
17	loop-health	-1.38364061116992292656927244290735756453842954818865023879111257578521680263769649157075554	-1.3836406111699229
17	mathematics-pct	-1.38364655978327130509582833164297493907870015088159952661468154158222206475194381824890844	-1.3836465597832712
17	mission-health	-1.17654187988862512433044554232800462961481481861838896965190928037488613098342637097070581	-1.1765418798886251
17	portfolio-pct	-1.38364655976496642489535073931818742750965110826170501296686755424806495964761725063658750	-1.3836465597649665
17	sorry-count-norm	-1.38364655978937293182932086241790410960171649842156436449728620402694109978671934078634874	-1.383646559789373
17	stack-pct	-1.38364655973445829123329657874954947319042701646883615644862902057111362118729037038666720	-1.3836465597344583
17	support-coverage	-1.38364655978937293182932086241790410960171649842156436449728620402694109978671934078634874	-1.383646559789373
17	ticks-firing-ratio	-1.38364655978937293182932086241790410960171649842156436449728620402694109978671934078634874	-1.383646559789373
18	active-repo-ratio	-1.38364655978937293182932086241790410960171649842156436449728620402694109978671934078634874	-1.383646559789373
18	annotation-health	-1.38364655978937293182932086241790410960171649842156436449728620402694109978671934078634874	-1.383646559789373
18	attack-coverage	-1.38364655978937293182932086241790410960171649842156436449728620402694109978671934078634874	-1.383646559789373
18	consulting-pct	-1.38364655978937293182932086241790410960171649842156436449728620402694109978671934078634874	-1.383646559789373
18	coupling-density	-1.38364655978937293182932086241790410960171649842156436449728620402694109978671934078634874	-1.383646559789373
18	depositing-signal	-1.38364655978937293182932086241790410960171649842156436449728620402694109978671934078634874	-1.383646559789373
18	loop-health	-1.38364061116992292656927244290735756453842954818865023879111257578521680263769649157075554	-1.3836406111699229
18	mathematics-pct	-1.38364655978327130509582833164297493907870015088159952661468154158222206475194381824890844	-1.3836465597832712
18	mission-health	-1.17667090694409678753822558555660524972250084995701432337463877087231236200236636506759047	-1.1766709069440968
18	portfolio-pct	-1.38364655976496642489535073931818742750965110826170501296686755424806495964761725063658750	-1.3836465597649665
18	sorry-count-norm	-1.38364655978937293182932086241790410960171649842156436449728620402694109978671934078634874	-1.383646559789373
18	stack-pct	-1.38364655973445829123329657874954947319042701646883615644862902057111362118729037038666720	-1.3836465597344583
18	support-coverage	-1.38364655978937293182932086241790410960171649842156436449728620402694109978671934078634874	-1.383646559789373
18	ticks-firing-ratio	-1.38364655978937293182932086241790410960171649842156436449728620402694109978671934078634874	-1.383646559789373
19	active-repo-ratio	-1.38364655978937293182932086241790410960171649842156436449728620402694109978671934078634874	-1.383646559789373
19	annotation-health	-1.38364655978937293182932086241790410960171649842156436449728620402694109978671934078634874	-1.383646559789373
19	attack-coverage	-1.38364655978937293182932086241790410960171649842156436449728620402694109978671934078634874	-1.383646559789373
19	consulting-pct	-1.38364655978937293182932086241790410960171649842156436449728620402694109978671934078634874	-1.383646559789373
19	coupling-density	-1.38364655978937293182932086241790410960171649842156436449728620402694109978671934078634874	-1.383646559789373
19	depositing-signal	-1.38364655978937293182932086241790410960171649842156436449728620402694109978671934078634874	-1.383646559789373
19	loop-health	-1.38364061116992292656927244290735756453842954818865023879111257578521680263769649157075554	-1.3836406111699229
19	mathematics-pct	-1.38364655978327130509582833164297493907870015088159952661468154158222206475194381824890844	-1.3836465597832712
19	mission-health	-1.17676447087665940513650859311527993476753445937203641194386382999060415263258599444391600	-1.1767644708766594
19	portfolio-pct	-1.38364655976496642489535073931818742750965110826170501296686755424806495964761725063658750	-1.3836465597649665
19	sorry-count-norm	-1.38364655978937293182932086241790410960171649842156436449728620402694109978671934078634874	-1.383646559789373
19	stack-pct	-1.38364655973445829123329657874954947319042701646883615644862902057111362118729037038666720	-1.3836465597344583
19	support-coverage	-1.38364655978937293182932086241790410960171649842156436449728620402694109978671934078634874	-1.383646559789373
19	ticks-firing-ratio	-1.38364655978937293182932086241790410960171649842156436449728620402694109978671934078634874	-1.383646559789373
20	active-repo-ratio	-1.38364655978937293182932086241790410960171649842156436449728620402694109978671934078634874	-1.383646559789373
20	annotation-health	-1.38364655978937293182932086241790410960171649842156436449728620402694109978671934078634874	-1.383646559789373
20	attack-coverage	-1.38364655978937293182932086241790410960171649842156436449728620402694109978671934078634874	-1.383646559789373
20	consulting-pct	-1.38364655978937293182932086241790410960171649842156436449728620402694109978671934078634874	-1.383646559789373
20	coupling-density	-1.38364655978937293182932086241790410960171649842156436449728620402694109978671934078634874	-1.383646559789373
20	depositing-signal	-1.38364655978937293182932086241790410960171649842156436449728620402694109978671934078634874	-1.383646559789373
20	loop-health	-1.38364061116992292656927244290735756453842954818865023879111257578521680263769649157075554	-1.3836406111699229
20	mathematics-pct	-1.38364655978327130509582833164297493907870015088159952661468154158222206475194381824890844	-1.3836465597832712
20	mission-health	-1.17686975930840210174197727519184451872559552594563218977645883834248749629372727541021930	-1.176869759308402
20	portfolio-pct	-1.38364655976496642489535073931818742750965110826170501296686755424806495964761725063658750	-1.3836465597649665
20	sorry-count-norm	-1.38364655978937293182932086241790410960171649842156436449728620402694109978671934078634874	-1.383646559789373
20	stack-pct	-1.38364655973445829123329657874954947319042701646883615644862902057111362118729037038666720	-1.3836465597344583
20	support-coverage	-1.38364655978937293182932086241790410960171649842156436449728620402694109978671934078634874	-1.383646559789373
20	ticks-firing-ratio	-1.38364655978937293182932086241790410960171649842156436449728620402694109978671934078634874	-1.383646559789373
21	active-repo-ratio	-1.38364655978937293182932086241790410960171649842156436449728620402694109978671934078634874	-1.383646559789373
21	annotation-health	-1.38364655978937293182932086241790410960171649842156436449728620402694109978671934078634874	-1.383646559789373
21	attack-coverage	-1.38364655978937293182932086241790410960171649842156436449728620402694109978671934078634874	-1.383646559789373
21	consulting-pct	-1.38364655978937293182932086241790410960171649842156436449728620402694109978671934078634874	-1.383646559789373
21	coupling-density	-1.38364655978937293182932086241790410960171649842156436449728620402694109978671934078634874	-1.383646559789373
21	depositing-signal	-1.38364655978937293182932086241790410960171649842156436449728620402694109978671934078634874	-1.383646559789373
21	loop-health	-1.38364061116992292656927244290735756453842954818865023879111257578521680263769649157075554	-1.3836406111699229
21	mathematics-pct	-1.38364655978327130509582833164297493907870015088159952661468154158222206475194381824890844	-1.3836465597832712
21	mission-health	-1.17695352090641554687308297916944428194318388099856714227752574442099986133394665306867349	-1.1769535209064155
21	portfolio-pct	-1.38364655976496642489535073931818742750965110826170501296686755424806495964761725063658750	-1.3836465597649665
21	sorry-count-norm	-1.38364655978937293182932086241790410960171649842156436449728620402694109978671934078634874	-1.383646559789373
21	stack-pct	-1.38364655973445829123329657874954947319042701646883615644862902057111362118729037038666720	-1.3836465597344583
21	support-coverage	-1.38364655978937293182932086241790410960171649842156436449728620402694109978671934078634874	-1.383646559789373
21	ticks-firing-ratio	-1.38364655978937293182932086241790410960171649842156436449728620402694109978671934078634874	-1.383646559789373
22	active-repo-ratio	-1.38364655978937293182932086241790410960171649842156436449728620402694109978671934078634874	-1.383646559789373
22	annotation-health	-1.38364655978937293182932086241790410960171649842156436449728620402694109978671934078634874	-1.383646559789373
22	attack-coverage	-1.38364655978937293182932086241790410960171649842156436449728620402694109978671934078634874	-1.383646559789373
22	consulting-pct	-1.38364655978937293182932086241790410960171649842156436449728620402694109978671934078634874	-1.383646559789373
22	coupling-density	-1.38364655978937293182932086241790410960171649842156436449728620402694109978671934078634874	-1.383646559789373
22	depositing-signal	-1.38364655978937293182932086241790410960171649842156436449728620402694109978671934078634874	-1.383646559789373
22	loop-health	-1.38364061116992292656927244290735756453842954818865023879111257578521680263769649157075554	-1.3836406111699229
22	mathematics-pct	-1.38364655978327130509582833164297493907870015088159952661468154158222206475194381824890844	-1.3836465597832712
22	mission-health	-1.17696865611777429300869855701635677479444159369319219112098521140718108973825960835778725	-1.1769686561177743
22	portfolio-pct	-1.38364655976496642489535073931818742750965110826170501296686755424806495964761725063658750	-1.3836465597649665
22	sorry-count-norm	-1.38364655978937293182932086241790410960171649842156436449728620402694109978671934078634874	-1.383646559789373
22	stack-pct	-1.38364655973445829123329657874954947319042701646883615644862902057111362118729037038666720	-1.3836465597344583
22	support-coverage	-1.38364655978937293182932086241790410960171649842156436449728620402694109978671934078634874	-1.383646559789373
22	ticks-firing-ratio	-1.38364655978937293182932086241790410960171649842156436449728620402694109978671934078634874	-1.383646559789373
23	active-repo-ratio	-1.38364655978937293182932086241790410960171649842156436449728620402694109978671934078634874	-1.383646559789373
23	annotation-health	-1.38364655978937293182932086241790410960171649842156436449728620402694109978671934078634874	-1.383646559789373
23	attack-coverage	-1.38364655978937293182932086241790410960171649842156436449728620402694109978671934078634874	-1.383646559789373
23	consulting-pct	-1.38364655978937293182932086241790410960171649842156436449728620402694109978671934078634874	-1.383646559789373
23	coupling-density	-1.38364655978937293182932086241790410960171649842156436449728620402694109978671934078634874	-1.383646559789373
23	depositing-signal	-1.38364655978937293182932086241790410960171649842156436449728620402694109978671934078634874	-1.383646559789373
23	loop-health	-1.38364061116992292656927244290735756453842954818865023879111257578521680263769649157075554	-1.3836406111699229
23	mathematics-pct	-1.38364655978327130509582833164297493907870015088159952661468154158222206475194381824890844	-1.3836465597832712
23	mission-health	-1.17698879132671842533673431954754272849761001078500475833345993095788723624835245606293866	-1.1769887913267185
23	portfolio-pct	-1.38364655976496642489535073931818742750965110826170501296686755424806495964761725063658750	-1.3836465597649665
23	sorry-count-norm	-1.38364655978937293182932086241790410960171649842156436449728620402694109978671934078634874	-1.383646559789373
23	stack-pct	-1.38364655973445829123329657874954947319042701646883615644862902057111362118729037038666720	-1.3836465597344583
23	support-coverage	-1.38364655978937293182932086241790410960171649842156436449728620402694109978671934078634874	-1.383646559789373
23	ticks-firing-ratio	-1.38364655978937293182932086241790410960171649842156436449728620402694109978671934078634874	-1.383646559789373
24	active-repo-ratio	-1.38364655978937293182932086241790410960171649842156436449728620402694109978671934078634874	-1.383646559789373
24	annotation-health	-1.38364655978937293182932086241790410960171649842156436449728620402694109978671934078634874	-1.383646559789373
24	attack-coverage	-1.38364655978937293182932086241790410960171649842156436449728620402694109978671934078634874	-1.383646559789373
24	consulting-pct	-1.38364655978937293182932086241790410960171649842156436449728620402694109978671934078634874	-1.383646559789373
24	coupling-density	-1.38364655978937293182932086241790410960171649842156436449728620402694109978671934078634874	-1.383646559789373
24	depositing-signal	-1.38364655978937293182932086241790410960171649842156436449728620402694109978671934078634874	-1.383646559789373
24	loop-health	-1.38364061116992292656927244290735756453842954818865023879111257578521680263769649157075554	-1.3836406111699229
24	mathematics-pct	-1.38364655978327130509582833164297493907870015088159952661468154158222206475194381824890844	-1.3836465597832712
24	mission-health	-1.17701388789936148091435124242815163543084802513309976974807558901314109395636218184480589	-1.1770138878993615
24	portfolio-pct	-1.38364655976496642489535073931818742750965110826170501296686755424806495964761725063658750	-1.3836465597649665
24	sorry-count-norm	-1.38364655978937293182932086241790410960171649842156436449728620402694109978671934078634874	-1.383646559789373
24	stack-pct	-1.38364655973445829123329657874954947319042701646883615644862902057111362118729037038666720	-1.3836465597344583
24	support-coverage	-1.38364655978937293182932086241790410960171649842156436449728620402694109978671934078634874	-1.383646559789373
24	ticks-firing-ratio	-1.38364655978937293182932086241790410960171649842156436449728620402694109978671934078634874	-1.383646559789373
25	active-repo-ratio	-1.38364655978937293182932086241790410960171649842156436449728620402694109978671934078634874	-1.383646559789373
25	annotation-health	-1.38364655978937293182932086241790410960171649842156436449728620402694109978671934078634874	-1.383646559789373
25	attack-coverage	-1.38364655978937293182932086241790410960171649842156436449728620402694109978671934078634874	-1.383646559789373
25	consulting-pct	-1.38364655978937293182932086241790410960171649842156436449728620402694109978671934078634874	-1.383646559789373
25	coupling-density	-1.38364655978937293182932086241790410960171649842156436449728620402694109978671934078634874	-1.383646559789373
25	depositing-signal	-1.38364655978937293182932086241790410960171649842156436449728620402694109978671934078634874	-1.383646559789373
25	loop-health	-1.38364061116992292656927244290735756453842954818865023879111257578521680263769649157075554	-1.3836406111699229
25	mathematics-pct	-1.38364655978327130509582833164297493907870015088159952661468154158222206475194381824890844	-1.3836465597832712
25	mission-health	-1.17702600573529076669881483070348347606987138285516452680058331523878589497801197071375242	-1.1770260057352908
25	portfolio-pct	-1.38364655976496642489535073931818742750965110826170501296686755424806495964761725063658750	-1.3836465597649665
25	sorry-count-norm	-1.38364655978937293182932086241790410960171649842156436449728620402694109978671934078634874	-1.383646559789373
25	stack-pct	-1.38364655973445829123329657874954947319042701646883615644862902057111362118729037038666720	-1.3836465597344583
25	support-coverage	-1.38364655978937293182932086241790410960171649842156436449728620402694109978671934078634874	-1.383646559789373
25	ticks-firing-ratio	-1.38364655978937293182932086241790410960171649842156436449728620402694109978671934078634874	-1.383646559789373
26	active-repo-ratio	-1.38364655978937293182932086241790410960171649842156436449728620402694109978671934078634874	-1.383646559789373
26	annotation-health	-1.38364655978937293182932086241790410960171649842156436449728620402694109978671934078634874	-1.383646559789373
26	attack-coverage	-1.38364655978937293182932086241790410960171649842156436449728620402694109978671934078634874	-1.383646559789373
26	consulting-pct	-1.38364655978937293182932086241790410960171649842156436449728620402694109978671934078634874	-1.383646559789373
26	coupling-density	-1.38364655978937293182932086241790410960171649842156436449728620402694109978671934078634874	-1.383646559789373
26	depositing-signal	-1.38364655978937293182932086241790410960171649842156436449728620402694109978671934078634874	-1.383646559789373
26	loop-health	-1.38364061116992292656927244290735756453842954818865023879111257578521680263769649157075554	-1.3836406111699229
26	mathematics-pct	-1.38364655978327130509582833164297493907870015088159952661468154158222206475194381824890844	-1.3836465597832712
26	mission-health	-1.17702600573529076669881483070348347606987138285516452680058331523878589497801197071375242	-1.1770260057352908
26	portfolio-pct	-1.38364655976496642489535073931818742750965110826170501296686755424806495964761725063658750	-1.3836465597649665
26	sorry-count-norm	-1.38364655978937293182932086241790410960171649842156436449728620402694109978671934078634874	-1.383646559789373
26	stack-pct	-1.38364655973445829123329657874954947319042701646883615644862902057111362118729037038666720	-1.3836465597344583
26	support-coverage	-1.38364655978937293182932086241790410960171649842156436449728620402694109978671934078634874	-1.383646559789373
26	ticks-firing-ratio	-1.38364655978937293182932086241790410960171649842156436449728620402694109978671934078634874	-1.383646559789373
27	active-repo-ratio	-1.38364655978937293182932086241790410960171649842156436449728620402694109978671934078634874	-1.383646559789373
27	annotation-health	-1.38364655978937293182932086241790410960171649842156436449728620402694109978671934078634874	-1.383646559789373
27	attack-coverage	-1.38364655978937293182932086241790410960171649842156436449728620402694109978671934078634874	-1.383646559789373
27	consulting-pct	-1.38364655978937293182932086241790410960171649842156436449728620402694109978671934078634874	-1.383646559789373
27	coupling-density	-1.38364655978937293182932086241790410960171649842156436449728620402694109978671934078634874	-1.383646559789373
27	depositing-signal	-1.38364655978937293182932086241790410960171649842156436449728620402694109978671934078634874	-1.383646559789373
27	loop-health	-1.38364061116992292656927244290735756453842954818865023879111257578521680263769649157075554	-1.3836406111699229
27	mathematics-pct	-1.38364655978327130509582833164297493907870015088159952661468154158222206475194381824890844	-1.3836465597832712
27	mission-health	-1.17702600573529076669881483070348347606987138285516452680058331523878589497801197071375242	-1.1770260057352908
27	portfolio-pct	-1.38364655976496642489535073931818742750965110826170501296686755424806495964761725063658750	-1.3836465597649665
27	sorry-count-norm	-1.38364655978937293182932086241790410960171649842156436449728620402694109978671934078634874	-1.383646559789373
27	stack-pct	-1.38364655973445829123329657874954947319042701646883615644862902057111362118729037038666720	-1.3836465597344583
27	support-coverage	-1.38364655978937293182932086241790410960171649842156436449728620402694109978671934078634874	-1.383646559789373
27	ticks-firing-ratio	-1.38364655978937293182932086241790410960171649842156436449728620402694109978671934078634874	-1.383646559789373
28	active-repo-ratio	-1.38364655978937293182932086241790410960171649842156436449728620402694109978671934078634874	-1.383646559789373
28	annotation-health	-1.38364655978937293182932086241790410960171649842156436449728620402694109978671934078634874	-1.383646559789373
28	attack-coverage	-1.38364655978937293182932086241790410960171649842156436449728620402694109978671934078634874	-1.383646559789373
28	consulting-pct	-1.38364655978937293182932086241790410960171649842156436449728620402694109978671934078634874	-1.383646559789373
28	coupling-density	-1.38364655978937293182932086241790410960171649842156436449728620402694109978671934078634874	-1.383646559789373
28	depositing-signal	-1.38364655978937293182932086241790410960171649842156436449728620402694109978671934078634874	-1.383646559789373
28	loop-health	-1.38364061116992292656927244290735756453842954818865023879111257578521680263769649157075554	-1.3836406111699229
28	mathematics-pct	-1.38364655978327130509582833164297493907870015088159952661468154158222206475194381824890844	-1.3836465597832712
28	mission-health	-1.17702890720906085335817182918649822138751652663858901873750810311216089424861151250987898	-1.177028907209061
28	portfolio-pct	-1.38364655976496642489535073931818742750965110826170501296686755424806495964761725063658750	-1.3836465597649665
28	sorry-count-norm	-1.38364655978937293182932086241790410960171649842156436449728620402694109978671934078634874	-1.383646559789373
28	stack-pct	-1.38364655973445829123329657874954947319042701646883615644862902057111362118729037038666720	-1.3836465597344583
28	support-coverage	-1.38364655978937293182932086241790410960171649842156436449728620402694109978671934078634874	-1.383646559789373
28	ticks-firing-ratio	-1.38364655978937293182932086241790410960171649842156436449728620402694109978671934078634874	-1.383646559789373
29	active-repo-ratio	-1.38364655978937293182932086241790410960171649842156436449728620402694109978671934078634874	-1.383646559789373
29	annotation-health	-1.38364655978937293182932086241790410960171649842156436449728620402694109978671934078634874	-1.383646559789373
29	attack-coverage	-1.38364655978937293182932086241790410960171649842156436449728620402694109978671934078634874	-1.383646559789373
29	consulting-pct	-1.38364655978937293182932086241790410960171649842156436449728620402694109978671934078634874	-1.383646559789373
29	coupling-density	-1.38364655978937293182932086241790410960171649842156436449728620402694109978671934078634874	-1.383646559789373
29	depositing-signal	-1.38364655978937293182932086241790410960171649842156436449728620402694109978671934078634874	-1.383646559789373
29	loop-health	-1.38364061116992292656927244290735756453842954818865023879111257578521680263769649157075554	-1.3836406111699229
29	mathematics-pct	-1.38364655978327130509582833164297493907870015088159952661468154158222206475194381824890844	-1.3836465597832712
29	mission-health	-1.17706383958285723015542189899790803763514628205643922138588270454422450170856621162411810	-1.1770638395828572
29	portfolio-pct	-1.38364655976496642489535073931818742750965110826170501296686755424806495964761725063658750	-1.3836465597649665
29	sorry-count-norm	-1.38364655978937293182932086241790410960171649842156436449728620402694109978671934078634874	-1.383646559789373
29	stack-pct	-1.38364655973445829123329657874954947319042701646883615644862902057111362118729037038666720	-1.3836465597344583
29	support-coverage	-1.38364655978937293182932086241790410960171649842156436449728620402694109978671934078634874	-1.383646559789373
29	ticks-firing-ratio	-1.38364655978937293182932086241790410960171649842156436449728620402694109978671934078634874	-1.383646559789373
30	active-repo-ratio	-1.38364655978937293182932086241790410960171649842156436449728620402694109978671934078634874	-1.383646559789373
30	annotation-health	-1.38364655978937293182932086241790410960171649842156436449728620402694109978671934078634874	-1.383646559789373
30	attack-coverage	-1.38364655978937293182932086241790410960171649842156436449728620402694109978671934078634874	-1.383646559789373
30	consulting-pct	-1.38364655978937293182932086241790410960171649842156436449728620402694109978671934078634874	-1.383646559789373
30	coupling-density	-1.38364655978937293182932086241790410960171649842156436449728620402694109978671934078634874	-1.383646559789373
30	depositing-signal	-1.38364655978937293182932086241790410960171649842156436449728620402694109978671934078634874	-1.383646559789373
30	loop-health	-1.38364061116992292656927244290735756453842954818865023879111257578521680263769649157075554	-1.3836406111699229
30	mathematics-pct	-1.38364655978327130509582833164297493907870015088159952661468154158222206475194381824890844	-1.3836465597832712
30	mission-health	-1.17718486057023312200614652301710848760799331029813988127102566722826843427243210102151502	-1.177184860570233
30	portfolio-pct	-1.38364655976496642489535073931818742750965110826170501296686755424806495964761725063658750	-1.3836465597649665
30	sorry-count-norm	-1.38364655978937293182932086241790410960171649842156436449728620402694109978671934078634874	-1.383646559789373
30	stack-pct	-1.38364655973445829123329657874954947319042701646883615644862902057111362118729037038666720	-1.3836465597344583
30	support-coverage	-1.38364655978937293182932086241790410960171649842156436449728620402694109978671934078634874	-1.383646559789373
30	ticks-firing-ratio	-1.38364655978937293182932086241790410960171649842156436449728620402694109978671934078634874	-1.383646559789373
31	active-repo-ratio	-1.38364655978937293182932086241790410960171649842156436449728620402694109978671934078634874	-1.383646559789373
31	annotation-health	-1.38364655978937293182932086241790410960171649842156436449728620402694109978671934078634874	-1.383646559789373
31	attack-coverage	-1.38364655978937293182932086241790410960171649842156436449728620402694109978671934078634874	-1.383646559789373
31	consulting-pct	-1.38364655978937293182932086241790410960171649842156436449728620402694109978671934078634874	-1.383646559789373
31	coupling-density	-1.38364655978937293182932086241790410960171649842156436449728620402694109978671934078634874	-1.383646559789373
31	depositing-signal	-1.38364655978937293182932086241790410960171649842156436449728620402694109978671934078634874	-1.383646559789373
31	loop-health	-1.38364061116992292656927244290735756453842954818865023879111257578521680263769649157075554	-1.3836406111699229
31	mathematics-pct	-1.38364655978327130509582833164297493907870015088159952661468154158222206475194381824890844	-1.3836465597832712
31	mission-health	-1.17718731026448615386754404125250848334045939831624513098815664979386817270736750598783958	-1.177187310264486
31	portfolio-pct	-1.38364655976496642489535073931818742750965110826170501296686755424806495964761725063658750	-1.3836465597649665
31	sorry-count-norm	-1.38364655978937293182932086241790410960171649842156436449728620402694109978671934078634874	-1.383646559789373
31	stack-pct	-1.38364655973445829123329657874954947319042701646883615644862902057111362118729037038666720	-1.3836465597344583
31	support-coverage	-1.38364655978937293182932086241790410960171649842156436449728620402694109978671934078634874	-1.383646559789373
31	ticks-firing-ratio	-1.38364655978937293182932086241790410960171649842156436449728620402694109978671934078634874	-1.383646559789373
32	active-repo-ratio	-1.38364655978937293182932086241790410960171649842156436449728620402694109978671934078634874	-1.383646559789373
32	annotation-health	-1.38364655978937293182932086241790410960171649842156436449728620402694109978671934078634874	-1.383646559789373
32	attack-coverage	-1.38364655978937293182932086241790410960171649842156436449728620402694109978671934078634874	-1.383646559789373
32	consulting-pct	-1.38364655978937293182932086241790410960171649842156436449728620402694109978671934078634874	-1.383646559789373
32	coupling-density	-1.38364655978937293182932086241790410960171649842156436449728620402694109978671934078634874	-1.383646559789373
32	depositing-signal	-1.38364655978937293182932086241790410960171649842156436449728620402694109978671934078634874	-1.383646559789373
32	loop-health	-1.38364061116992292656927244290735756453842954818865023879111257578521680263769649157075554	-1.3836406111699229
32	mathematics-pct	-1.38364655978327130509582833164297493907870015088159952661468154158222206475194381824890844	-1.3836465597832712
32	mission-health	-1.17735200124249172450177382076499921831385379213212874267609566815076105422231683826908538	-1.1773520012424916
32	portfolio-pct	-1.38364655976496642489535073931818742750965110826170501296686755424806495964761725063658750	-1.3836465597649665
32	sorry-count-norm	-1.38364655978937293182932086241790410960171649842156436449728620402694109978671934078634874	-1.383646559789373
32	stack-pct	-1.38364655973445829123329657874954947319042701646883615644862902057111362118729037038666720	-1.3836465597344583
32	support-coverage	-1.38364655978937293182932086241790410960171649842156436449728620402694109978671934078634874	-1.383646559789373
32	ticks-firing-ratio	-1.38364655978937293182932086241790410960171649842156436449728620402694109978671934078634874	-1.383646559789373
33	active-repo-ratio	-1.38364655978937293182932086241790410960171649842156436449728620402694109978671934078634874	-1.383646559789373
33	annotation-health	-1.38364655978937293182932086241790410960171649842156436449728620402694109978671934078634874	-1.383646559789373
33	attack-coverage	-1.38364655978937293182932086241790410960171649842156436449728620402694109978671934078634874	-1.383646559789373
33	consulting-pct	-1.38364655978937293182932086241790410960171649842156436449728620402694109978671934078634874	-1.383646559789373
33	coupling-density	-1.38364655978937293182932086241790410960171649842156436449728620402694109978671934078634874	-1.383646559789373
33	depositing-signal	-1.38364655978937293182932086241790410960171649842156436449728620402694109978671934078634874	-1.383646559789373
33	loop-health	-1.38364061116992292656927244290735756453842954818865023879111257578521680263769649157075554	-1.3836406111699229
33	mathematics-pct	-1.38364655978327130509582833164297493907870015088159952661468154158222206475194381824890844	-1.3836465597832712
33	mission-health	-1.17739497294172112010503143871147568413745751646386211928161319259937328215600738021362371	-1.177394972941721
33	portfolio-pct	-1.38364655976496642489535073931818742750965110826170501296686755424806495964761725063658750	-1.3836465597649665
33	sorry-count-norm	-1.38364655978937293182932086241790410960171649842156436449728620402694109978671934078634874	-1.383646559789373
33	stack-pct	-1.38364655973445829123329657874954947319042701646883615644862902057111362118729037038666720	-1.3836465597344583
33	support-coverage	-1.38364655978937293182932086241790410960171649842156436449728620402694109978671934078634874	-1.383646559789373
33	ticks-firing-ratio	-1.38364655978937293182932086241790410960171649842156436449728620402694109978671934078634874	-1.383646559789373
34	active-repo-ratio	-1.38364655978937293182932086241790410960171649842156436449728620402694109978671934078634874	-1.383646559789373
34	annotation-health	-1.38364655978937293182932086241790410960171649842156436449728620402694109978671934078634874	-1.383646559789373
34	attack-coverage	-1.38364655978937293182932086241790410960171649842156436449728620402694109978671934078634874	-1.383646559789373
34	consulting-pct	-1.38364655978937293182932086241790410960171649842156436449728620402694109978671934078634874	-1.383646559789373
34	coupling-density	-1.38364655978937293182932086241790410960171649842156436449728620402694109978671934078634874	-1.383646559789373
34	depositing-signal	-1.38364655978937293182932086241790410960171649842156436449728620402694109978671934078634874	-1.383646559789373
34	loop-health	-1.38364061116992292656927244290735756453842954818865023879111257578521680263769649157075554	-1.3836406111699229
34	mathematics-pct	-1.38364655978327130509582833164297493907870015088159952661468154158222206475194381824890844	-1.3836465597832712
34	mission-health	-1.17744713976348674321152013600120811519976985394142793228789861613325702810190207951967005	-1.1774471397634867
34	portfolio-pct	-1.38364655976496642489535073931818742750965110826170501296686755424806495964761725063658750	-1.3836465597649665
34	sorry-count-norm	-1.38364655978937293182932086241790410960171649842156436449728620402694109978671934078634874	-1.383646559789373
34	stack-pct	-1.38364655973445829123329657874954947319042701646883615644862902057111362118729037038666720	-1.3836465597344583
34	support-coverage	-1.38364655978937293182932086241790410960171649842156436449728620402694109978671934078634874	-1.383646559789373
34	ticks-firing-ratio	-1.38364655978937293182932086241790410960171649842156436449728620402694109978671934078634874	-1.383646559789373
35	active-repo-ratio	-1.38364655978937293182932086241790410960171649842156436449728620402694109978671934078634874	-1.383646559789373
35	annotation-health	-1.38364655978937293182932086241790410960171649842156436449728620402694109978671934078634874	-1.383646559789373
35	attack-coverage	-1.38364655978937293182932086241790410960171649842156436449728620402694109978671934078634874	-1.383646559789373
35	consulting-pct	-1.38364655978937293182932086241790410960171649842156436449728620402694109978671934078634874	-1.383646559789373
35	coupling-density	-1.38364655978937293182932086241790410960171649842156436449728620402694109978671934078634874	-1.383646559789373
35	depositing-signal	-1.38364655978937293182932086241790410960171649842156436449728620402694109978671934078634874	-1.383646559789373
35	loop-health	-1.38364061116992292656927244290735756453842954818865023879111257578521680263769649157075554	-1.3836406111699229
35	mathematics-pct	-1.38364655978327130509582833164297493907870015088159952661468154158222206475194381824890844	-1.3836465597832712
35	mission-health	-1.17750126128283516097304814434866544900667355536715476521786907457631082268464124992992328	-1.177501261282835
35	portfolio-pct	-1.38364655976496642489535073931818742750965110826170501296686755424806495964761725063658750	-1.3836465597649665
35	sorry-count-norm	-1.38364655978937293182932086241790410960171649842156436449728620402694109978671934078634874	-1.383646559789373
35	stack-pct	-1.38364655973445829123329657874954947319042701646883615644862902057111362118729037038666720	-1.3836465597344583
35	support-coverage	-1.38364655978937293182932086241790410960171649842156436449728620402694109978671934078634874	-1.383646559789373
35	ticks-firing-ratio	-1.38364655978937293182932086241790410960171649842156436449728620402694109978671934078634874	-1.383646559789373
36	active-repo-ratio	-1.38364655978937293182932086241790410960171649842156436449728620402694109978671934078634874	-1.383646559789373
36	annotation-health	-1.38364655978937293182932086241790410960171649842156436449728620402694109978671934078634874	-1.383646559789373
36	attack-coverage	-1.38364655978937293182932086241790410960171649842156436449728620402694109978671934078634874	-1.383646559789373
36	consulting-pct	-1.38364655978937293182932086241790410960171649842156436449728620402694109978671934078634874	-1.383646559789373
36	coupling-density	-1.38364655978937293182932086241790410960171649842156436449728620402694109978671934078634874	-1.383646559789373
36	depositing-signal	-1.38364655978937293182932086241790410960171649842156436449728620402694109978671934078634874	-1.383646559789373
36	loop-health	-1.38364061116992292656927244290735756453842954818865023879111257578521680263769649157075554	-1.3836406111699229
36	mathematics-pct	-1.38364655978327130509582833164297493907870015088159952661468154158222206475194381824890844	-1.3836465597832712
36	mission-health	-1.17751998635492357499569343809578458226453480096282414651005350561826477753178069967093672	-1.1775199863549235
36	portfolio-pct	-1.38364655976496642489535073931818742750965110826170501296686755424806495964761725063658750	-1.3836465597649665
36	sorry-count-norm	-1.38364655978937293182932086241790410960171649842156436449728620402694109978671934078634874	-1.383646559789373
36	stack-pct	-1.38364655973445829123329657874954947319042701646883615644862902057111362118729037038666720	-1.3836465597344583
36	support-coverage	-1.38364655978937293182932086241790410960171649842156436449728620402694109978671934078634874	-1.383646559789373
36	ticks-firing-ratio	-1.38364655978937293182932086241790410960171649842156436449728620402694109978671934078634874	-1.383646559789373
37	active-repo-ratio	-1.38364655978937293182932086241790410960171649842156436449728620402694109978671934078634874	-1.383646559789373
37	annotation-health	-1.38364655978937293182932086241790410960171649842156436449728620402694109978671934078634874	-1.383646559789373
37	attack-coverage	-1.38364655978937293182932086241790410960171649842156436449728620402694109978671934078634874	-1.383646559789373
37	consulting-pct	-1.38364655978937293182932086241790410960171649842156436449728620402694109978671934078634874	-1.383646559789373
37	coupling-density	-1.38364655978937293182932086241790410960171649842156436449728620402694109978671934078634874	-1.383646559789373
37	depositing-signal	-1.38364655978937293182932086241790410960171649842156436449728620402694109978671934078634874	-1.383646559789373
37	loop-health	-1.38364061116992292656927244290735756453842954818865023879111257578521680263769649157075554	-1.3836406111699229
37	mathematics-pct	-1.38364655978327130509582833164297493907870015088159952661468154158222206475194381824890844	-1.3836465597832712
37	mission-health	-1.17761283903763650570642759225971713766836028593937158951660939758986898115016861317026928	-1.1776128390376366
37	portfolio-pct	-1.38364655976496642489535073931818742750965110826170501296686755424806495964761725063658750	-1.3836465597649665
37	sorry-count-norm	-1.38364655978937293182932086241790410960171649842156436449728620402694109978671934078634874	-1.383646559789373
37	stack-pct	-1.38364655973445829123329657874954947319042701646883615644862902057111362118729037038666720	-1.3836465597344583
37	support-coverage	-1.38364655978937293182932086241790410960171649842156436449728620402694109978671934078634874	-1.383646559789373
37	ticks-firing-ratio	-1.38364655978937293182932086241790410960171649842156436449728620402694109978671934078634874	-1.383646559789373
38	active-repo-ratio	-1.38364655978937293182932086241790410960171649842156436449728620402694109978671934078634874	-1.383646559789373
38	annotation-health	-1.38364655978937293182932086241790410960171649842156436449728620402694109978671934078634874	-1.383646559789373
38	attack-coverage	-1.38364655978937293182932086241790410960171649842156436449728620402694109978671934078634874	-1.383646559789373
38	consulting-pct	-1.38364655978937293182932086241790410960171649842156436449728620402694109978671934078634874	-1.383646559789373
38	coupling-density	-1.38364655978937293182932086241790410960171649842156436449728620402694109978671934078634874	-1.383646559789373
38	depositing-signal	-1.38364655978937293182932086241790410960171649842156436449728620402694109978671934078634874	-1.383646559789373
38	loop-health	-1.38364061116992292656927244290735756453842954818865023879111257578521680263769649157075554	-1.3836406111699229
38	mathematics-pct	-1.38364655978327130509582833164297493907870015088159952661468154158222206475194381824890844	-1.3836465597832712
38	mission-health	-1.17769985626496940293415410226826877683800380181597089305239907229185708718122263245463855	-1.1776998562649694
38	portfolio-pct	-1.38364655976496642489535073931818742750965110826170501296686755424806495964761725063658750	-1.3836465597649665
38	sorry-count-norm	-1.38364655978937293182932086241790410960171649842156436449728620402694109978671934078634874	-1.383646559789373
38	stack-pct	-1.38364655973445829123329657874954947319042701646883615644862902057111362118729037038666720	-1.3836465597344583
38	support-coverage	-1.38364655978937293182932086241790410960171649842156436449728620402694109978671934078634874	-1.383646559789373
38	ticks-firing-ratio	-1.38364655978937293182932086241790410960171649842156436449728620402694109978671934078634874	-1.383646559789373
39	active-repo-ratio	-1.38364655978937293182932086241790410960171649842156436449728620402694109978671934078634874	-1.383646559789373
39	annotation-health	-1.38364655978937293182932086241790410960171649842156436449728620402694109978671934078634874	-1.383646559789373
39	attack-coverage	-1.38364655978937293182932086241790410960171649842156436449728620402694109978671934078634874	-1.383646559789373
39	consulting-pct	-1.38364655978937293182932086241790410960171649842156436449728620402694109978671934078634874	-1.383646559789373
39	coupling-density	-1.38364655978937293182932086241790410960171649842156436449728620402694109978671934078634874	-1.383646559789373
39	depositing-signal	-1.38364655978937293182932086241790410960171649842156436449728620402694109978671934078634874	-1.383646559789373
39	loop-health	-1.38364061116992292656927244290735756453842954818865023879111257578521680263769649157075554	-1.3836406111699229
39	mathematics-pct	-1.38364655978327130509582833164297493907870015088159952661468154158222206475194381824890844	-1.3836465597832712
39	mission-health	-1.17772029537772288420492109384494475168981090897326345397436599335325648318535946872362128	-1.1777202953777228
39	portfolio-pct	-1.38364655976496642489535073931818742750965110826170501296686755424806495964761725063658750	-1.3836465597649665
39	sorry-count-norm	-1.38364655978937293182932086241790410960171649842156436449728620402694109978671934078634874	-1.383646559789373
39	stack-pct	-1.38364655973445829123329657874954947319042701646883615644862902057111362118729037038666720	-1.3836465597344583
39	support-coverage	-1.38364655978937293182932086241790410960171649842156436449728620402694109978671934078634874	-1.383646559789373
39	ticks-firing-ratio	-1.38364655978937293182932086241790410960171649842156436449728620402694109978671934078634874	-1.383646559789373
40	active-repo-ratio	-1.38364655978937293182932086241790410960171649842156436449728620402694109978671934078634874	-1.383646559789373
40	annotation-health	-1.38364655978937293182932086241790410960171649842156436449728620402694109978671934078634874	-1.383646559789373
40	attack-coverage	-1.38364655978937293182932086241790410960171649842156436449728620402694109978671934078634874	-1.383646559789373
40	consulting-pct	-1.38364655978937293182932086241790410960171649842156436449728620402694109978671934078634874	-1.383646559789373
40	coupling-density	-1.38364655978937293182932086241790410960171649842156436449728620402694109978671934078634874	-1.383646559789373
40	depositing-signal	-1.38364655978937293182932086241790410960171649842156436449728620402694109978671934078634874	-1.383646559789373
40	loop-health	-1.38364061116992292656927244290735756453842954818865023879111257578521680263769649157075554	-1.3836406111699229
40	mathematics-pct	-1.38364655978327130509582833164297493907870015088159952661468154158222206475194381824890844	-1.3836465597832712
40	mission-health	-1.17776548221522215389540990023880033729711444954203268421862950283525495438883494766841270	-1.1777654822152221
40	portfolio-pct	-1.38364655976496642489535073931818742750965110826170501296686755424806495964761725063658750	-1.3836465597649665
40	sorry-count-norm	-1.38364655978937293182932086241790410960171649842156436449728620402694109978671934078634874	-1.383646559789373
40	stack-pct	-1.38364655973445829123329657874954947319042701646883615644862902057111362118729037038666720	-1.3836465597344583
40	support-coverage	-1.38364655978937293182932086241790410960171649842156436449728620402694109978671934078634874	-1.383646559789373
40	ticks-firing-ratio	-1.38364655978937293182932086241790410960171649842156436449728620402694109978671934078634874	-1.383646559789373
41	active-repo-ratio	-1.38364655978937293182932086241790410960171649842156436449728620402694109978671934078634874	-1.383646559789373
41	annotation-health	-1.38364655978937293182932086241790410960171649842156436449728620402694109978671934078634874	-1.383646559789373
41	attack-coverage	-1.38364655978937293182932086241790410960171649842156436449728620402694109978671934078634874	-1.383646559789373
41	consulting-pct	-1.38364655978937293182932086241790410960171649842156436449728620402694109978671934078634874	-1.383646559789373
41	coupling-density	-1.38364655978937293182932086241790410960171649842156436449728620402694109978671934078634874	-1.383646559789373
41	depositing-signal	-1.38364655978937293182932086241790410960171649842156436449728620402694109978671934078634874	-1.383646559789373
41	loop-health	-1.38364061116992292656927244290735756453842954818865023879111257578521680263769649157075554	-1.3836406111699229
41	mathematics-pct	-1.38364655978327130509582833164297493907870015088159952661468154158222206475194381824890844	-1.3836465597832712
41	mission-health	-1.17779916106428004512026775553992466615287910219843904139303226874331442421825381917474030	-1.17779916106428
41	portfolio-pct	-1.38364655976496642489535073931818742750965110826170501296686755424806495964761725063658750	-1.3836465597649665
41	sorry-count-norm	-1.38364655978937293182932086241790410960171649842156436449728620402694109978671934078634874	-1.383646559789373
41	stack-pct	-1.38364655973445829123329657874954947319042701646883615644862902057111362118729037038666720	-1.3836465597344583
41	support-coverage	-1.38364655978937293182932086241790410960171649842156436449728620402694109978671934078634874	-1.383646559789373
41	ticks-firing-ratio	-1.38364655978937293182932086241790410960171649842156436449728620402694109978671934078634874	-1.383646559789373
42	active-repo-ratio	-1.38364655978937293182932086241790410960171649842156436449728620402694109978671934078634874	-1.383646559789373
42	annotation-health	-1.38364655978937293182932086241790410960171649842156436449728620402694109978671934078634874	-1.383646559789373
42	attack-coverage	-1.38364655978937293182932086241790410960171649842156436449728620402694109978671934078634874	-1.383646559789373
42	consulting-pct	-1.38364655978937293182932086241790410960171649842156436449728620402694109978671934078634874	-1.383646559789373
42	coupling-density	-1.38364655978937293182932086241790410960171649842156436449728620402694109978671934078634874	-1.383646559789373
42	depositing-signal	-1.38364655978937293182932086241790410960171649842156436449728620402694109978671934078634874	-1.383646559789373
42	loop-health	-1.38364061116992292656927244290735756453842954818865023879111257578521680263769649157075554	-1.3836406111699229
42	mathematics-pct	-1.38364655978327130509582833164297493907870015088159952661468154158222206475194381824890844	-1.3836465597832712
42	mission-health	-1.17784156096589241083303311255057737782063165452755071787974230042956347335441276189908900	-1.1778415609658923
42	portfolio-pct	-1.38364655976496642489535073931818742750965110826170501296686755424806495964761725063658750	-1.3836465597649665
42	sorry-count-norm	-1.38364655978937293182932086241790410960171649842156436449728620402694109978671934078634874	-1.383646559789373
42	stack-pct	-1.38364655973445829123329657874954947319042701646883615644862902057111362118729037038666720	-1.3836465597344583
42	support-coverage	-1.38364655978937293182932086241790410960171649842156436449728620402694109978671934078634874	-1.383646559789373
42	ticks-firing-ratio	-1.38364655978937293182932086241790410960171649842156436449728620402694109978671934078634874	-1.383646559789373
43	active-repo-ratio	-1.38364655978937293182932086241790410960171649842156436449728620402694109978671934078634874	-1.383646559789373
43	annotation-health	-1.38364655978937293182932086241790410960171649842156436449728620402694109978671934078634874	-1.383646559789373
43	attack-coverage	-1.38364655978937293182932086241790410960171649842156436449728620402694109978671934078634874	-1.383646559789373
43	consulting-pct	-1.38364655978937293182932086241790410960171649842156436449728620402694109978671934078634874	-1.383646559789373
43	coupling-density	-1.38364655978937293182932086241790410960171649842156436449728620402694109978671934078634874	-1.383646559789373
43	depositing-signal	-1.38364655978937293182932086241790410960171649842156436449728620402694109978671934078634874	-1.383646559789373
43	loop-health	-1.38364061116992292656927244290735756453842954818865023879111257578521680263769649157075554	-1.3836406111699229
43	mathematics-pct	-1.38364655978327130509582833164297493907870015088159952661468154158222206475194381824890844	-1.3836465597832712
43	mission-health	-1.17785489004305925467575478814344398811259351415291565522632460117902273024635430986722637	-1.1778548900430592
43	portfolio-pct	-1.38364655976496642489535073931818742750965110826170501296686755424806495964761725063658750	-1.3836465597649665
43	sorry-count-norm	-1.38364655978937293182932086241790410960171649842156436449728620402694109978671934078634874	-1.383646559789373
43	stack-pct	-1.38364655973445829123329657874954947319042701646883615644862902057111362118729037038666720	-1.3836465597344583
43	support-coverage	-1.38364655978937293182932086241790410960171649842156436449728620402694109978671934078634874	-1.383646559789373
43	ticks-firing-ratio	-1.38364655978937293182932086241790410960171649842156436449728620402694109978671934078634874	-1.383646559789373
44	active-repo-ratio	-1.38364655978937293182932086241790410960171649842156436449728620402694109978671934078634874	-1.383646559789373
44	annotation-health	-1.38364655978937293182932086241790410960171649842156436449728620402694109978671934078634874	-1.383646559789373
44	attack-coverage	-1.38364655978937293182932086241790410960171649842156436449728620402694109978671934078634874	-1.383646559789373
44	consulting-pct	-1.38364655978937293182932086241790410960171649842156436449728620402694109978671934078634874	-1.383646559789373
44	coupling-density	-1.38364655978937293182932086241790410960171649842156436449728620402694109978671934078634874	-1.383646559789373
44	depositing-signal	-1.38364655978937293182932086241790410960171649842156436449728620402694109978671934078634874	-1.383646559789373
44	loop-health	-1.38364061116992292656927244290735756453842954818865023879111257578521680263769649157075554	-1.3836406111699229
44	mathematics-pct	-1.38364655978327130509582833164297493907870015088159952661468154158222206475194381824890844	-1.3836465597832712
44	mission-health	-1.17789029259125381855256448379693987798959451399657828608089732572144280362640722908505248	-1.1778902925912538
44	portfolio-pct	-1.38364655976496642489535073931818742750965110826170501296686755424806495964761725063658750	-1.3836465597649665
44	sorry-count-norm	-1.38364655978937293182932086241790410960171649842156436449728620402694109978671934078634874	-1.383646559789373
44	stack-pct	-1.38364655973445829123329657874954947319042701646883615644862902057111362118729037038666720	-1.3836465597344583
44	support-coverage	-1.38364655978937293182932086241790410960171649842156436449728620402694109978671934078634874	-1.383646559789373
44	ticks-firing-ratio	-1.38364655978937293182932086241790410960171649842156436449728620402694109978671934078634874	-1.383646559789373
45	active-repo-ratio	-1.38364655978937293182932086241790410960171649842156436449728620402694109978671934078634874	-1.383646559789373
45	annotation-health	-1.38364655978937293182932086241790410960171649842156436449728620402694109978671934078634874	-1.383646559789373
45	attack-coverage	-1.38364655978937293182932086241790410960171649842156436449728620402694109978671934078634874	-1.383646559789373
45	consulting-pct	-1.38364655978937293182932086241790410960171649842156436449728620402694109978671934078634874	-1.383646559789373
45	coupling-density	-1.38364655978937293182932086241790410960171649842156436449728620402694109978671934078634874	-1.383646559789373
45	depositing-signal	-1.38364655978937293182932086241790410960171649842156436449728620402694109978671934078634874	-1.383646559789373
45	loop-health	-1.38364061116992292656927244290735756453842954818865023879111257578521680263769649157075554	-1.3836406111699229
45	mathematics-pct	-1.38364655978327130509582833164297493907870015088159952661468154158222206475194381824890844	-1.3836465597832712
45	mission-health	-1.17789029259125381855256448379693987798959451399657828608089732572144280362640722908505248	-1.1778902925912538
45	portfolio-pct	-1.38364655976496642489535073931818742750965110826170501296686755424806495964761725063658750	-1.3836465597649665
45	sorry-count-norm	-1.38364655978937293182932086241790410960171649842156436449728620402694109978671934078634874	-1.383646559789373
45	stack-pct	-1.38364655973445829123329657874954947319042701646883615644862902057111362118729037038666720	-1.3836465597344583
45	support-coverage	-1.38364655978937293182932086241790410960171649842156436449728620402694109978671934078634874	-1.383646559789373
45	ticks-firing-ratio	-1.38364655978937293182932086241790410960171649842156436449728620402694109978671934078634874	-1.383646559789373
46	active-repo-ratio	-1.38364655978937293182932086241790410960171649842156436449728620402694109978671934078634874	-1.383646559789373
46	annotation-health	-1.38364655978937293182932086241790410960171649842156436449728620402694109978671934078634874	-1.383646559789373
46	attack-coverage	-1.38364655978937293182932086241790410960171649842156436449728620402694109978671934078634874	-1.383646559789373
46	consulting-pct	-1.38364655978937293182932086241790410960171649842156436449728620402694109978671934078634874	-1.383646559789373
46	coupling-density	-1.38364655978937293182932086241790410960171649842156436449728620402694109978671934078634874	-1.383646559789373
46	depositing-signal	-1.38364655978937293182932086241790410960171649842156436449728620402694109978671934078634874	-1.383646559789373
46	loop-health	-1.38364061116992292656927244290735756453842954818865023879111257578521680263769649157075554	-1.3836406111699229
46	mathematics-pct	-1.38364655978327130509582833164297493907870015088159952661468154158222206475194381824890844	-1.3836465597832712
46	mission-health	-1.17791451231955135784773695977905610805630100329987325230278034931824487545090820821356898	-1.1779145123195514
46	portfolio-pct	-1.38364655976496642489535073931818742750965110826170501296686755424806495964761725063658750	-1.3836465597649665
46	sorry-count-norm	-1.38364655978937293182932086241790410960171649842156436449728620402694109978671934078634874	-1.383646559789373
46	stack-pct	-1.38364655973445829123329657874954947319042701646883615644862902057111362118729037038666720	-1.3836465597344583
46	support-coverage	-1.38364655978937293182932086241790410960171649842156436449728620402694109978671934078634874	-1.383646559789373
46	ticks-firing-ratio	-1.38364655978937293182932086241790410960171649842156436449728620402694109978671934078634874	-1.383646559789373
47	active-repo-ratio	-1.38364655978937293182932086241790410960171649842156436449728620402694109978671934078634874	-1.383646559789373
47	annotation-health	-1.38364655978937293182932086241790410960171649842156436449728620402694109978671934078634874	-1.383646559789373
47	attack-coverage	-1.38364655978937293182932086241790410960171649842156436449728620402694109978671934078634874	-1.383646559789373
47	consulting-pct	-1.38364655978937293182932086241790410960171649842156436449728620402694109978671934078634874	-1.383646559789373
47	coupling-density	-1.38364655978937293182932086241790410960171649842156436449728620402694109978671934078634874	-1.383646559789373
47	depositing-signal	-1.38364655978937293182932086241790410960171649842156436449728620402694109978671934078634874	-1.383646559789373
47	loop-health	-1.38364061116992292656927244290735756453842954818865023879111257578521680263769649157075554	-1.3836406111699229
47	mathematics-pct	-1.38364655978327130509582833164297493907870015088159952661468154158222206475194381824890844	-1.3836465597832712
47	mission-health	-1.17811114011247951937148548022129772713364009075782588585601300945213417283644847925538386	-1.1781111401124795
47	portfolio-pct	-1.38364655976496642489535073931818742750965110826170501296686755424806495964761725063658750	-1.3836465597649665
47	sorry-count-norm	-1.38364655978937293182932086241790410960171649842156436449728620402694109978671934078634874	-1.383646559789373
47	stack-pct	-1.38364655973445829123329657874954947319042701646883615644862902057111362118729037038666720	-1.3836465597344583
47	support-coverage	-1.38364655978937293182932086241790410960171649842156436449728620402694109978671934078634874	-1.383646559789373
47	ticks-firing-ratio	-1.38364655978937293182932086241790410960171649842156436449728620402694109978671934078634874	-1.383646559789373
48	active-repo-ratio	-1.38364655978937293182932086241790410960171649842156436449728620402694109978671934078634874	-1.383646559789373
48	annotation-health	-1.38364655978937293182932086241790410960171649842156436449728620402694109978671934078634874	-1.383646559789373
48	attack-coverage	-1.38364655978937293182932086241790410960171649842156436449728620402694109978671934078634874	-1.383646559789373
48	consulting-pct	-1.38364655978937293182932086241790410960171649842156436449728620402694109978671934078634874	-1.383646559789373
48	coupling-density	-1.38364655978937293182932086241790410960171649842156436449728620402694109978671934078634874	-1.383646559789373
48	depositing-signal	-1.38364655978937293182932086241790410960171649842156436449728620402694109978671934078634874	-1.383646559789373
48	loop-health	-1.38364061116992292656927244290735756453842954818865023879111257578521680263769649157075554	-1.3836406111699229
48	mathematics-pct	-1.38364655978327130509582833164297493907870015088159952661468154158222206475194381824890844	-1.3836465597832712
48	mission-health	-1.17821008492445564040054858775810779970278859818214304277216722468391375461983061855854555	-1.1782100849244557
48	portfolio-pct	-1.38364655976496642489535073931818742750965110826170501296686755424806495964761725063658750	-1.3836465597649665
48	sorry-count-norm	-1.38364655978937293182932086241790410960171649842156436449728620402694109978671934078634874	-1.383646559789373
48	stack-pct	-1.38364655973445829123329657874954947319042701646883615644862902057111362118729037038666720	-1.3836465597344583
48	support-coverage	-1.38364655978937293182932086241790410960171649842156436449728620402694109978671934078634874	-1.383646559789373
48	ticks-firing-ratio	-1.38364655978937293182932086241790410960171649842156436449728620402694109978671934078634874	-1.383646559789373
49	active-repo-ratio	-1.38364655978937293182932086241790410960171649842156436449728620402694109978671934078634874	-1.383646559789373
49	annotation-health	-1.38364655978937293182932086241790410960171649842156436449728620402694109978671934078634874	-1.383646559789373
49	attack-coverage	-1.38364655978937293182932086241790410960171649842156436449728620402694109978671934078634874	-1.383646559789373
49	consulting-pct	-1.38364655978937293182932086241790410960171649842156436449728620402694109978671934078634874	-1.383646559789373
49	coupling-density	-1.38364655978937293182932086241790410960171649842156436449728620402694109978671934078634874	-1.383646559789373
49	depositing-signal	-1.38364655978937293182932086241790410960171649842156436449728620402694109978671934078634874	-1.383646559789373
49	loop-health	-1.38364061116992292656927244290735756453842954818865023879111257578521680263769649157075554	-1.3836406111699229
49	mathematics-pct	-1.38364655978327130509582833164297493907870015088159952661468154158222206475194381824890844	-1.3836465597832712
49	mission-health	-1.17822466926488585498169881795661365355893689100638105565995107867011169449185970152232504	-1.178224669264886
49	portfolio-pct	-1.38364655976496642489535073931818742750965110826170501296686755424806495964761725063658750	-1.3836465597649665
49	sorry-count-norm	-1.38364655978937293182932086241790410960171649842156436449728620402694109978671934078634874	-1.383646559789373
49	stack-pct	-1.38364655973445829123329657874954947319042701646883615644862902057111362118729037038666720	-1.3836465597344583
49	support-coverage	-1.38364655978937293182932086241790410960171649842156436449728620402694109978671934078634874	-1.383646559789373
49	ticks-firing-ratio	-1.38364655978937293182932086241790410960171649842156436449728620402694109978671934078634874	-1.383646559789373
50	active-repo-ratio	-1.38364655978937293182932086241790410960171649842156436449728620402694109978671934078634874	-1.383646559789373
50	annotation-health	-1.38364655978937293182932086241790410960171649842156436449728620402694109978671934078634874	-1.383646559789373
50	attack-coverage	-1.38364655978937293182932086241790410960171649842156436449728620402694109978671934078634874	-1.383646559789373
50	consulting-pct	-1.38364655978937293182932086241790410960171649842156436449728620402694109978671934078634874	-1.383646559789373
50	coupling-density	-1.38364655978937293182932086241790410960171649842156436449728620402694109978671934078634874	-1.383646559789373
50	depositing-signal	-1.38364655978937293182932086241790410960171649842156436449728620402694109978671934078634874	-1.383646559789373
50	loop-health	-1.38364061116992292656927244290735756453842954818865023879111257578521680263769649157075554	-1.3836406111699229
50	mathematics-pct	-1.38364655978327130509582833164297493907870015088159952661468154158222206475194381824890844	-1.3836465597832712
50	mission-health	-1.17828672687670318900164376702899447256753890124411261639454433782636196548488902015034432	-1.1782867268767032
50	portfolio-pct	-1.38364655976496642489535073931818742750965110826170501296686755424806495964761725063658750	-1.3836465597649665
50	sorry-count-norm	-1.38364655978937293182932086241790410960171649842156436449728620402694109978671934078634874	-1.383646559789373
50	stack-pct	-1.38364655973445829123329657874954947319042701646883615644862902057111362118729037038666720	-1.3836465597344583
50	support-coverage	-1.38364655978937293182932086241790410960171649842156436449728620402694109978671934078634874	-1.383646559789373
50	ticks-firing-ratio	-1.38364655978937293182932086241790410960171649842156436449728620402694109978671934078634874	-1.383646559789373
51	active-repo-ratio	-1.38364655978937293182932086241790410960171649842156436449728620402694109978671934078634874	-1.383646559789373
51	annotation-health	-1.38364655978937293182932086241790410960171649842156436449728620402694109978671934078634874	-1.383646559789373
51	attack-coverage	-1.38364655978937293182932086241790410960171649842156436449728620402694109978671934078634874	-1.383646559789373
51	consulting-pct	-1.38364655978937293182932086241790410960171649842156436449728620402694109978671934078634874	-1.383646559789373
51	coupling-density	-1.38364655978937293182932086241790410960171649842156436449728620402694109978671934078634874	-1.383646559789373
51	depositing-signal	-1.38364655978937293182932086241790410960171649842156436449728620402694109978671934078634874	-1.383646559789373
51	loop-health	-1.38364061116992292656927244290735756453842954818865023879111257578521680263769649157075554	-1.3836406111699229
51	mathematics-pct	-1.38364655978327130509582833164297493907870015088159952661468154158222206475194381824890844	-1.3836465597832712
51	mission-health	-1.17829699938565055782942855936273322668431344317190347810847942973285115656876198978049329	-1.1782969993856505
51	portfolio-pct	-1.38364655976496642489535073931818742750965110826170501296686755424806495964761725063658750	-1.3836465597649665
51	sorry-count-norm	-1.38364655978937293182932086241790410960171649842156436449728620402694109978671934078634874	-1.383646559789373
51	stack-pct	-1.38364655973445829123329657874954947319042701646883615644862902057111362118729037038666720	-1.3836465597344583
51	support-coverage	-1.38364655978937293182932086241790410960171649842156436449728620402694109978671934078634874	-1.383646559789373
51	ticks-firing-ratio	-1.38364655978937293182932086241790410960171649842156436449728620402694109978671934078634874	-1.383646559789373
52	active-repo-ratio	-1.38364655978937293182932086241790410960171649842156436449728620402694109978671934078634874	-1.383646559789373
52	annotation-health	-1.38364655978937293182932086241790410960171649842156436449728620402694109978671934078634874	-1.383646559789373
52	attack-coverage	-1.38364655978937293182932086241790410960171649842156436449728620402694109978671934078634874	-1.383646559789373
52	consulting-pct	-1.38364655978937293182932086241790410960171649842156436449728620402694109978671934078634874	-1.383646559789373
52	coupling-density	-1.38364655978937293182932086241790410960171649842156436449728620402694109978671934078634874	-1.383646559789373
52	depositing-signal	-1.38364655978937293182932086241790410960171649842156436449728620402694109978671934078634874	-1.383646559789373
52	loop-health	-1.38364061116992292656927244290735756453842954818865023879111257578521680263769649157075554	-1.3836406111699229
52	mathematics-pct	-1.38364655978327130509582833164297493907870015088159952661468154158222206475194381824890844	-1.3836465597832712
52	mission-health	-1.17836023982219415826510035839054968207979132678757931022844265163971928741047590163611530	-1.1783602398221942
52	portfolio-pct	-1.38364655976496642489535073931818742750965110826170501296686755424806495964761725063658750	-1.3836465597649665
52	sorry-count-norm	-1.38364655978937293182932086241790410960171649842156436449728620402694109978671934078634874	-1.383646559789373
52	stack-pct	-1.38364655973445829123329657874954947319042701646883615644862902057111362118729037038666720	-1.3836465597344583
52	support-coverage	-1.38364655978937293182932086241790410960171649842156436449728620402694109978671934078634874	-1.383646559789373
52	ticks-firing-ratio	-1.38364655978937293182932086241790410960171649842156436449728620402694109978671934078634874	-1.383646559789373
53	active-repo-ratio	-1.38364655978937293182932086241790410960171649842156436449728620402694109978671934078634874	-1.383646559789373
53	annotation-health	-1.38364655978937293182932086241790410960171649842156436449728620402694109978671934078634874	-1.383646559789373
53	attack-coverage	-1.38364655978937293182932086241790410960171649842156436449728620402694109978671934078634874	-1.383646559789373
53	consulting-pct	-1.38364655978937293182932086241790410960171649842156436449728620402694109978671934078634874	-1.383646559789373
53	coupling-density	-1.38364655978937293182932086241790410960171649842156436449728620402694109978671934078634874	-1.383646559789373
53	depositing-signal	-1.38364655978937293182932086241790410960171649842156436449728620402694109978671934078634874	-1.383646559789373
53	loop-health	-1.38364061116992292656927244290735756453842954818865023879111257578521680263769649157075554	-1.3836406111699229
53	mathematics-pct	-1.38364655978327130509582833164297493907870015088159952661468154158222206475194381824890844	-1.3836465597832712
53	mission-health	-1.17837441287270812313796986545683067073412354765412865442162967456748819668320445439672006	-1.178374412872708
53	portfolio-pct	-1.38364655976496642489535073931818742750965110826170501296686755424806495964761725063658750	-1.3836465597649665
53	sorry-count-norm	-1.38364655978937293182932086241790410960171649842156436449728620402694109978671934078634874	-1.383646559789373
53	stack-pct	-1.38364655973445829123329657874954947319042701646883615644862902057111362118729037038666720	-1.3836465597344583
53	support-coverage	-1.38364655978937293182932086241790410960171649842156436449728620402694109978671934078634874	-1.383646559789373
53	ticks-firing-ratio	-1.38364655978937293182932086241790410960171649842156436449728620402694109978671934078634874	-1.383646559789373
54	active-repo-ratio	-1.38364655978937293182932086241790410960171649842156436449728620402694109978671934078634874	-1.383646559789373
54	annotation-health	-1.38364655978937293182932086241790410960171649842156436449728620402694109978671934078634874	-1.383646559789373
54	attack-coverage	-1.38364655978937293182932086241790410960171649842156436449728620402694109978671934078634874	-1.383646559789373
54	consulting-pct	-1.38364655978937293182932086241790410960171649842156436449728620402694109978671934078634874	-1.383646559789373
54	coupling-density	-1.38364655978937293182932086241790410960171649842156436449728620402694109978671934078634874	-1.383646559789373
54	depositing-signal	-1.38364655978937293182932086241790410960171649842156436449728620402694109978671934078634874	-1.383646559789373
54	loop-health	-1.38364061116992292656927244290735756453842954818865023879111257578521680263769649157075554	-1.3836406111699229
54	mathematics-pct	-1.38364655978327130509582833164297493907870015088159952661468154158222206475194381824890844	-1.3836465597832712
54	mission-health	-1.17847648326268340322934249670805207925662597287016436240611491419743003825600071644810664	-1.1784764832626835
54	portfolio-pct	-1.38364655976496642489535073931818742750965110826170501296686755424806495964761725063658750	-1.3836465597649665
54	sorry-count-norm	-1.38364655978937293182932086241790410960171649842156436449728620402694109978671934078634874	-1.383646559789373
54	stack-pct	-1.38364655973445829123329657874954947319042701646883615644862902057111362118729037038666720	-1.3836465597344583
54	support-coverage	-1.38364655978937293182932086241790410960171649842156436449728620402694109978671934078634874	-1.383646559789373
54	ticks-firing-ratio	-1.38364655978937293182932086241790410960171649842156436449728620402694109978671934078634874	-1.383646559789373
55	active-repo-ratio	-1.38364655978937293182932086241790410960171649842156436449728620402694109978671934078634874	-1.383646559789373
55	annotation-health	-1.38364655978937293182932086241790410960171649842156436449728620402694109978671934078634874	-1.383646559789373
55	attack-coverage	-1.38364655978937293182932086241790410960171649842156436449728620402694109978671934078634874	-1.383646559789373
55	consulting-pct	-1.38364655978937293182932086241790410960171649842156436449728620402694109978671934078634874	-1.383646559789373
55	coupling-density	-1.38364655978937293182932086241790410960171649842156436449728620402694109978671934078634874	-1.383646559789373
55	depositing-signal	-1.38364655978937293182932086241790410960171649842156436449728620402694109978671934078634874	-1.383646559789373
55	loop-health	-1.38364061116992292656927244290735756453842954818865023879111257578521680263769649157075554	-1.3836406111699229
55	mathematics-pct	-1.38364655978327130509582833164297493907870015088159952661468154158222206475194381824890844	-1.3836465597832712
55	mission-health	-1.17851986731426092922939035989808617433062237505580294743602981064449717830717608574064353	-1.178519867314261
55	portfolio-pct	-1.38364655976496642489535073931818742750965110826170501296686755424806495964761725063658750	-1.3836465597649665
55	sorry-count-norm	-1.38364655978937293182932086241790410960171649842156436449728620402694109978671934078634874	-1.383646559789373
55	stack-pct	-1.38364655973445829123329657874954947319042701646883615644862902057111362118729037038666720	-1.3836465597344583
55	support-coverage	-1.38364655978937293182932086241790410960171649842156436449728620402694109978671934078634874	-1.383646559789373
55	ticks-firing-ratio	-1.38364655978937293182932086241790410960171649842156436449728620402694109978671934078634874	-1.383646559789373
56	active-repo-ratio	-1.38364655978937293182932086241790410960171649842156436449728620402694109978671934078634874	-1.383646559789373
56	annotation-health	-1.38364655978937293182932086241790410960171649842156436449728620402694109978671934078634874	-1.383646559789373
56	attack-coverage	-1.38364655978937293182932086241790410960171649842156436449728620402694109978671934078634874	-1.383646559789373
56	consulting-pct	-1.38364655978937293182932086241790410960171649842156436449728620402694109978671934078634874	-1.383646559789373
56	coupling-density	-1.38364655978937293182932086241790410960171649842156436449728620402694109978671934078634874	-1.383646559789373
56	depositing-signal	-1.38364655978937293182932086241790410960171649842156436449728620402694109978671934078634874	-1.383646559789373
56	loop-health	-1.38364061116992292656927244290735756453842954818865023879111257578521680263769649157075554	-1.3836406111699229
56	mathematics-pct	-1.38364655978327130509582833164297493907870015088159952661468154158222206475194381824890844	-1.3836465597832712
56	mission-health	-1.17852967299708026102232436511874213733524175139409985303527739188981262377847171080959042	-1.1785296729970802
56	portfolio-pct	-1.38364655976496642489535073931818742750965110826170501296686755424806495964761725063658750	-1.3836465597649665
56	sorry-count-norm	-1.38364655978937293182932086241790410960171649842156436449728620402694109978671934078634874	-1.383646559789373
56	stack-pct	-1.38364655973445829123329657874954947319042701646883615644862902057111362118729037038666720	-1.3836465597344583
56	support-coverage	-1.38364655978937293182932086241790410960171649842156436449728620402694109978671934078634874	-1.383646559789373
56	ticks-firing-ratio	-1.38364655978937293182932086241790410960171649842156436449728620402694109978671934078634874	-1.383646559789373
57	active-repo-ratio	-1.38364655978937293182932086241790410960171649842156436449728620402694109978671934078634874	-1.383646559789373
57	annotation-health	-1.38364655978937293182932086241790410960171649842156436449728620402694109978671934078634874	-1.383646559789373
57	attack-coverage	-1.38364655978937293182932086241790410960171649842156436449728620402694109978671934078634874	-1.383646559789373
57	consulting-pct	-1.38364655978937293182932086241790410960171649842156436449728620402694109978671934078634874	-1.383646559789373
57	coupling-density	-1.38364655978937293182932086241790410960171649842156436449728620402694109978671934078634874	-1.383646559789373
57	depositing-signal	-1.38364655978937293182932086241790410960171649842156436449728620402694109978671934078634874	-1.383646559789373
57	loop-health	-1.38364061116992292656927244290735756453842954818865023879111257578521680263769649157075554	-1.3836406111699229
57	mathematics-pct	-1.38364655978327130509582833164297493907870015088159952661468154158222206475194381824890844	-1.3836465597832712
57	mission-health	-1.17858033818406907858226222148881623109998921638769777469989893032675495144300924531513144	-1.1785803381840692
57	portfolio-pct	-1.38364655976496642489535073931818742750965110826170501296686755424806495964761725063658750	-1.3836465597649665
57	sorry-count-norm	-1.38364655978937293182932086241790410960171649842156436449728620402694109978671934078634874	-1.383646559789373
57	stack-pct	-1.38364655973445829123329657874954947319042701646883615644862902057111362118729037038666720	-1.3836465597344583
57	support-coverage	-1.38364655978937293182932086241790410960171649842156436449728620402694109978671934078634874	-1.383646559789373
57	ticks-firing-ratio	-1.38364655978937293182932086241790410960171649842156436449728620402694109978671934078634874	-1.383646559789373
58	active-repo-ratio	-1.38364655978937293182932086241790410960171649842156436449728620402694109978671934078634874	-1.383646559789373
58	annotation-health	-1.38364655978937293182932086241790410960171649842156436449728620402694109978671934078634874	-1.383646559789373
58	attack-coverage	-1.38364655978937293182932086241790410960171649842156436449728620402694109978671934078634874	-1.383646559789373
58	consulting-pct	-1.38364655978937293182932086241790410960171649842156436449728620402694109978671934078634874	-1.383646559789373
58	coupling-density	-1.38364655978937293182932086241790410960171649842156436449728620402694109978671934078634874	-1.383646559789373
58	depositing-signal	-1.38364655978937293182932086241790410960171649842156436449728620402694109978671934078634874	-1.383646559789373
58	loop-health	-1.38364061116992292656927244290735756453842954818865023879111257578521680263769649157075554	-1.3836406111699229
58	mathematics-pct	-1.38364655978327130509582833164297493907870015088159952661468154158222206475194381824890844	-1.3836465597832712
58	mission-health	-1.17862086286122259192264578797490530871092392601003678483317553630426505061347829343982636	-1.1786208628612227
58	portfolio-pct	-1.38364655976496642489535073931818742750965110826170501296686755424806495964761725063658750	-1.3836465597649665
58	sorry-count-norm	-1.38364655978937293182932086241790410960171649842156436449728620402694109978671934078634874	-1.383646559789373
58	stack-pct	-1.38364655973445829123329657874954947319042701646883615644862902057111362118729037038666720	-1.3836465597344583
58	support-coverage	-1.38364655978937293182932086241790410960171649842156436449728620402694109978671934078634874	-1.383646559789373
58	ticks-firing-ratio	-1.38364655978937293182932086241790410960171649842156436449728620402694109978671934078634874	-1.383646559789373
59	active-repo-ratio	-1.38364655978937293182932086241790410960171649842156436449728620402694109978671934078634874	-1.383646559789373
59	annotation-health	-1.38364655978937293182932086241790410960171649842156436449728620402694109978671934078634874	-1.383646559789373
59	attack-coverage	-1.38364655978937293182932086241790410960171649842156436449728620402694109978671934078634874	-1.383646559789373
59	consulting-pct	-1.38364655978937293182932086241790410960171649842156436449728620402694109978671934078634874	-1.383646559789373
59	coupling-density	-1.38364655978937293182932086241790410960171649842156436449728620402694109978671934078634874	-1.383646559789373
59	depositing-signal	-1.38364655978937293182932086241790410960171649842156436449728620402694109978671934078634874	-1.383646559789373
59	loop-health	-1.38364061116992292656927244290735756453842954818865023879111257578521680263769649157075554	-1.3836406111699229
59	mathematics-pct	-1.38364655978327130509582833164297493907870015088159952661468154158222206475194381824890844	-1.3836465597832712
59	mission-health	-1.17870650621926068512408583811529441592323026794269861191886137771762847352483324357475579	-1.1787065062192608
59	portfolio-pct	-1.38364655976496642489535073931818742750965110826170501296686755424806495964761725063658750	-1.3836465597649665
59	sorry-count-norm	-1.38364655978937293182932086241790410960171649842156436449728620402694109978671934078634874	-1.383646559789373
59	stack-pct	-1.38364655973445829123329657874954947319042701646883615644862902057111362118729037038666720	-1.3836465597344583
59	support-coverage	-1.38364655978937293182932086241790410960171649842156436449728620402694109978671934078634874	-1.383646559789373
59	ticks-firing-ratio	-1.38364655978937293182932086241790410960171649842156436449728620402694109978671934078634874	-1.383646559789373
60	active-repo-ratio	-1.38364655978937293182932086241790410960171649842156436449728620402694109978671934078634874	-1.383646559789373
60	annotation-health	-1.38364655978937293182932086241790410960171649842156436449728620402694109978671934078634874	-1.383646559789373
60	attack-coverage	-1.38364655978937293182932086241790410960171649842156436449728620402694109978671934078634874	-1.383646559789373
60	consulting-pct	-1.38364655978937293182932086241790410960171649842156436449728620402694109978671934078634874	-1.383646559789373
60	coupling-density	-1.38364655978937293182932086241790410960171649842156436449728620402694109978671934078634874	-1.383646559789373
60	depositing-signal	-1.38364655978937293182932086241790410960171649842156436449728620402694109978671934078634874	-1.383646559789373
60	loop-health	-1.38364061116992292656927244290735756453842954818865023879111257578521680263769649157075554	-1.3836406111699229
60	mathematics-pct	-1.38364655978327130509582833164297493907870015088159952661468154158222206475194381824890844	-1.3836465597832712
60	mission-health	-1.17877570309963874547709517925528611161959367981518504208198600583396825948982127366689290	-1.1787757030996386
60	portfolio-pct	-1.38364655976496642489535073931818742750965110826170501296686755424806495964761725063658750	-1.3836465597649665
60	sorry-count-norm	-1.38364655978937293182932086241790410960171649842156436449728620402694109978671934078634874	-1.383646559789373
60	stack-pct	-1.38364655973445829123329657874954947319042701646883615644862902057111362118729037038666720	-1.3836465597344583
60	support-coverage	-1.38364655978937293182932086241790410960171649842156436449728620402694109978671934078634874	-1.383646559789373
60	ticks-firing-ratio	-1.38364655978937293182932086241790410960171649842156436449728620402694109978671934078634874	-1.383646559789373
61	active-repo-ratio	-1.38364655978937293182932086241790410960171649842156436449728620402694109978671934078634874	-1.383646559789373
61	annotation-health	-1.38364655978937293182932086241790410960171649842156436449728620402694109978671934078634874	-1.383646559789373
61	attack-coverage	-1.38364655978937293182932086241790410960171649842156436449728620402694109978671934078634874	-1.383646559789373
61	consulting-pct	-1.38364655978937293182932086241790410960171649842156436449728620402694109978671934078634874	-1.383646559789373
61	coupling-density	-1.38364655978937293182932086241790410960171649842156436449728620402694109978671934078634874	-1.383646559789373
61	depositing-signal	-1.38364655978937293182932086241790410960171649842156436449728620402694109978671934078634874	-1.383646559789373
61	loop-health	-1.38364061116992292656927244290735756453842954818865023879111257578521680263769649157075554	-1.3836406111699229
61	mathematics-pct	-1.38364655978327130509582833164297493907870015088159952661468154158222206475194381824890844	-1.3836465597832712
61	mission-health	-1.17880712682435427314164123320690451064672438709110185225853252592782941018243770861577314	-1.1788071268243543
61	portfolio-pct	-1.38364655976496642489535073931818742750965110826170501296686755424806495964761725063658750	-1.3836465597649665
61	sorry-count-norm	-1.38364655978937293182932086241790410960171649842156436449728620402694109978671934078634874	-1.383646559789373
61	stack-pct	-1.38364655973445829123329657874954947319042701646883615644862902057111362118729037038666720	-1.3836465597344583
61	support-coverage	-1.38364655978937293182932086241790410960171649842156436449728620402694109978671934078634874	-1.383646559789373
61	ticks-firing-ratio	-1.38364655978937293182932086241790410960171649842156436449728620402694109978671934078634874	-1.383646559789373
62	active-repo-ratio	-1.38364655978937293182932086241790410960171649842156436449728620402694109978671934078634874	-1.383646559789373
62	annotation-health	-1.38364655978937293182932086241790410960171649842156436449728620402694109978671934078634874	-1.383646559789373
62	attack-coverage	-1.38364655978937293182932086241790410960171649842156436449728620402694109978671934078634874	-1.383646559789373
62	consulting-pct	-1.38364655978937293182932086241790410960171649842156436449728620402694109978671934078634874	-1.383646559789373
62	coupling-density	-1.38364655978937293182932086241790410960171649842156436449728620402694109978671934078634874	-1.383646559789373
62	depositing-signal	-1.38364655978937293182932086241790410960171649842156436449728620402694109978671934078634874	-1.383646559789373
62	loop-health	-1.38364061116992292656927244290735756453842954818865023879111257578521680263769649157075554	-1.3836406111699229
62	mathematics-pct	-1.38364655978327130509582833164297493907870015088159952661468154158222206475194381824890844	-1.3836465597832712
62	mission-health	-1.17881448683728374577174710667868467428575193933784732351854410766049219372586753952691480	-1.1788144868372838
62	portfolio-pct	-1.38364655976496642489535073931818742750965110826170501296686755424806495964761725063658750	-1.3836465597649665
62	sorry-count-norm	-1.38364655978937293182932086241790410960171649842156436449728620402694109978671934078634874	-1.383646559789373
62	stack-pct	-1.38364655973445829123329657874954947319042701646883615644862902057111362118729037038666720	-1.3836465597344583
62	support-coverage	-1.38364655978937293182932086241790410960171649842156436449728620402694109978671934078634874	-1.383646559789373
62	ticks-firing-ratio	-1.38364655978937293182932086241790410960171649842156436449728620402694109978671934078634874	-1.383646559789373
63	active-repo-ratio	-1.38364655978937293182932086241790410960171649842156436449728620402694109978671934078634874	-1.383646559789373
63	annotation-health	-1.38364655978937293182932086241790410960171649842156436449728620402694109978671934078634874	-1.383646559789373
63	attack-coverage	-1.38364655978937293182932086241790410960171649842156436449728620402694109978671934078634874	-1.383646559789373
63	consulting-pct	-1.38364655978937293182932086241790410960171649842156436449728620402694109978671934078634874	-1.383646559789373
63	coupling-density	-1.38364655978937293182932086241790410960171649842156436449728620402694109978671934078634874	-1.383646559789373
63	depositing-signal	-1.38364655978937293182932086241790410960171649842156436449728620402694109978671934078634874	-1.383646559789373
63	loop-health	-1.38364061116992292656927244290735756453842954818865023879111257578521680263769649157075554	-1.3836406111699229
63	mathematics-pct	-1.38364655978327130509582833164297493907870015088159952661468154158222206475194381824890844	-1.3836465597832712
63	mission-health	-1.17887109029408293189909373703181999341821038439920779979501543770149264436021619182446168	-1.1788710902940829
63	portfolio-pct	-1.38364655976496642489535073931818742750965110826170501296686755424806495964761725063658750	-1.3836465597649665
63	sorry-count-norm	-1.38364655978937293182932086241790410960171649842156436449728620402694109978671934078634874	-1.383646559789373
63	stack-pct	-1.38364655973445829123329657874954947319042701646883615644862902057111362118729037038666720	-1.3836465597344583
63	support-coverage	-1.38364655978937293182932086241790410960171649842156436449728620402694109978671934078634874	-1.383646559789373
63	ticks-firing-ratio	-1.38364655978937293182932086241790410960171649842156436449728620402694109978671934078634874	-1.383646559789373
64	active-repo-ratio	-1.38364655978937293182932086241790410960171649842156436449728620402694109978671934078634874	-1.383646559789373
64	annotation-health	-1.38364655978937293182932086241790410960171649842156436449728620402694109978671934078634874	-1.383646559789373
64	attack-coverage	-1.38364655978937293182932086241790410960171649842156436449728620402694109978671934078634874	-1.383646559789373
64	consulting-pct	-1.38364655978937293182932086241790410960171649842156436449728620402694109978671934078634874	-1.383646559789373
64	coupling-density	-1.38364655978937293182932086241790410960171649842156436449728620402694109978671934078634874	-1.383646559789373
64	depositing-signal	-1.38364655978937293182932086241790410960171649842156436449728620402694109978671934078634874	-1.383646559789373
64	loop-health	-1.38364061116992292656927244290735756453842954818865023879111257578521680263769649157075554	-1.3836406111699229
64	mathematics-pct	-1.38364655978327130509582833164297493907870015088159952661468154158222206475194381824890844	-1.3836465597832712
64	mission-health	-1.17896430111292332667325188025983263301977299832369539056688945910373008919067636985418184	-1.1789643011129234
64	portfolio-pct	-1.38364655976496642489535073931818742750965110826170501296686755424806495964761725063658750	-1.3836465597649665
64	sorry-count-norm	-1.38364655978937293182932086241790410960171649842156436449728620402694109978671934078634874	-1.383646559789373
64	stack-pct	-1.38364655973445829123329657874954947319042701646883615644862902057111362118729037038666720	-1.3836465597344583
64	support-coverage	-1.38364655978937293182932086241790410960171649842156436449728620402694109978671934078634874	-1.383646559789373
64	ticks-firing-ratio	-1.38364655978937293182932086241790410960171649842156436449728620402694109978671934078634874	-1.383646559789373
65	active-repo-ratio	-1.38364655978937293182932086241790410960171649842156436449728620402694109978671934078634874	-1.383646559789373
65	annotation-health	-1.38364655978937293182932086241790410960171649842156436449728620402694109978671934078634874	-1.383646559789373
65	attack-coverage	-1.38364655978937293182932086241790410960171649842156436449728620402694109978671934078634874	-1.383646559789373
65	consulting-pct	-1.38364655978937293182932086241790410960171649842156436449728620402694109978671934078634874	-1.383646559789373
65	coupling-density	-1.38364655978937293182932086241790410960171649842156436449728620402694109978671934078634874	-1.383646559789373
65	depositing-signal	-1.38364655978937293182932086241790410960171649842156436449728620402694109978671934078634874	-1.383646559789373
65	loop-health	-1.38364061116992292656927244290735756453842954818865023879111257578521680263769649157075554	-1.3836406111699229
65	mathematics-pct	-1.38364655978327130509582833164297493907870015088159952661468154158222206475194381824890844	-1.3836465597832712
65	mission-health	-1.17897844806946648330822740311537377052854319792328718643080635624114079619400432626857786	-1.1789784480694665
65	portfolio-pct	-1.38364655976496642489535073931818742750965110826170501296686755424806495964761725063658750	-1.3836465597649665
65	sorry-count-norm	-1.38364655978937293182932086241790410960171649842156436449728620402694109978671934078634874	-1.383646559789373
65	stack-pct	-1.38364655973445829123329657874954947319042701646883615644862902057111362118729037038666720	-1.3836465597344583
65	support-coverage	-1.38364655978937293182932086241790410960171649842156436449728620402694109978671934078634874	-1.383646559789373
65	ticks-firing-ratio	-1.38364655978937293182932086241790410960171649842156436449728620402694109978671934078634874	-1.383646559789373
66	active-repo-ratio	-1.38364655978937293182932086241790410960171649842156436449728620402694109978671934078634874	-1.383646559789373
66	annotation-health	-1.38364655978937293182932086241790410960171649842156436449728620402694109978671934078634874	-1.383646559789373
66	attack-coverage	-1.38364655978937293182932086241790410960171649842156436449728620402694109978671934078634874	-1.383646559789373
66	consulting-pct	-1.38364655978937293182932086241790410960171649842156436449728620402694109978671934078634874	-1.383646559789373
66	coupling-density	-1.38364655978937293182932086241790410960171649842156436449728620402694109978671934078634874	-1.383646559789373
66	depositing-signal	-1.38364655978937293182932086241790410960171649842156436449728620402694109978671934078634874	-1.383646559789373
66	loop-health	-1.38364061116992292656927244290735756453842954818865023879111257578521680263769649157075554	-1.3836406111699229
66	mathematics-pct	-1.38364655978327130509582833164297493907870015088159952661468154158222206475194381824890844	-1.3836465597832712
66	mission-health	-1.17905706488940504506469331181600822836019720716886859004214713181046185535849935723061142	-1.179057064889405
66	portfolio-pct	-1.38364655976496642489535073931818742750965110826170501296686755424806495964761725063658750	-1.3836465597649665
66	sorry-count-norm	-1.38364655978937293182932086241790410960171649842156436449728620402694109978671934078634874	-1.383646559789373
66	stack-pct	-1.38364655973445829123329657874954947319042701646883615644862902057111362118729037038666720	-1.3836465597344583
66	support-coverage	-1.38364655978937293182932086241790410960171649842156436449728620402694109978671934078634874	-1.383646559789373
66	ticks-firing-ratio	-1.38364655978937293182932086241790410960171649842156436449728620402694109978671934078634874	-1.383646559789373
67	active-repo-ratio	-1.38364655978937293182932086241790410960171649842156436449728620402694109978671934078634874	-1.383646559789373
67	annotation-health	-1.38364655978937293182932086241790410960171649842156436449728620402694109978671934078634874	-1.383646559789373
67	attack-coverage	-1.38364655978937293182932086241790410960171649842156436449728620402694109978671934078634874	-1.383646559789373
67	consulting-pct	-1.38364655978937293182932086241790410960171649842156436449728620402694109978671934078634874	-1.383646559789373
67	coupling-density	-1.38364655978937293182932086241790410960171649842156436449728620402694109978671934078634874	-1.383646559789373
67	depositing-signal	-1.38364655978937293182932086241790410960171649842156436449728620402694109978671934078634874	-1.383646559789373
67	loop-health	-1.38364061116992292656927244290735756453842954818865023879111257578521680263769649157075554	-1.3836406111699229
67	mathematics-pct	-1.38364655978327130509582833164297493907870015088159952661468154158222206475194381824890844	-1.3836465597832712
67	mission-health	-1.17909148253105417803688654492756407195132093481895741443081332564930338691393829746593784	-1.1790914825310541
67	portfolio-pct	-1.38364655976496642489535073931818742750965110826170501296686755424806495964761725063658750	-1.3836465597649665
67	sorry-count-norm	-1.38364655978937293182932086241790410960171649842156436449728620402694109978671934078634874	-1.383646559789373
67	stack-pct	-1.38364655973445829123329657874954947319042701646883615644862902057111362118729037038666720	-1.3836465597344583
67	support-coverage	-1.38364655978937293182932086241790410960171649842156436449728620402694109978671934078634874	-1.383646559789373
67	ticks-firing-ratio	-1.38364655978937293182932086241790410960171649842156436449728620402694109978671934078634874	-1.383646559789373
68	active-repo-ratio	-1.38364655978937293182932086241790410960171649842156436449728620402694109978671934078634874	-1.383646559789373
68	annotation-health	-1.38364655978937293182932086241790410960171649842156436449728620402694109978671934078634874	-1.383646559789373
68	attack-coverage	-1.38364655978937293182932086241790410960171649842156436449728620402694109978671934078634874	-1.383646559789373
68	consulting-pct	-1.38364655978937293182932086241790410960171649842156436449728620402694109978671934078634874	-1.383646559789373
68	coupling-density	-1.38364655978937293182932086241790410960171649842156436449728620402694109978671934078634874	-1.383646559789373
68	depositing-signal	-1.38364655978937293182932086241790410960171649842156436449728620402694109978671934078634874	-1.383646559789373
68	loop-health	-1.38364061116992292656927244290735756453842954818865023879111257578521680263769649157075554	-1.3836406111699229
68	mathematics-pct	-1.38364655978327130509582833164297493907870015088159952661468154158222206475194381824890844	-1.3836465597832712
68	mission-health	-1.17928151547127161873020997310008291530327950780454394897772656009850425162584739733491708	-1.1792815154712717
68	portfolio-pct	-1.38364655976496642489535073931818742750965110826170501296686755424806495964761725063658750	-1.3836465597649665
68	sorry-count-norm	-1.38364655978937293182932086241790410960171649842156436449728620402694109978671934078634874	-1.383646559789373
68	stack-pct	-1.38364655973445829123329657874954947319042701646883615644862902057111362118729037038666720	-1.3836465597344583
68	support-coverage	-1.38364655978937293182932086241790410960171649842156436449728620402694109978671934078634874	-1.383646559789373
68	ticks-firing-ratio	-1.38364655978937293182932086241790410960171649842156436449728620402694109978671934078634874	-1.383646559789373
69	active-repo-ratio	-1.38364655978937293182932086241790410960171649842156436449728620402694109978671934078634874	-1.383646559789373
69	annotation-health	-1.38364655978937293182932086241790410960171649842156436449728620402694109978671934078634874	-1.383646559789373
69	attack-coverage	-1.38364655978937293182932086241790410960171649842156436449728620402694109978671934078634874	-1.383646559789373
69	consulting-pct	-1.38364655978937293182932086241790410960171649842156436449728620402694109978671934078634874	-1.383646559789373
69	coupling-density	-1.38364655978937293182932086241790410960171649842156436449728620402694109978671934078634874	-1.383646559789373
69	depositing-signal	-1.38364655978937293182932086241790410960171649842156436449728620402694109978671934078634874	-1.383646559789373
69	loop-health	-1.38364061116992292656927244290735756453842954818865023879111257578521680263769649157075554	-1.3836406111699229
69	mathematics-pct	-1.38364655978327130509582833164297493907870015088159952661468154158222206475194381824890844	-1.3836465597832712
69	mission-health	-1.17936472333300995413414646843710340506436008375885731307124435130444855662619232692323940	-1.17936472333301
69	portfolio-pct	-1.38364655976496642489535073931818742750965110826170501296686755424806495964761725063658750	-1.3836465597649665
69	sorry-count-norm	-1.38364655978937293182932086241790410960171649842156436449728620402694109978671934078634874	-1.383646559789373
69	stack-pct	-1.38364655973445829123329657874954947319042701646883615644862902057111362118729037038666720	-1.3836465597344583
69	support-coverage	-1.38364655978937293182932086241790410960171649842156436449728620402694109978671934078634874	-1.383646559789373
69	ticks-firing-ratio	-1.38364655978937293182932086241790410960171649842156436449728620402694109978671934078634874	-1.383646559789373
70	active-repo-ratio	-1.38364655978937293182932086241790410960171649842156436449728620402694109978671934078634874	-1.383646559789373
70	annotation-health	-1.38364655978937293182932086241790410960171649842156436449728620402694109978671934078634874	-1.383646559789373
70	attack-coverage	-1.38364655978937293182932086241790410960171649842156436449728620402694109978671934078634874	-1.383646559789373
70	consulting-pct	-1.38364655978937293182932086241790410960171649842156436449728620402694109978671934078634874	-1.383646559789373
70	coupling-density	-1.38364655978937293182932086241790410960171649842156436449728620402694109978671934078634874	-1.383646559789373
70	depositing-signal	-1.38364655978937293182932086241790410960171649842156436449728620402694109978671934078634874	-1.383646559789373
70	loop-health	-1.38364061116992292656927244290735756453842954818865023879111257578521680263769649157075554	-1.3836406111699229
70	mathematics-pct	-1.38364655978327130509582833164297493907870015088159952661468154158222206475194381824890844	-1.3836465597832712
70	mission-health	-1.17947329710996976656601091544603516885111601444173252696289132711870804626835024244867605	-1.1794732971099697
70	portfolio-pct	-1.38364655976496642489535073931818742750965110826170501296686755424806495964761725063658750	-1.3836465597649665
70	sorry-count-norm	-1.38364655978937293182932086241790410960171649842156436449728620402694109978671934078634874	-1.383646559789373
70	stack-pct	-1.38364655973445829123329657874954947319042701646883615644862902057111362118729037038666720	-1.3836465597344583
70	support-coverage	-1.38364655978937293182932086241790410960171649842156436449728620402694109978671934078634874	-1.383646559789373
70	ticks-firing-ratio	-1.38364655978937293182932086241790410960171649842156436449728620402694109978671934078634874	-1.383646559789373
71	active-repo-ratio	-1.38364655978937293182932086241790410960171649842156436449728620402694109978671934078634874	-1.383646559789373
71	annotation-health	-1.38364655978937293182932086241790410960171649842156436449728620402694109978671934078634874	-1.383646559789373
71	attack-coverage	-1.38364655978937293182932086241790410960171649842156436449728620402694109978671934078634874	-1.383646559789373
71	consulting-pct	-1.38364655978937293182932086241790410960171649842156436449728620402694109978671934078634874	-1.383646559789373
71	coupling-density	-1.38364655978937293182932086241790410960171649842156436449728620402694109978671934078634874	-1.383646559789373
71	depositing-signal	-1.38364655978937293182932086241790410960171649842156436449728620402694109978671934078634874	-1.383646559789373
71	loop-health	-1.38364061116992292656927244290735756453842954818865023879111257578521680263769649157075554	-1.3836406111699229
71	mathematics-pct	-1.38364655978327130509582833164297493907870015088159952661468154158222206475194381824890844	-1.3836465597832712
71	mission-health	-1.17976177634015094452235761192605145258239619117625400730744268519245859304490041209809274	-1.179761776340151
71	portfolio-pct	-1.38364655976496642489535073931818742750965110826170501296686755424806495964761725063658750	-1.3836465597649665
71	sorry-count-norm	-1.38364655978937293182932086241790410960171649842156436449728620402694109978671934078634874	-1.383646559789373
71	stack-pct	-1.38364655973445829123329657874954947319042701646883615644862902057111362118729037038666720	-1.3836465597344583
71	support-coverage	-1.38364655978937293182932086241790410960171649842156436449728620402694109978671934078634874	-1.383646559789373
71	ticks-firing-ratio	-1.38364655978937293182932086241790410960171649842156436449728620402694109978671934078634874	-1.383646559789373
72	active-repo-ratio	-1.38364655978937293182932086241790410960171649842156436449728620402694109978671934078634874	-1.383646559789373
72	annotation-health	-1.38364655978937293182932086241790410960171649842156436449728620402694109978671934078634874	-1.383646559789373
72	attack-coverage	-1.38364655978937293182932086241790410960171649842156436449728620402694109978671934078634874	-1.383646559789373
72	consulting-pct	-1.38364655978937293182932086241790410960171649842156436449728620402694109978671934078634874	-1.383646559789373
72	coupling-density	-1.38364655978937293182932086241790410960171649842156436449728620402694109978671934078634874	-1.383646559789373
72	depositing-signal	-1.38364655978937293182932086241790410960171649842156436449728620402694109978671934078634874	-1.383646559789373
72	loop-health	-1.38364061116992292656927244290735756453842954818865023879111257578521680263769649157075554	-1.3836406111699229
72	mathematics-pct	-1.38364655978327130509582833164297493907870015088159952661468154158222206475194381824890844	-1.3836465597832712
72	mission-health	-1.17983282706757068558761522943981995294628701053542027116760856534981303522139797700558344	-1.1798328270675706
72	portfolio-pct	-1.38364655976496642489535073931818742750965110826170501296686755424806495964761725063658750	-1.3836465597649665
72	sorry-count-norm	-1.38364655978937293182932086241790410960171649842156436449728620402694109978671934078634874	-1.383646559789373
72	stack-pct	-1.38364655973445829123329657874954947319042701646883615644862902057111362118729037038666720	-1.3836465597344583
72	support-coverage	-1.38364655978937293182932086241790410960171649842156436449728620402694109978671934078634874	-1.383646559789373
72	ticks-firing-ratio	-1.38364655978937293182932086241790410960171649842156436449728620402694109978671934078634874	-1.383646559789373
73	active-repo-ratio	-1.38364655978937293182932086241790410960171649842156436449728620402694109978671934078634874	-1.383646559789373
73	annotation-health	-1.38364655978937293182932086241790410960171649842156436449728620402694109978671934078634874	-1.383646559789373
73	attack-coverage	-1.38364655978937293182932086241790410960171649842156436449728620402694109978671934078634874	-1.383646559789373
73	consulting-pct	-1.38364655978937293182932086241790410960171649842156436449728620402694109978671934078634874	-1.383646559789373
73	coupling-density	-1.38364655978937293182932086241790410960171649842156436449728620402694109978671934078634874	-1.383646559789373
73	depositing-signal	-1.38364655978937293182932086241790410960171649842156436449728620402694109978671934078634874	-1.383646559789373
73	loop-health	-1.38364061116992292656927244290735756453842954818865023879111257578521680263769649157075554	-1.3836406111699229
73	mathematics-pct	-1.38364655978327130509582833164297493907870015088159952661468154158222206475194381824890844	-1.3836465597832712
73	mission-health	-1.18048200573529076996819959361964509058231027057870992896628414955837046302019617791335130	-1.1804820057352907
73	portfolio-pct	-1.38364655976496642489535073931818742750965110826170501296686755424806495964761725063658750	-1.3836465597649665
73	sorry-count-norm	-1.38364655978937293182932086241790410960171649842156436449728620402694109978671934078634874	-1.383646559789373
73	stack-pct	-1.38364655973445829123329657874954947319042701646883615644862902057111362118729037038666720	-1.3836465597344583
73	support-coverage	-1.38364655978937293182932086241790410960171649842156436449728620402694109978671934078634874	-1.383646559789373
73	ticks-firing-ratio	-1.38364655978937293182932086241790410960171649842156436449728620402694109978671934078634874	-1.383646559789373
74	active-repo-ratio	-1.38364655978937293182932086241790410960171649842156436449728620402694109978671934078634874	-1.383646559789373
74	annotation-health	-1.38364655978937293182932086241790410960171649842156436449728620402694109978671934078634874	-1.383646559789373
74	attack-coverage	-1.38364655978937293182932086241790410960171649842156436449728620402694109978671934078634874	-1.383646559789373
74	consulting-pct	-1.38364655978937293182932086241790410960171649842156436449728620402694109978671934078634874	-1.383646559789373
74	coupling-density	-1.38364655978937293182932086241790410960171649842156436449728620402694109978671934078634874	-1.383646559789373
74	depositing-signal	-1.38364655978937293182932086241790410960171649842156436449728620402694109978671934078634874	-1.383646559789373
74	loop-health	-1.38364061116992292656927244290735756453842954818865023879111257578521680263769649157075554	-1.3836406111699229
74	mathematics-pct	-1.38364655978327130509582833164297493907870015088159952661468154158222206475194381824890844	-1.3836465597832712
74	mission-health	-1.18048200573529076996819959361964509058231027057870992896628414955837046302019617791335130	-1.1804820057352907
74	portfolio-pct	-1.38364655976496642489535073931818742750965110826170501296686755424806495964761725063658750	-1.3836465597649665
74	sorry-count-norm	-1.38364655978937293182932086241790410960171649842156436449728620402694109978671934078634874	-1.383646559789373
74	stack-pct	-1.38364655973445829123329657874954947319042701646883615644862902057111362118729037038666720	-1.3836465597344583
74	support-coverage	-1.38364655978937293182932086241790410960171649842156436449728620402694109978671934078634874	-1.383646559789373
74	ticks-firing-ratio	-1.38364655978937293182932086241790410960171649842156436449728620402694109978671934078634874	-1.383646559789373
75	active-repo-ratio	-1.38364655978937293182932086241790410960171649842156436449728620402694109978671934078634874	-1.383646559789373
75	annotation-health	-1.38364655978937293182932086241790410960171649842156436449728620402694109978671934078634874	-1.383646559789373
75	attack-coverage	-1.38364655978937293182932086241790410960171649842156436449728620402694109978671934078634874	-1.383646559789373
75	consulting-pct	-1.38364655978937293182932086241790410960171649842156436449728620402694109978671934078634874	-1.383646559789373
75	coupling-density	-1.38364655978937293182932086241790410960171649842156436449728620402694109978671934078634874	-1.383646559789373
75	depositing-signal	-1.38364655978937293182932086241790410960171649842156436449728620402694109978671934078634874	-1.383646559789373
75	loop-health	-1.38364061116992292656927244290735756453842954818865023879111257578521680263769649157075554	-1.3836406111699229
75	mathematics-pct	-1.38364655978327130509582833164297493907870015088159952661468154158222206475194381824890844	-1.3836465597832712
75	mission-health	-1.18048200573529076996819959361964509058231027057870992896628414955837046302019617791335130	-1.1804820057352907
75	portfolio-pct	-1.38364655976496642489535073931818742750965110826170501296686755424806495964761725063658750	-1.3836465597649665
75	sorry-count-norm	-1.38364655978937293182932086241790410960171649842156436449728620402694109978671934078634874	-1.383646559789373
75	stack-pct	-1.38364655973445829123329657874954947319042701646883615644862902057111362118729037038666720	-1.3836465597344583
75	support-coverage	-1.38364655978937293182932086241790410960171649842156436449728620402694109978671934078634874	-1.383646559789373
75	ticks-firing-ratio	-1.38364655978937293182932086241790410960171649842156436449728620402694109978671934078634874	-1.383646559789373
76	active-repo-ratio	-1.38364655978937293182932086241790410960171649842156436449728620402694109978671934078634874	-1.383646559789373
76	annotation-health	-1.38364655978937293182932086241790410960171649842156436449728620402694109978671934078634874	-1.383646559789373
76	attack-coverage	-1.38364655978937293182932086241790410960171649842156436449728620402694109978671934078634874	-1.383646559789373
76	consulting-pct	-1.38364655978937293182932086241790410960171649842156436449728620402694109978671934078634874	-1.383646559789373
76	coupling-density	-1.38364655978937293182932086241790410960171649842156436449728620402694109978671934078634874	-1.383646559789373
76	depositing-signal	-1.38364655978937293182932086241790410960171649842156436449728620402694109978671934078634874	-1.383646559789373
76	loop-health	-1.38364061116992292656927244290735756453842954818865023879111257578521680263769649157075554	-1.3836406111699229
76	mathematics-pct	-1.38364655978327130509582833164297493907870015088159952661468154158222206475194381824890844	-1.3836465597832712
76	mission-health	-1.18048200573529076996819959361964509058231027057870992896628414955837046302019617791335130	-1.1804820057352907
76	portfolio-pct	-1.38364655976496642489535073931818742750965110826170501296686755424806495964761725063658750	-1.3836465597649665
76	sorry-count-norm	-1.38364655978937293182932086241790410960171649842156436449728620402694109978671934078634874	-1.383646559789373
76	stack-pct	-1.38364655973445829123329657874954947319042701646883615644862902057111362118729037038666720	-1.3836465597344583
76	support-coverage	-1.38364655978937293182932086241790410960171649842156436449728620402694109978671934078634874	-1.383646559789373
76	ticks-firing-ratio	-1.38364655978937293182932086241790410960171649842156436449728620402694109978671934078634874	-1.383646559789373
77	active-repo-ratio	-1.38364655978937293182932086241790410960171649842156436449728620402694109978671934078634874	-1.383646559789373
77	annotation-health	-1.38364655978937293182932086241790410960171649842156436449728620402694109978671934078634874	-1.383646559789373
77	attack-coverage	-1.38364655978937293182932086241790410960171649842156436449728620402694109978671934078634874	-1.383646559789373
77	consulting-pct	-1.38364655978937293182932086241790410960171649842156436449728620402694109978671934078634874	-1.383646559789373
77	coupling-density	-1.38364655978937293182932086241790410960171649842156436449728620402694109978671934078634874	-1.383646559789373
77	depositing-signal	-1.38364655978937293182932086241790410960171649842156436449728620402694109978671934078634874	-1.383646559789373
77	loop-health	-1.38364061116992292656927244290735756453842954818865023879111257578521680263769649157075554	-1.3836406111699229
77	mathematics-pct	-1.38364655978327130509582833164297493907870015088159952661468154158222206475194381824890844	-1.3836465597832712
77	mission-health	-1.18048200573529076996819959361964509058231027057870992896628414955837046302019617791335130	-1.1804820057352907
77	portfolio-pct	-1.38364655976496642489535073931818742750965110826170501296686755424806495964761725063658750	-1.3836465597649665
77	sorry-count-norm	-1.38364655978937293182932086241790410960171649842156436449728620402694109978671934078634874	-1.383646559789373
77	stack-pct	-1.38364655973445829123329657874954947319042701646883615644862902057111362118729037038666720	-1.3836465597344583
77	support-coverage	-1.38364655978937293182932086241790410960171649842156436449728620402694109978671934078634874	-1.383646559789373
77	ticks-firing-ratio	-1.38364655978937293182932086241790410960171649842156436449728620402694109978671934078634874	-1.383646559789373
78	active-repo-ratio	-1.38364655978937293182932086241790410960171649842156436449728620402694109978671934078634874	-1.383646559789373
78	annotation-health	-1.38364655978937293182932086241790410960171649842156436449728620402694109978671934078634874	-1.383646559789373
78	attack-coverage	-1.38364655978937293182932086241790410960171649842156436449728620402694109978671934078634874	-1.383646559789373
78	consulting-pct	-1.38364655978937293182932086241790410960171649842156436449728620402694109978671934078634874	-1.383646559789373
78	coupling-density	-1.38364655978937293182932086241790410960171649842156436449728620402694109978671934078634874	-1.383646559789373
78	depositing-signal	-1.38364655978937293182932086241790410960171649842156436449728620402694109978671934078634874	-1.383646559789373
78	loop-health	-1.38364061116992292656927244290735756453842954818865023879111257578521680263769649157075554	-1.3836406111699229
78	mathematics-pct	-1.38364655978327130509582833164297493907870015088159952661468154158222206475194381824890844	-1.3836465597832712
78	mission-health	-1.18048200573529076996819959361964509058231027057870992896628414955837046302019617791335130	-1.1804820057352907
78	portfolio-pct	-1.38364655976496642489535073931818742750965110826170501296686755424806495964761725063658750	-1.3836465597649665
78	sorry-count-norm	-1.38364655978937293182932086241790410960171649842156436449728620402694109978671934078634874	-1.383646559789373
78	stack-pct	-1.38364655973445829123329657874954947319042701646883615644862902057111362118729037038666720	-1.3836465597344583
78	support-coverage	-1.38364655978937293182932086241790410960171649842156436449728620402694109978671934078634874	-1.383646559789373
78	ticks-firing-ratio	-1.38364655978937293182932086241790410960171649842156436449728620402694109978671934078634874	-1.383646559789373
79	active-repo-ratio	-1.38364655978937293182932086241790410960171649842156436449728620402694109978671934078634874	-1.383646559789373
79	annotation-health	-1.38364655978937293182932086241790410960171649842156436449728620402694109978671934078634874	-1.383646559789373
79	attack-coverage	-1.38364655978937293182932086241790410960171649842156436449728620402694109978671934078634874	-1.383646559789373
79	consulting-pct	-1.38364655978937293182932086241790410960171649842156436449728620402694109978671934078634874	-1.383646559789373
79	coupling-density	-1.38364655978937293182932086241790410960171649842156436449728620402694109978671934078634874	-1.383646559789373
79	depositing-signal	-1.38364655978937293182932086241790410960171649842156436449728620402694109978671934078634874	-1.383646559789373
79	loop-health	-1.38364061116992292656927244290735756453842954818865023879111257578521680263769649157075554	-1.3836406111699229
79	mathematics-pct	-1.38364655978327130509582833164297493907870015088159952661468154158222206475194381824890844	-1.3836465597832712
79	mission-health	-1.18048200573529076996819959361964509058231027057870992896628414955837046302019617791335130	-1.1804820057352907
79	portfolio-pct	-1.38364655976496642489535073931818742750965110826170501296686755424806495964761725063658750	-1.3836465597649665
79	sorry-count-norm	-1.38364655978937293182932086241790410960171649842156436449728620402694109978671934078634874	-1.383646559789373
79	stack-pct	-1.38364655973445829123329657874954947319042701646883615644862902057111362118729037038666720	-1.3836465597344583
79	support-coverage	-1.38364655978937293182932086241790410960171649842156436449728620402694109978671934078634874	-1.383646559789373
79	ticks-firing-ratio	-1.38364655978937293182932086241790410960171649842156436449728620402694109978671934078634874	-1.383646559789373
80	active-repo-ratio	-1.38364655978937293182932086241790410960171649842156436449728620402694109978671934078634874	-1.383646559789373
80	annotation-health	-1.38364655978937293182932086241790410960171649842156436449728620402694109978671934078634874	-1.383646559789373
80	attack-coverage	-1.38364655978937293182932086241790410960171649842156436449728620402694109978671934078634874	-1.383646559789373
80	consulting-pct	-1.38364655978937293182932086241790410960171649842156436449728620402694109978671934078634874	-1.383646559789373
80	coupling-density	-1.38364655978937293182932086241790410960171649842156436449728620402694109978671934078634874	-1.383646559789373
80	depositing-signal	-1.38364655978937293182932086241790410960171649842156436449728620402694109978671934078634874	-1.383646559789373
80	loop-health	-1.38364061116992292656927244290735756453842954818865023879111257578521680263769649157075554	-1.3836406111699229
80	mathematics-pct	-1.38364655978327130509582833164297493907870015088159952661468154158222206475194381824890844	-1.3836465597832712
80	mission-health	-1.18048200573529076996819959361964509058231027057870992896628414955837046302019617791335130	-1.1804820057352907
80	portfolio-pct	-1.38364655976496642489535073931818742750965110826170501296686755424806495964761725063658750	-1.3836465597649665
80	sorry-count-norm	-1.38364655978937293182932086241790410960171649842156436449728620402694109978671934078634874	-1.383646559789373
80	stack-pct	-1.38364655973445829123329657874954947319042701646883615644862902057111362118729037038666720	-1.3836465597344583
80	support-coverage	-1.38364655978937293182932086241790410960171649842156436449728620402694109978671934078634874	-1.383646559789373
80	ticks-firing-ratio	-1.38364655978937293182932086241790410960171649842156436449728620402694109978671934078634874	-1.383646559789373
81	active-repo-ratio	-1.38364655978937293182932086241790410960171649842156436449728620402694109978671934078634874	-1.383646559789373
81	annotation-health	-1.38364655978937293182932086241790410960171649842156436449728620402694109978671934078634874	-1.383646559789373
81	attack-coverage	-1.38364655978937293182932086241790410960171649842156436449728620402694109978671934078634874	-1.383646559789373
81	consulting-pct	-1.38364655978937293182932086241790410960171649842156436449728620402694109978671934078634874	-1.383646559789373
81	coupling-density	-1.38364655978937293182932086241790410960171649842156436449728620402694109978671934078634874	-1.383646559789373
81	depositing-signal	-1.38364655978937293182932086241790410960171649842156436449728620402694109978671934078634874	-1.383646559789373
81	loop-health	-1.38364061116992292656927244290735756453842954818865023879111257578521680263769649157075554	-1.3836406111699229
81	mathematics-pct	-1.38364655978327130509582833164297493907870015088159952661468154158222206475194381824890844	-1.3836465597832712
81	mission-health	-1.18048200573529076996819959361964509058231027057870992896628414955837046302019617791335130	-1.1804820057352907
81	portfolio-pct	-1.38364655976496642489535073931818742750965110826170501296686755424806495964761725063658750	-1.3836465597649665
81	sorry-count-norm	-1.38364655978937293182932086241790410960171649842156436449728620402694109978671934078634874	-1.383646559789373
81	stack-pct	-1.38364655973445829123329657874954947319042701646883615644862902057111362118729037038666720	-1.3836465597344583
81	support-coverage	-1.38364655978937293182932086241790410960171649842156436449728620402694109978671934078634874	-1.383646559789373
81	ticks-firing-ratio	-1.38364655978937293182932086241790410960171649842156436449728620402694109978671934078634874	-1.383646559789373
82	active-repo-ratio	-1.38364655978937293182932086241790410960171649842156436449728620402694109978671934078634874	-1.383646559789373
82	annotation-health	-1.38364655978937293182932086241790410960171649842156436449728620402694109978671934078634874	-1.383646559789373
82	attack-coverage	-1.38364655978937293182932086241790410960171649842156436449728620402694109978671934078634874	-1.383646559789373
82	consulting-pct	-1.38364655978937293182932086241790410960171649842156436449728620402694109978671934078634874	-1.383646559789373
82	coupling-density	-1.38364655978937293182932086241790410960171649842156436449728620402694109978671934078634874	-1.383646559789373
82	depositing-signal	-1.38364655978937293182932086241790410960171649842156436449728620402694109978671934078634874	-1.383646559789373
82	loop-health	-1.38364061116992292656927244290735756453842954818865023879111257578521680263769649157075554	-1.3836406111699229
82	mathematics-pct	-1.38364655978327130509582833164297493907870015088159952661468154158222206475194381824890844	-1.3836465597832712
82	mission-health	-1.18048200573529076996819959361964509058231027057870992896628414955837046302019617791335130	-1.1804820057352907
82	portfolio-pct	-1.38364655976496642489535073931818742750965110826170501296686755424806495964761725063658750	-1.3836465597649665
82	sorry-count-norm	-1.38364655978937293182932086241790410960171649842156436449728620402694109978671934078634874	-1.383646559789373
82	stack-pct	-1.38364655973445829123329657874954947319042701646883615644862902057111362118729037038666720	-1.3836465597344583
82	support-coverage	-1.38364655978937293182932086241790410960171649842156436449728620402694109978671934078634874	-1.383646559789373
82	ticks-firing-ratio	-1.38364655978937293182932086241790410960171649842156436449728620402694109978671934078634874	-1.383646559789373
83	active-repo-ratio	-1.38364655978937293182932086241790410960171649842156436449728620402694109978671934078634874	-1.383646559789373
83	annotation-health	-1.38364655978937293182932086241790410960171649842156436449728620402694109978671934078634874	-1.383646559789373
83	attack-coverage	-1.38364655978937293182932086241790410960171649842156436449728620402694109978671934078634874	-1.383646559789373
83	consulting-pct	-1.38364655978937293182932086241790410960171649842156436449728620402694109978671934078634874	-1.383646559789373
83	coupling-density	-1.38364655978937293182932086241790410960171649842156436449728620402694109978671934078634874	-1.383646559789373
83	depositing-signal	-1.38364655978937293182932086241790410960171649842156436449728620402694109978671934078634874	-1.383646559789373
83	loop-health	-1.38364061116992292656927244290735756453842954818865023879111257578521680263769649157075554	-1.3836406111699229
83	mathematics-pct	-1.38364655978327130509582833164297493907870015088159952661468154158222206475194381824890844	-1.3836465597832712
83	mission-health	-1.18048200573529076996819959361964509058231027057870992896628414955837046302019617791335130	-1.1804820057352907
83	portfolio-pct	-1.38364655976496642489535073931818742750965110826170501296686755424806495964761725063658750	-1.3836465597649665
83	sorry-count-norm	-1.38364655978937293182932086241790410960171649842156436449728620402694109978671934078634874	-1.383646559789373
83	stack-pct	-1.38364655973445829123329657874954947319042701646883615644862902057111362118729037038666720	-1.3836465597344583
83	support-coverage	-1.38364655978937293182932086241790410960171649842156436449728620402694109978671934078634874	-1.383646559789373
83	ticks-firing-ratio	-1.38364655978937293182932086241790410960171649842156436449728620402694109978671934078634874	-1.383646559789373
84	active-repo-ratio	-1.38364655978937293182932086241790410960171649842156436449728620402694109978671934078634874	-1.383646559789373
84	annotation-health	-1.38364655978937293182932086241790410960171649842156436449728620402694109978671934078634874	-1.383646559789373
84	attack-coverage	-1.38364655978937293182932086241790410960171649842156436449728620402694109978671934078634874	-1.383646559789373
84	consulting-pct	-1.38364655978937293182932086241790410960171649842156436449728620402694109978671934078634874	-1.383646559789373
84	coupling-density	-1.38364655978937293182932086241790410960171649842156436449728620402694109978671934078634874	-1.383646559789373
84	depositing-signal	-1.38364655978937293182932086241790410960171649842156436449728620402694109978671934078634874	-1.383646559789373
84	loop-health	-1.38364061116992292656927244290735756453842954818865023879111257578521680263769649157075554	-1.3836406111699229
84	mathematics-pct	-1.38364655978327130509582833164297493907870015088159952661468154158222206475194381824890844	-1.3836465597832712
84	mission-health	-1.18048200573529076996819959361964509058231027057870992896628414955837046302019617791335130	-1.1804820057352907
84	portfolio-pct	-1.38364655976496642489535073931818742750965110826170501296686755424806495964761725063658750	-1.3836465597649665
84	sorry-count-norm	-1.38364655978937293182932086241790410960171649842156436449728620402694109978671934078634874	-1.383646559789373
84	stack-pct	-1.38364655973445829123329657874954947319042701646883615644862902057111362118729037038666720	-1.3836465597344583
84	support-coverage	-1.38364655978937293182932086241790410960171649842156436449728620402694109978671934078634874	-1.383646559789373
84	ticks-firing-ratio	-1.38364655978937293182932086241790410960171649842156436449728620402694109978671934078634874	-1.383646559789373
85	active-repo-ratio	-1.38364655978937293182932086241790410960171649842156436449728620402694109978671934078634874	-1.383646559789373
85	annotation-health	-1.38364655978937293182932086241790410960171649842156436449728620402694109978671934078634874	-1.383646559789373
85	attack-coverage	-1.38364655978937293182932086241790410960171649842156436449728620402694109978671934078634874	-1.383646559789373
85	consulting-pct	-1.38364655978937293182932086241790410960171649842156436449728620402694109978671934078634874	-1.383646559789373
85	coupling-density	-1.38364655978937293182932086241790410960171649842156436449728620402694109978671934078634874	-1.383646559789373
85	depositing-signal	-1.38364655978937293182932086241790410960171649842156436449728620402694109978671934078634874	-1.383646559789373
85	loop-health	-1.38364061116992292656927244290735756453842954818865023879111257578521680263769649157075554	-1.3836406111699229
85	mathematics-pct	-1.38364655978327130509582833164297493907870015088159952661468154158222206475194381824890844	-1.3836465597832712
85	mission-health	-1.18048200573529076996819959361964509058231027057870992896628414955837046302019617791335130	-1.1804820057352907
85	portfolio-pct	-1.38364655976496642489535073931818742750965110826170501296686755424806495964761725063658750	-1.3836465597649665
85	sorry-count-norm	-1.38364655978937293182932086241790410960171649842156436449728620402694109978671934078634874	-1.383646559789373
85	stack-pct	-1.38364655973445829123329657874954947319042701646883615644862902057111362118729037038666720	-1.3836465597344583
85	support-coverage	-1.38364655978937293182932086241790410960171649842156436449728620402694109978671934078634874	-1.383646559789373
85	ticks-firing-ratio	-1.38364655978937293182932086241790410960171649842156436449728620402694109978671934078634874	-1.383646559789373
86	active-repo-ratio	-1.38364655978937293182932086241790410960171649842156436449728620402694109978671934078634874	-1.383646559789373
86	annotation-health	-1.38364655978937293182932086241790410960171649842156436449728620402694109978671934078634874	-1.383646559789373
86	attack-coverage	-1.38364655978937293182932086241790410960171649842156436449728620402694109978671934078634874	-1.383646559789373
86	consulting-pct	-1.38364655978937293182932086241790410960171649842156436449728620402694109978671934078634874	-1.383646559789373
86	coupling-density	-1.38364655978937293182932086241790410960171649842156436449728620402694109978671934078634874	-1.383646559789373
86	depositing-signal	-1.38364655978937293182932086241790410960171649842156436449728620402694109978671934078634874	-1.383646559789373
86	loop-health	-1.38364061116992292656927244290735756453842954818865023879111257578521680263769649157075554	-1.3836406111699229
86	mathematics-pct	-1.38364655978327130509582833164297493907870015088159952661468154158222206475194381824890844	-1.3836465597832712
86	mission-health	-1.18048200573529076996819959361964509058231027057870992896628414955837046302019617791335130	-1.1804820057352907
86	portfolio-pct	-1.38364655976496642489535073931818742750965110826170501296686755424806495964761725063658750	-1.3836465597649665
86	sorry-count-norm	-1.38364655978937293182932086241790410960171649842156436449728620402694109978671934078634874	-1.383646559789373
86	stack-pct	-1.38364655973445829123329657874954947319042701646883615644862902057111362118729037038666720	-1.3836465597344583
86	support-coverage	-1.38364655978937293182932086241790410960171649842156436449728620402694109978671934078634874	-1.383646559789373
86	ticks-firing-ratio	-1.38364655978937293182932086241790410960171649842156436449728620402694109978671934078634874	-1.383646559789373
87	active-repo-ratio	-1.38364655978937293182932086241790410960171649842156436449728620402694109978671934078634874	-1.383646559789373
87	annotation-health	-1.38364655978937293182932086241790410960171649842156436449728620402694109978671934078634874	-1.383646559789373
87	attack-coverage	-1.38364655978937293182932086241790410960171649842156436449728620402694109978671934078634874	-1.383646559789373
87	consulting-pct	-1.38364655978937293182932086241790410960171649842156436449728620402694109978671934078634874	-1.383646559789373
87	coupling-density	-1.38364655978937293182932086241790410960171649842156436449728620402694109978671934078634874	-1.383646559789373
87	depositing-signal	-1.38364655978937293182932086241790410960171649842156436449728620402694109978671934078634874	-1.383646559789373
87	loop-health	-1.38364061116992292656927244290735756453842954818865023879111257578521680263769649157075554	-1.3836406111699229
87	mathematics-pct	-1.38364655978327130509582833164297493907870015088159952661468154158222206475194381824890844	-1.3836465597832712
87	mission-health	-1.18048200573529076996819959361964509058231027057870992896628414955837046302019617791335130	-1.1804820057352907
87	portfolio-pct	-1.38364655976496642489535073931818742750965110826170501296686755424806495964761725063658750	-1.3836465597649665
87	sorry-count-norm	-1.38364655978937293182932086241790410960171649842156436449728620402694109978671934078634874	-1.383646559789373
87	stack-pct	-1.38364655973445829123329657874954947319042701646883615644862902057111362118729037038666720	-1.3836465597344583
87	support-coverage	-1.38364655978937293182932086241790410960171649842156436449728620402694109978671934078634874	-1.383646559789373
87	ticks-firing-ratio	-1.38364655978937293182932086241790410960171649842156436449728620402694109978671934078634874	-1.383646559789373
88	active-repo-ratio	-1.38364655978937293182932086241790410960171649842156436449728620402694109978671934078634874	-1.383646559789373
88	annotation-health	-1.38364655978937293182932086241790410960171649842156436449728620402694109978671934078634874	-1.383646559789373
88	attack-coverage	-1.38364655978937293182932086241790410960171649842156436449728620402694109978671934078634874	-1.383646559789373
88	consulting-pct	-1.38364655978937293182932086241790410960171649842156436449728620402694109978671934078634874	-1.383646559789373
88	coupling-density	-1.38364655978937293182932086241790410960171649842156436449728620402694109978671934078634874	-1.383646559789373
88	depositing-signal	-1.38364655978937293182932086241790410960171649842156436449728620402694109978671934078634874	-1.383646559789373
88	loop-health	-1.38364061116992292656927244290735756453842954818865023879111257578521680263769649157075554	-1.3836406111699229
88	mathematics-pct	-1.38364655978327130509582833164297493907870015088159952661468154158222206475194381824890844	-1.3836465597832712
88	mission-health	-1.18048200573529076996819959361964509058231027057870992896628414955837046302019617791335130	-1.1804820057352907
88	portfolio-pct	-1.38364655976496642489535073931818742750965110826170501296686755424806495964761725063658750	-1.3836465597649665
88	sorry-count-norm	-1.38364655978937293182932086241790410960171649842156436449728620402694109978671934078634874	-1.383646559789373
88	stack-pct	-1.38364655973445829123329657874954947319042701646883615644862902057111362118729037038666720	-1.3836465597344583
88	support-coverage	-1.38364655978937293182932086241790410960171649842156436449728620402694109978671934078634874	-1.383646559789373
88	ticks-firing-ratio	-1.38364655978937293182932086241790410960171649842156436449728620402694109978671934078634874	-1.383646559789373
89	active-repo-ratio	-1.38364655978937293182932086241790410960171649842156436449728620402694109978671934078634874	-1.383646559789373
89	annotation-health	-1.38364655978937293182932086241790410960171649842156436449728620402694109978671934078634874	-1.383646559789373
89	attack-coverage	-1.38364655978937293182932086241790410960171649842156436449728620402694109978671934078634874	-1.383646559789373
89	consulting-pct	-1.38364655978937293182932086241790410960171649842156436449728620402694109978671934078634874	-1.383646559789373
89	coupling-density	-1.38364655978937293182932086241790410960171649842156436449728620402694109978671934078634874	-1.383646559789373
89	depositing-signal	-1.38364655978937293182932086241790410960171649842156436449728620402694109978671934078634874	-1.383646559789373
89	loop-health	-1.38364061116992292656927244290735756453842954818865023879111257578521680263769649157075554	-1.3836406111699229
89	mathematics-pct	-1.38364655978327130509582833164297493907870015088159952661468154158222206475194381824890844	-1.3836465597832712
89	mission-health	-1.18048200573529076996819959361964509058231027057870992896628414955837046302019617791335130	-1.1804820057352907
89	portfolio-pct	-1.38364655976496642489535073931818742750965110826170501296686755424806495964761725063658750	-1.3836465597649665
89	sorry-count-norm	-1.38364655978937293182932086241790410960171649842156436449728620402694109978671934078634874	-1.383646559789373
89	stack-pct	-1.38364655973445829123329657874954947319042701646883615644862902057111362118729037038666720	-1.3836465597344583
89	support-coverage	-1.38364655978937293182932086241790410960171649842156436449728620402694109978671934078634874	-1.383646559789373
89	ticks-firing-ratio	-1.38364655978937293182932086241790410960171649842156436449728620402694109978671934078634874	-1.383646559789373
90	active-repo-ratio	-1.38364655978937293182932086241790410960171649842156436449728620402694109978671934078634874	-1.383646559789373
90	annotation-health	-1.38364655978937293182932086241790410960171649842156436449728620402694109978671934078634874	-1.383646559789373
90	attack-coverage	-1.38364655978937293182932086241790410960171649842156436449728620402694109978671934078634874	-1.383646559789373
90	consulting-pct	-1.38364655978937293182932086241790410960171649842156436449728620402694109978671934078634874	-1.383646559789373
90	coupling-density	-1.38364655978937293182932086241790410960171649842156436449728620402694109978671934078634874	-1.383646559789373
90	depositing-signal	-1.38364655978937293182932086241790410960171649842156436449728620402694109978671934078634874	-1.383646559789373
90	loop-health	-1.38364061116992292656927244290735756453842954818865023879111257578521680263769649157075554	-1.3836406111699229
90	mathematics-pct	-1.38364655978327130509582833164297493907870015088159952661468154158222206475194381824890844	-1.3836465597832712
90	mission-health	-1.18048200573529076996819959361964509058231027057870992896628414955837046302019617791335130	-1.1804820057352907
90	portfolio-pct	-1.38364655976496642489535073931818742750965110826170501296686755424806495964761725063658750	-1.3836465597649665
90	sorry-count-norm	-1.38364655978937293182932086241790410960171649842156436449728620402694109978671934078634874	-1.383646559789373
90	stack-pct	-1.38364655973445829123329657874954947319042701646883615644862902057111362118729037038666720	-1.3836465597344583
90	support-coverage	-1.38364655978937293182932086241790410960171649842156436449728620402694109978671934078634874	-1.383646559789373
90	ticks-firing-ratio	-1.38364655978937293182932086241790410960171649842156436449728620402694109978671934078634874	-1.383646559789373
91	active-repo-ratio	-1.38364655978937293182932086241790410960171649842156436449728620402694109978671934078634874	-1.383646559789373
91	annotation-health	-1.38364655978937293182932086241790410960171649842156436449728620402694109978671934078634874	-1.383646559789373
91	attack-coverage	-1.38364655978937293182932086241790410960171649842156436449728620402694109978671934078634874	-1.383646559789373
91	consulting-pct	-1.38364655978937293182932086241790410960171649842156436449728620402694109978671934078634874	-1.383646559789373
91	coupling-density	-1.38364655978937293182932086241790410960171649842156436449728620402694109978671934078634874	-1.383646559789373
91	depositing-signal	-1.38364655978937293182932086241790410960171649842156436449728620402694109978671934078634874	-1.383646559789373
91	loop-health	-1.38364061116992292656927244290735756453842954818865023879111257578521680263769649157075554	-1.3836406111699229
91	mathematics-pct	-1.38364655978327130509582833164297493907870015088159952661468154158222206475194381824890844	-1.3836465597832712
91	mission-health	-1.18048200573529076996819959361964509058231027057870992896628414955837046302019617791335130	-1.1804820057352907
91	portfolio-pct	-1.38364655976496642489535073931818742750965110826170501296686755424806495964761725063658750	-1.3836465597649665
91	sorry-count-norm	-1.38364655978937293182932086241790410960171649842156436449728620402694109978671934078634874	-1.383646559789373
91	stack-pct	-1.38364655973445829123329657874954947319042701646883615644862902057111362118729037038666720	-1.3836465597344583
91	support-coverage	-1.38364655978937293182932086241790410960171649842156436449728620402694109978671934078634874	-1.383646559789373
91	ticks-firing-ratio	-1.38364655978937293182932086241790410960171649842156436449728620402694109978671934078634874	-1.383646559789373
92	active-repo-ratio	-1.38364655978937293182932086241790410960171649842156436449728620402694109978671934078634874	-1.383646559789373
92	annotation-health	-1.38364655978937293182932086241790410960171649842156436449728620402694109978671934078634874	-1.383646559789373
92	attack-coverage	-1.38364655978937293182932086241790410960171649842156436449728620402694109978671934078634874	-1.383646559789373
92	consulting-pct	-1.38364655978937293182932086241790410960171649842156436449728620402694109978671934078634874	-1.383646559789373
92	coupling-density	-1.38364655978937293182932086241790410960171649842156436449728620402694109978671934078634874	-1.383646559789373
92	depositing-signal	-1.38364655978937293182932086241790410960171649842156436449728620402694109978671934078634874	-1.383646559789373
92	loop-health	-1.38364061116992292656927244290735756453842954818865023879111257578521680263769649157075554	-1.3836406111699229
92	mathematics-pct	-1.38364655978327130509582833164297493907870015088159952661468154158222206475194381824890844	-1.3836465597832712
92	mission-health	-1.18048200573529076996819959361964509058231027057870992896628414955837046302019617791335130	-1.1804820057352907
92	portfolio-pct	-1.38364655976496642489535073931818742750965110826170501296686755424806495964761725063658750	-1.3836465597649665
92	sorry-count-norm	-1.38364655978937293182932086241790410960171649842156436449728620402694109978671934078634874	-1.383646559789373
92	stack-pct	-1.38364655973445829123329657874954947319042701646883615644862902057111362118729037038666720	-1.3836465597344583
92	support-coverage	-1.38364655978937293182932086241790410960171649842156436449728620402694109978671934078634874	-1.383646559789373
92	ticks-firing-ratio	-1.38364655978937293182932086241790410960171649842156436449728620402694109978671934078634874	-1.383646559789373
93	active-repo-ratio	-1.38364655978937293182932086241790410960171649842156436449728620402694109978671934078634874	-1.383646559789373
93	annotation-health	-1.38364655978937293182932086241790410960171649842156436449728620402694109978671934078634874	-1.383646559789373
93	attack-coverage	-1.38364655978937293182932086241790410960171649842156436449728620402694109978671934078634874	-1.383646559789373
93	consulting-pct	-1.38364655978937293182932086241790410960171649842156436449728620402694109978671934078634874	-1.383646559789373
93	coupling-density	-1.38364655978937293182932086241790410960171649842156436449728620402694109978671934078634874	-1.383646559789373
93	depositing-signal	-1.38364655978937293182932086241790410960171649842156436449728620402694109978671934078634874	-1.383646559789373
93	loop-health	-1.38364061116992292656927244290735756453842954818865023879111257578521680263769649157075554	-1.3836406111699229
93	mathematics-pct	-1.38364655978327130509582833164297493907870015088159952661468154158222206475194381824890844	-1.3836465597832712
93	mission-health	-1.18048200573529076996819959361964509058231027057870992896628414955837046302019617791335130	-1.1804820057352907
93	portfolio-pct	-1.38364655976496642489535073931818742750965110826170501296686755424806495964761725063658750	-1.3836465597649665
93	sorry-count-norm	-1.38364655978937293182932086241790410960171649842156436449728620402694109978671934078634874	-1.383646559789373
93	stack-pct	-1.38364655973445829123329657874954947319042701646883615644862902057111362118729037038666720	-1.3836465597344583
93	support-coverage	-1.38364655978937293182932086241790410960171649842156436449728620402694109978671934078634874	-1.383646559789373
93	ticks-firing-ratio	-1.38364655978937293182932086241790410960171649842156436449728620402694109978671934078634874	-1.383646559789373
94	active-repo-ratio	-1.38364655978937293182932086241790410960171649842156436449728620402694109978671934078634874	-1.383646559789373
94	annotation-health	-1.38364655978937293182932086241790410960171649842156436449728620402694109978671934078634874	-1.383646559789373
94	attack-coverage	-1.38364655978937293182932086241790410960171649842156436449728620402694109978671934078634874	-1.383646559789373
94	consulting-pct	-1.38364655978937293182932086241790410960171649842156436449728620402694109978671934078634874	-1.383646559789373
94	coupling-density	-1.38364655978937293182932086241790410960171649842156436449728620402694109978671934078634874	-1.383646559789373
94	depositing-signal	-1.38364655978937293182932086241790410960171649842156436449728620402694109978671934078634874	-1.383646559789373
94	loop-health	-1.38364061116992292656927244290735756453842954818865023879111257578521680263769649157075554	-1.3836406111699229
94	mathematics-pct	-1.38364655978327130509582833164297493907870015088159952661468154158222206475194381824890844	-1.3836465597832712
94	mission-health	-1.18048200573529076996819959361964509058231027057870992896628414955837046302019617791335130	-1.1804820057352907
94	portfolio-pct	-1.38364655976496642489535073931818742750965110826170501296686755424806495964761725063658750	-1.3836465597649665
94	sorry-count-norm	-1.38364655978937293182932086241790410960171649842156436449728620402694109978671934078634874	-1.383646559789373
94	stack-pct	-1.38364655973445829123329657874954947319042701646883615644862902057111362118729037038666720	-1.3836465597344583
94	support-coverage	-1.38364655978937293182932086241790410960171649842156436449728620402694109978671934078634874	-1.383646559789373
94	ticks-firing-ratio	-1.38364655978937293182932086241790410960171649842156436449728620402694109978671934078634874	-1.383646559789373
95	active-repo-ratio	-1.38364655978937293182932086241790410960171649842156436449728620402694109978671934078634874	-1.383646559789373
95	annotation-health	-1.38364655978937293182932086241790410960171649842156436449728620402694109978671934078634874	-1.383646559789373
95	attack-coverage	-1.38364655978937293182932086241790410960171649842156436449728620402694109978671934078634874	-1.383646559789373
95	consulting-pct	-1.38364655978937293182932086241790410960171649842156436449728620402694109978671934078634874	-1.383646559789373
95	coupling-density	-1.38364655978937293182932086241790410960171649842156436449728620402694109978671934078634874	-1.383646559789373
95	depositing-signal	-1.38364655978937293182932086241790410960171649842156436449728620402694109978671934078634874	-1.383646559789373
95	loop-health	-1.38364061116992292656927244290735756453842954818865023879111257578521680263769649157075554	-1.3836406111699229
95	mathematics-pct	-1.38364655978327130509582833164297493907870015088159952661468154158222206475194381824890844	-1.3836465597832712
95	mission-health	-1.18048200573529076996819959361964509058231027057870992896628414955837046302019617791335130	-1.1804820057352907
95	portfolio-pct	-1.38364655976496642489535073931818742750965110826170501296686755424806495964761725063658750	-1.3836465597649665
95	sorry-count-norm	-1.38364655978937293182932086241790410960171649842156436449728620402694109978671934078634874	-1.383646559789373
95	stack-pct	-1.38364655973445829123329657874954947319042701646883615644862902057111362118729037038666720	-1.3836465597344583
95	support-coverage	-1.38364655978937293182932086241790410960171649842156436449728620402694109978671934078634874	-1.383646559789373
95	ticks-firing-ratio	-1.38364655978937293182932086241790410960171649842156436449728620402694109978671934078634874	-1.383646559789373
96	active-repo-ratio	-1.38364655978937293182932086241790410960171649842156436449728620402694109978671934078634874	-1.383646559789373
96	annotation-health	-1.38364655978937293182932086241790410960171649842156436449728620402694109978671934078634874	-1.383646559789373
96	attack-coverage	-1.38364655978937293182932086241790410960171649842156436449728620402694109978671934078634874	-1.383646559789373
96	consulting-pct	-1.38364655978937293182932086241790410960171649842156436449728620402694109978671934078634874	-1.383646559789373
96	coupling-density	-1.38364655978937293182932086241790410960171649842156436449728620402694109978671934078634874	-1.383646559789373
96	depositing-signal	-1.38364655978937293182932086241790410960171649842156436449728620402694109978671934078634874	-1.383646559789373
96	loop-health	-1.38364061116992292656927244290735756453842954818865023879111257578521680263769649157075554	-1.3836406111699229
96	mathematics-pct	-1.38364655978327130509582833164297493907870015088159952661468154158222206475194381824890844	-1.3836465597832712
96	mission-health	-1.18048200573529076996819959361964509058231027057870992896628414955837046302019617791335130	-1.1804820057352907
96	portfolio-pct	-1.38364655976496642489535073931818742750965110826170501296686755424806495964761725063658750	-1.3836465597649665
96	sorry-count-norm	-1.38364655978937293182932086241790410960171649842156436449728620402694109978671934078634874	-1.383646559789373
96	stack-pct	-1.38364655973445829123329657874954947319042701646883615644862902057111362118729037038666720	-1.3836465597344583
96	support-coverage	-1.38364655978937293182932086241790410960171649842156436449728620402694109978671934078634874	-1.383646559789373
96	ticks-firing-ratio	-1.38364655978937293182932086241790410960171649842156436449728620402694109978671934078634874	-1.383646559789373
97	active-repo-ratio	-1.38364655978937293182932086241790410960171649842156436449728620402694109978671934078634874	-1.383646559789373
97	annotation-health	-1.38364655978937293182932086241790410960171649842156436449728620402694109978671934078634874	-1.383646559789373
97	attack-coverage	-1.38364655978937293182932086241790410960171649842156436449728620402694109978671934078634874	-1.383646559789373
97	consulting-pct	-1.38364655978937293182932086241790410960171649842156436449728620402694109978671934078634874	-1.383646559789373
97	coupling-density	-1.38364655978937293182932086241790410960171649842156436449728620402694109978671934078634874	-1.383646559789373
97	depositing-signal	-1.38364655978937293182932086241790410960171649842156436449728620402694109978671934078634874	-1.383646559789373
97	loop-health	-1.38364061116992292656927244290735756453842954818865023879111257578521680263769649157075554	-1.3836406111699229
97	mathematics-pct	-1.38364655978327130509582833164297493907870015088159952661468154158222206475194381824890844	-1.3836465597832712
97	mission-health	-1.18048200573529076996819959361964509058231027057870992896628414955837046302019617791335130	-1.1804820057352907
97	portfolio-pct	-1.38364655976496642489535073931818742750965110826170501296686755424806495964761725063658750	-1.3836465597649665
97	sorry-count-norm	-1.38364655978937293182932086241790410960171649842156436449728620402694109978671934078634874	-1.383646559789373
97	stack-pct	-1.38364655973445829123329657874954947319042701646883615644862902057111362118729037038666720	-1.3836465597344583
97	support-coverage	-1.38364655978937293182932086241790410960171649842156436449728620402694109978671934078634874	-1.383646559789373
97	ticks-firing-ratio	-1.38364655978937293182932086241790410960171649842156436449728620402694109978671934078634874	-1.383646559789373
98	active-repo-ratio	-1.38364655978937293182932086241790410960171649842156436449728620402694109978671934078634874	-1.383646559789373
98	annotation-health	-1.38364655978937293182932086241790410960171649842156436449728620402694109978671934078634874	-1.383646559789373
98	attack-coverage	-1.38364655978937293182932086241790410960171649842156436449728620402694109978671934078634874	-1.383646559789373
98	consulting-pct	-1.38364655978937293182932086241790410960171649842156436449728620402694109978671934078634874	-1.383646559789373
98	coupling-density	-1.38364655978937293182932086241790410960171649842156436449728620402694109978671934078634874	-1.383646559789373
98	depositing-signal	-1.38364655978937293182932086241790410960171649842156436449728620402694109978671934078634874	-1.383646559789373
98	loop-health	-1.38364061116992292656927244290735756453842954818865023879111257578521680263769649157075554	-1.3836406111699229
98	mathematics-pct	-1.38364655978327130509582833164297493907870015088159952661468154158222206475194381824890844	-1.3836465597832712
98	mission-health	-1.18048200573529076996819959361964509058231027057870992896628414955837046302019617791335130	-1.1804820057352907
98	portfolio-pct	-1.38364655976496642489535073931818742750965110826170501296686755424806495964761725063658750	-1.3836465597649665
98	sorry-count-norm	-1.38364655978937293182932086241790410960171649842156436449728620402694109978671934078634874	-1.383646559789373
98	stack-pct	-1.38364655973445829123329657874954947319042701646883615644862902057111362118729037038666720	-1.3836465597344583
98	support-coverage	-1.38364655978937293182932086241790410960171649842156436449728620402694109978671934078634874	-1.383646559789373
98	ticks-firing-ratio	-1.38364655978937293182932086241790410960171649842156436449728620402694109978671934078634874	-1.383646559789373
99	active-repo-ratio	-1.38364655978937293182932086241790410960171649842156436449728620402694109978671934078634874	-1.383646559789373
99	annotation-health	-1.38364655978937293182932086241790410960171649842156436449728620402694109978671934078634874	-1.383646559789373
99	attack-coverage	-1.38364655978937293182932086241790410960171649842156436449728620402694109978671934078634874	-1.383646559789373
99	consulting-pct	-1.38364655978937293182932086241790410960171649842156436449728620402694109978671934078634874	-1.383646559789373
99	coupling-density	-1.38364655978937293182932086241790410960171649842156436449728620402694109978671934078634874	-1.383646559789373
99	depositing-signal	-1.38364655978937293182932086241790410960171649842156436449728620402694109978671934078634874	-1.383646559789373
99	loop-health	-1.38364061116992292656927244290735756453842954818865023879111257578521680263769649157075554	-1.3836406111699229
99	mathematics-pct	-1.38364655978327130509582833164297493907870015088159952661468154158222206475194381824890844	-1.3836465597832712
99	mission-health	-1.18048200573529076996819959361964509058231027057870992896628414955837046302019617791335130	-1.1804820057352907
99	portfolio-pct	-1.38364655976496642489535073931818742750965110826170501296686755424806495964761725063658750	-1.3836465597649665
99	sorry-count-norm	-1.38364655978937293182932086241790410960171649842156436449728620402694109978671934078634874	-1.383646559789373
99	stack-pct	-1.38364655973445829123329657874954947319042701646883615644862902057111362118729037038666720	-1.3836465597344583
99	support-coverage	-1.38364655978937293182932086241790410960171649842156436449728620402694109978671934078634874	-1.383646559789373
99	ticks-firing-ratio	-1.38364655978937293182932086241790410960171649842156436449728620402694109978671934078634874	-1.383646559789373
100	active-repo-ratio	-1.38364655978937293182932086241790410960171649842156436449728620402694109978671934078634874	-1.383646559789373
100	annotation-health	-1.38364655978937293182932086241790410960171649842156436449728620402694109978671934078634874	-1.383646559789373
100	attack-coverage	-1.38364655978937293182932086241790410960171649842156436449728620402694109978671934078634874	-1.383646559789373
100	consulting-pct	-1.38364655978937293182932086241790410960171649842156436449728620402694109978671934078634874	-1.383646559789373
100	coupling-density	-1.38364655978937293182932086241790410960171649842156436449728620402694109978671934078634874	-1.383646559789373
100	depositing-signal	-1.38364655978937293182932086241790410960171649842156436449728620402694109978671934078634874	-1.383646559789373
100	loop-health	-1.38364061116992292656927244290735756453842954818865023879111257578521680263769649157075554	-1.3836406111699229
100	mathematics-pct	-1.38364655978327130509582833164297493907870015088159952661468154158222206475194381824890844	-1.3836465597832712
100	mission-health	-1.18048200573529076996819959361964509058231027057870992896628414955837046302019617791335130	-1.1804820057352907
100	portfolio-pct	-1.38364655976496642489535073931818742750965110826170501296686755424806495964761725063658750	-1.3836465597649665
100	sorry-count-norm	-1.38364655978937293182932086241790410960171649842156436449728620402694109978671934078634874	-1.383646559789373
100	stack-pct	-1.38364655973445829123329657874954947319042701646883615644862902057111362118729037038666720	-1.3836465597344583
100	support-coverage	-1.38364655978937293182932086241790410960171649842156436449728620402694109978671934078634874	-1.383646559789373
100	ticks-firing-ratio	-1.38364655978937293182932086241790410960171649842156436449728620402694109978671934078634874	-1.383646559789373
101	active-repo-ratio	-1.38364655978937293182932086241790410960171649842156436449728620402694109978671934078634874	-1.383646559789373
101	annotation-health	-1.38364655978937293182932086241790410960171649842156436449728620402694109978671934078634874	-1.383646559789373
101	attack-coverage	-1.38364655978937293182932086241790410960171649842156436449728620402694109978671934078634874	-1.383646559789373
101	consulting-pct	-1.38364655978937293182932086241790410960171649842156436449728620402694109978671934078634874	-1.383646559789373
101	coupling-density	-1.38364655978937293182932086241790410960171649842156436449728620402694109978671934078634874	-1.383646559789373
101	depositing-signal	-1.38364655978937293182932086241790410960171649842156436449728620402694109978671934078634874	-1.383646559789373
101	loop-health	-1.38364061116992292656927244290735756453842954818865023879111257578521680263769649157075554	-1.3836406111699229
101	mathematics-pct	-1.38364655978327130509582833164297493907870015088159952661468154158222206475194381824890844	-1.3836465597832712
101	mission-health	-1.18048200573529076996819959361964509058231027057870992896628414955837046302019617791335130	-1.1804820057352907
101	portfolio-pct	-1.38364655976496642489535073931818742750965110826170501296686755424806495964761725063658750	-1.3836465597649665
101	sorry-count-norm	-1.38364655978937293182932086241790410960171649842156436449728620402694109978671934078634874	-1.383646559789373
101	stack-pct	-1.38364655973445829123329657874954947319042701646883615644862902057111362118729037038666720	-1.3836465597344583
101	support-coverage	-1.38364655978937293182932086241790410960171649842156436449728620402694109978671934078634874	-1.383646559789373
101	ticks-firing-ratio	-1.38364655978937293182932086241790410960171649842156436449728620402694109978671934078634874	-1.383646559789373
102	active-repo-ratio	-1.38364655978937293182932086241790410960171649842156436449728620402694109978671934078634874	-1.383646559789373
102	annotation-health	-1.38364655978937293182932086241790410960171649842156436449728620402694109978671934078634874	-1.383646559789373
102	attack-coverage	-1.38364655978937293182932086241790410960171649842156436449728620402694109978671934078634874	-1.383646559789373
102	consulting-pct	-1.38364655978937293182932086241790410960171649842156436449728620402694109978671934078634874	-1.383646559789373
102	coupling-density	-1.38364655978937293182932086241790410960171649842156436449728620402694109978671934078634874	-1.383646559789373
102	depositing-signal	-1.38364655978937293182932086241790410960171649842156436449728620402694109978671934078634874	-1.383646559789373
102	loop-health	-1.38364061116992292656927244290735756453842954818865023879111257578521680263769649157075554	-1.3836406111699229
102	mathematics-pct	-1.38364655978327130509582833164297493907870015088159952661468154158222206475194381824890844	-1.3836465597832712
102	mission-health	-1.18048200573529076996819959361964509058231027057870992896628414955837046302019617791335130	-1.1804820057352907
102	portfolio-pct	-1.38364655976496642489535073931818742750965110826170501296686755424806495964761725063658750	-1.3836465597649665
102	sorry-count-norm	-1.38364655978937293182932086241790410960171649842156436449728620402694109978671934078634874	-1.383646559789373
102	stack-pct	-1.38364655973445829123329657874954947319042701646883615644862902057111362118729037038666720	-1.3836465597344583
102	support-coverage	-1.38364655978937293182932086241790410960171649842156436449728620402694109978671934078634874	-1.383646559789373
102	ticks-firing-ratio	-1.38364655978937293182932086241790410960171649842156436449728620402694109978671934078634874	-1.383646559789373
103	active-repo-ratio	-1.38364655978937293182932086241790410960171649842156436449728620402694109978671934078634874	-1.383646559789373
103	annotation-health	-1.38364655978937293182932086241790410960171649842156436449728620402694109978671934078634874	-1.383646559789373
103	attack-coverage	-1.38364655978937293182932086241790410960171649842156436449728620402694109978671934078634874	-1.383646559789373
103	consulting-pct	-1.38364655978937293182932086241790410960171649842156436449728620402694109978671934078634874	-1.383646559789373
103	coupling-density	-1.38364655978937293182932086241790410960171649842156436449728620402694109978671934078634874	-1.383646559789373
103	depositing-signal	-1.38364655978937293182932086241790410960171649842156436449728620402694109978671934078634874	-1.383646559789373
103	loop-health	-1.38364061116992292656927244290735756453842954818865023879111257578521680263769649157075554	-1.3836406111699229
103	mathematics-pct	-1.38364655978327130509582833164297493907870015088159952661468154158222206475194381824890844	-1.3836465597832712
103	mission-health	-1.18048200573529076996819959361964509058231027057870992896628414955837046302019617791335130	-1.1804820057352907
103	portfolio-pct	-1.38364655976496642489535073931818742750965110826170501296686755424806495964761725063658750	-1.3836465597649665
103	sorry-count-norm	-1.38364655978937293182932086241790410960171649842156436449728620402694109978671934078634874	-1.383646559789373
103	stack-pct	-1.38364655973445829123329657874954947319042701646883615644862902057111362118729037038666720	-1.3836465597344583
103	support-coverage	-1.38364655978937293182932086241790410960171649842156436449728620402694109978671934078634874	-1.383646559789373
103	ticks-firing-ratio	-1.38364655978937293182932086241790410960171649842156436449728620402694109978671934078634874	-1.383646559789373
104	active-repo-ratio	-1.38364655978937293182932086241790410960171649842156436449728620402694109978671934078634874	-1.383646559789373
104	annotation-health	-1.38364655978937293182932086241790410960171649842156436449728620402694109978671934078634874	-1.383646559789373
104	attack-coverage	-1.38364655978937293182932086241790410960171649842156436449728620402694109978671934078634874	-1.383646559789373
104	consulting-pct	-1.38364655978937293182932086241790410960171649842156436449728620402694109978671934078634874	-1.383646559789373
104	coupling-density	-1.38364655978937293182932086241790410960171649842156436449728620402694109978671934078634874	-1.383646559789373
104	depositing-signal	-1.38364655978937293182932086241790410960171649842156436449728620402694109978671934078634874	-1.383646559789373
104	loop-health	-1.38364061116992292656927244290735756453842954818865023879111257578521680263769649157075554	-1.3836406111699229
104	mathematics-pct	-1.38364655978327130509582833164297493907870015088159952661468154158222206475194381824890844	-1.3836465597832712
104	mission-health	-1.18048200573529076996819959361964509058231027057870992896628414955837046302019617791335130	-1.1804820057352907
104	portfolio-pct	-1.38364655976496642489535073931818742750965110826170501296686755424806495964761725063658750	-1.3836465597649665
104	sorry-count-norm	-1.38364655978937293182932086241790410960171649842156436449728620402694109978671934078634874	-1.383646559789373
104	stack-pct	-1.38364655973445829123329657874954947319042701646883615644862902057111362118729037038666720	-1.3836465597344583
104	support-coverage	-1.38364655978937293182932086241790410960171649842156436449728620402694109978671934078634874	-1.383646559789373
104	ticks-firing-ratio	-1.38364655978937293182932086241790410960171649842156436449728620402694109978671934078634874	-1.383646559789373
105	active-repo-ratio	-1.38364655978937293182932086241790410960171649842156436449728620402694109978671934078634874	-1.383646559789373
105	annotation-health	-1.38364655978937293182932086241790410960171649842156436449728620402694109978671934078634874	-1.383646559789373
105	attack-coverage	-1.38364655978937293182932086241790410960171649842156436449728620402694109978671934078634874	-1.383646559789373
105	consulting-pct	-1.38364655978937293182932086241790410960171649842156436449728620402694109978671934078634874	-1.383646559789373
105	coupling-density	-1.38364655978937293182932086241790410960171649842156436449728620402694109978671934078634874	-1.383646559789373
105	depositing-signal	-1.38364655978937293182932086241790410960171649842156436449728620402694109978671934078634874	-1.383646559789373
105	loop-health	-1.38364061116992292656927244290735756453842954818865023879111257578521680263769649157075554	-1.3836406111699229
105	mathematics-pct	-1.38364655978327130509582833164297493907870015088159952661468154158222206475194381824890844	-1.3836465597832712
105	mission-health	-1.18048200573529076996819959361964509058231027057870992896628414955837046302019617791335130	-1.1804820057352907
105	portfolio-pct	-1.38364655976496642489535073931818742750965110826170501296686755424806495964761725063658750	-1.3836465597649665
105	sorry-count-norm	-1.38364655978937293182932086241790410960171649842156436449728620402694109978671934078634874	-1.383646559789373
105	stack-pct	-1.38364655973445829123329657874954947319042701646883615644862902057111362118729037038666720	-1.3836465597344583
105	support-coverage	-1.38364655978937293182932086241790410960171649842156436449728620402694109978671934078634874	-1.383646559789373
105	ticks-firing-ratio	-1.38364655978937293182932086241790410960171649842156436449728620402694109978671934078634874	-1.383646559789373
106	active-repo-ratio	-1.38364655978937293182932086241790410960171649842156436449728620402694109978671934078634874	-1.383646559789373
106	annotation-health	-1.38364655978937293182932086241790410960171649842156436449728620402694109978671934078634874	-1.383646559789373
106	attack-coverage	-1.38364655978937293182932086241790410960171649842156436449728620402694109978671934078634874	-1.383646559789373
106	consulting-pct	-1.38364655978937293182932086241790410960171649842156436449728620402694109978671934078634874	-1.383646559789373
106	coupling-density	-1.38364655978937293182932086241790410960171649842156436449728620402694109978671934078634874	-1.383646559789373
106	depositing-signal	-1.38364655978937293182932086241790410960171649842156436449728620402694109978671934078634874	-1.383646559789373
106	loop-health	-1.38364061116992292656927244290735756453842954818865023879111257578521680263769649157075554	-1.3836406111699229
106	mathematics-pct	-1.38364655978327130509582833164297493907870015088159952661468154158222206475194381824890844	-1.3836465597832712
106	mission-health	-1.18048200573529076996819959361964509058231027057870992896628414955837046302019617791335130	-1.1804820057352907
106	portfolio-pct	-1.38364655976496642489535073931818742750965110826170501296686755424806495964761725063658750	-1.3836465597649665
106	sorry-count-norm	-1.38364655978937293182932086241790410960171649842156436449728620402694109978671934078634874	-1.383646559789373
106	stack-pct	-1.38364655973445829123329657874954947319042701646883615644862902057111362118729037038666720	-1.3836465597344583
106	support-coverage	-1.38364655978937293182932086241790410960171649842156436449728620402694109978671934078634874	-1.383646559789373
106	ticks-firing-ratio	-1.38364655978937293182932086241790410960171649842156436449728620402694109978671934078634874	-1.383646559789373
107	active-repo-ratio	-1.38364655978937293182932086241790410960171649842156436449728620402694109978671934078634874	-1.383646559789373
107	annotation-health	-1.38364655978937293182932086241790410960171649842156436449728620402694109978671934078634874	-1.383646559789373
107	attack-coverage	-1.38364655978937293182932086241790410960171649842156436449728620402694109978671934078634874	-1.383646559789373
107	consulting-pct	-1.38364655978937293182932086241790410960171649842156436449728620402694109978671934078634874	-1.383646559789373
107	coupling-density	-1.38364655978937293182932086241790410960171649842156436449728620402694109978671934078634874	-1.383646559789373
107	depositing-signal	-1.38364655978937293182932086241790410960171649842156436449728620402694109978671934078634874	-1.383646559789373
107	loop-health	-1.38364061116992292656927244290735756453842954818865023879111257578521680263769649157075554	-1.3836406111699229
107	mathematics-pct	-1.38364655978327130509582833164297493907870015088159952661468154158222206475194381824890844	-1.3836465597832712
107	mission-health	-1.18048200573529076996819959361964509058231027057870992896628414955837046302019617791335130	-1.1804820057352907
107	portfolio-pct	-1.38364655976496642489535073931818742750965110826170501296686755424806495964761725063658750	-1.3836465597649665
107	sorry-count-norm	-1.38364655978937293182932086241790410960171649842156436449728620402694109978671934078634874	-1.383646559789373
107	stack-pct	-1.38364655973445829123329657874954947319042701646883615644862902057111362118729037038666720	-1.3836465597344583
107	support-coverage	-1.38364655978937293182932086241790410960171649842156436449728620402694109978671934078634874	-1.383646559789373
107	ticks-firing-ratio	-1.38364655978937293182932086241790410960171649842156436449728620402694109978671934078634874	-1.383646559789373
108	active-repo-ratio	-1.38364655978937293182932086241790410960171649842156436449728620402694109978671934078634874	-1.383646559789373
108	annotation-health	-1.38364655978937293182932086241790410960171649842156436449728620402694109978671934078634874	-1.383646559789373
108	attack-coverage	-1.38364655978937293182932086241790410960171649842156436449728620402694109978671934078634874	-1.383646559789373
108	consulting-pct	-1.38364655978937293182932086241790410960171649842156436449728620402694109978671934078634874	-1.383646559789373
108	coupling-density	-1.38364655978937293182932086241790410960171649842156436449728620402694109978671934078634874	-1.383646559789373
108	depositing-signal	-1.38364655978937293182932086241790410960171649842156436449728620402694109978671934078634874	-1.383646559789373
108	loop-health	-1.38364061116992292656927244290735756453842954818865023879111257578521680263769649157075554	-1.3836406111699229
108	mathematics-pct	-1.38364655978327130509582833164297493907870015088159952661468154158222206475194381824890844	-1.3836465597832712
108	mission-health	-1.18048200573529076996819959361964509058231027057870992896628414955837046302019617791335130	-1.1804820057352907
108	portfolio-pct	-1.38364655976496642489535073931818742750965110826170501296686755424806495964761725063658750	-1.3836465597649665
108	sorry-count-norm	-1.38364655978937293182932086241790410960171649842156436449728620402694109978671934078634874	-1.383646559789373
108	stack-pct	-1.38364655973445829123329657874954947319042701646883615644862902057111362118729037038666720	-1.3836465597344583
108	support-coverage	-1.38364655978937293182932086241790410960171649842156436449728620402694109978671934078634874	-1.383646559789373
108	ticks-firing-ratio	-1.38364655978937293182932086241790410960171649842156436449728620402694109978671934078634874	-1.383646559789373
109	active-repo-ratio	-1.38364655978937293182932086241790410960171649842156436449728620402694109978671934078634874	-1.383646559789373
109	annotation-health	-1.38364655978937293182932086241790410960171649842156436449728620402694109978671934078634874	-1.383646559789373
109	attack-coverage	-1.38364655978937293182932086241790410960171649842156436449728620402694109978671934078634874	-1.383646559789373
109	consulting-pct	-1.38364655978937293182932086241790410960171649842156436449728620402694109978671934078634874	-1.383646559789373
109	coupling-density	-1.38364655978937293182932086241790410960171649842156436449728620402694109978671934078634874	-1.383646559789373
109	depositing-signal	-1.38364655978937293182932086241790410960171649842156436449728620402694109978671934078634874	-1.383646559789373
109	loop-health	-1.38364061116992292656927244290735756453842954818865023879111257578521680263769649157075554	-1.3836406111699229
109	mathematics-pct	-1.38364655978327130509582833164297493907870015088159952661468154158222206475194381824890844	-1.3836465597832712
109	mission-health	-1.18048200573529076996819959361964509058231027057870992896628414955837046302019617791335130	-1.1804820057352907
109	portfolio-pct	-1.38364655976496642489535073931818742750965110826170501296686755424806495964761725063658750	-1.3836465597649665
109	sorry-count-norm	-1.38364655978937293182932086241790410960171649842156436449728620402694109978671934078634874	-1.383646559789373
109	stack-pct	-1.38364655973445829123329657874954947319042701646883615644862902057111362118729037038666720	-1.3836465597344583
109	support-coverage	-1.38364655978937293182932086241790410960171649842156436449728620402694109978671934078634874	-1.383646559789373
109	ticks-firing-ratio	-1.38364655978937293182932086241790410960171649842156436449728620402694109978671934078634874	-1.383646559789373
110	active-repo-ratio	-1.38364655978937293182932086241790410960171649842156436449728620402694109978671934078634874	-1.383646559789373
110	annotation-health	-1.38364655978937293182932086241790410960171649842156436449728620402694109978671934078634874	-1.383646559789373
110	attack-coverage	-1.38364655978937293182932086241790410960171649842156436449728620402694109978671934078634874	-1.383646559789373
110	consulting-pct	-1.38364655978937293182932086241790410960171649842156436449728620402694109978671934078634874	-1.383646559789373
110	coupling-density	-1.38364655978937293182932086241790410960171649842156436449728620402694109978671934078634874	-1.383646559789373
110	depositing-signal	-1.38364655978937293182932086241790410960171649842156436449728620402694109978671934078634874	-1.383646559789373
110	loop-health	-1.38364061116992292656927244290735756453842954818865023879111257578521680263769649157075554	-1.3836406111699229
110	mathematics-pct	-1.38364655978327130509582833164297493907870015088159952661468154158222206475194381824890844	-1.3836465597832712
110	mission-health	-1.18048200573529076996819959361964509058231027057870992896628414955837046302019617791335130	-1.1804820057352907
110	portfolio-pct	-1.38364655976496642489535073931818742750965110826170501296686755424806495964761725063658750	-1.3836465597649665
110	sorry-count-norm	-1.38364655978937293182932086241790410960171649842156436449728620402694109978671934078634874	-1.383646559789373
110	stack-pct	-1.38364655973445829123329657874954947319042701646883615644862902057111362118729037038666720	-1.3836465597344583
110	support-coverage	-1.38364655978937293182932086241790410960171649842156436449728620402694109978671934078634874	-1.383646559789373
110	ticks-firing-ratio	-1.38364655978937293182932086241790410960171649842156436449728620402694109978671934078634874	-1.383646559789373
111	active-repo-ratio	-1.38364655978937293182932086241790410960171649842156436449728620402694109978671934078634874	-1.383646559789373
111	annotation-health	-1.38364655978937293182932086241790410960171649842156436449728620402694109978671934078634874	-1.383646559789373
111	attack-coverage	-1.38364655978937293182932086241790410960171649842156436449728620402694109978671934078634874	-1.383646559789373
111	consulting-pct	-1.38364655978937293182932086241790410960171649842156436449728620402694109978671934078634874	-1.383646559789373
111	coupling-density	-1.38364655978937293182932086241790410960171649842156436449728620402694109978671934078634874	-1.383646559789373
111	depositing-signal	-1.38364655978937293182932086241790410960171649842156436449728620402694109978671934078634874	-1.383646559789373
111	loop-health	-1.38364061116992292656927244290735756453842954818865023879111257578521680263769649157075554	-1.3836406111699229
111	mathematics-pct	-1.38364655978327130509582833164297493907870015088159952661468154158222206475194381824890844	-1.3836465597832712
111	mission-health	-1.18048200573529076996819959361964509058231027057870992896628414955837046302019617791335130	-1.1804820057352907
111	portfolio-pct	-1.38364655976496642489535073931818742750965110826170501296686755424806495964761725063658750	-1.3836465597649665
111	sorry-count-norm	-1.38364655978937293182932086241790410960171649842156436449728620402694109978671934078634874	-1.383646559789373
111	stack-pct	-1.38364655973445829123329657874954947319042701646883615644862902057111362118729037038666720	-1.3836465597344583
111	support-coverage	-1.38364655978937293182932086241790410960171649842156436449728620402694109978671934078634874	-1.383646559789373
111	ticks-firing-ratio	-1.38364655978937293182932086241790410960171649842156436449728620402694109978671934078634874	-1.383646559789373
112	active-repo-ratio	-1.38364655978937293182932086241790410960171649842156436449728620402694109978671934078634874	-1.383646559789373
112	annotation-health	-1.38364655978937293182932086241790410960171649842156436449728620402694109978671934078634874	-1.383646559789373
112	attack-coverage	-1.38364655978937293182932086241790410960171649842156436449728620402694109978671934078634874	-1.383646559789373
112	consulting-pct	-1.38364655978937293182932086241790410960171649842156436449728620402694109978671934078634874	-1.383646559789373
112	coupling-density	-1.38364655978937293182932086241790410960171649842156436449728620402694109978671934078634874	-1.383646559789373
112	depositing-signal	-1.38364655978937293182932086241790410960171649842156436449728620402694109978671934078634874	-1.383646559789373
112	loop-health	-1.38364061116992292656927244290735756453842954818865023879111257578521680263769649157075554	-1.3836406111699229
112	mathematics-pct	-1.38364655978327130509582833164297493907870015088159952661468154158222206475194381824890844	-1.3836465597832712
112	mission-health	-1.18048200573529076996819959361964509058231027057870992896628414955837046302019617791335130	-1.1804820057352907
112	portfolio-pct	-1.38364655976496642489535073931818742750965110826170501296686755424806495964761725063658750	-1.3836465597649665
112	sorry-count-norm	-1.38364655978937293182932086241790410960171649842156436449728620402694109978671934078634874	-1.383646559789373
112	stack-pct	-1.38364655973445829123329657874954947319042701646883615644862902057111362118729037038666720	-1.3836465597344583
112	support-coverage	-1.38364655978937293182932086241790410960171649842156436449728620402694109978671934078634874	-1.383646559789373
112	ticks-firing-ratio	-1.38364655978937293182932086241790410960171649842156436449728620402694109978671934078634874	-1.383646559789373
113	active-repo-ratio	-1.38364655978937293182932086241790410960171649842156436449728620402694109978671934078634874	-1.383646559789373
113	annotation-health	-1.38364655978937293182932086241790410960171649842156436449728620402694109978671934078634874	-1.383646559789373
113	attack-coverage	-1.38364655978937293182932086241790410960171649842156436449728620402694109978671934078634874	-1.383646559789373
113	consulting-pct	-1.38364655978937293182932086241790410960171649842156436449728620402694109978671934078634874	-1.383646559789373
113	coupling-density	-1.38364655978937293182932086241790410960171649842156436449728620402694109978671934078634874	-1.383646559789373
113	depositing-signal	-1.38364655978937293182932086241790410960171649842156436449728620402694109978671934078634874	-1.383646559789373
113	loop-health	-1.38364061116992292656927244290735756453842954818865023879111257578521680263769649157075554	-1.3836406111699229
113	mathematics-pct	-1.38364655978327130509582833164297493907870015088159952661468154158222206475194381824890844	-1.3836465597832712
113	mission-health	-1.18048200573529076996819959361964509058231027057870992896628414955837046302019617791335130	-1.1804820057352907
113	portfolio-pct	-1.38364655976496642489535073931818742750965110826170501296686755424806495964761725063658750	-1.3836465597649665
113	sorry-count-norm	-1.38364655978937293182932086241790410960171649842156436449728620402694109978671934078634874	-1.383646559789373
113	stack-pct	-1.38364655973445829123329657874954947319042701646883615644862902057111362118729037038666720	-1.3836465597344583
113	support-coverage	-1.38364655978937293182932086241790410960171649842156436449728620402694109978671934078634874	-1.383646559789373
113	ticks-firing-ratio	-1.38364655978937293182932086241790410960171649842156436449728620402694109978671934078634874	-1.383646559789373
114	active-repo-ratio	-1.38364655978937293182932086241790410960171649842156436449728620402694109978671934078634874	-1.383646559789373
114	annotation-health	-1.38364655978937293182932086241790410960171649842156436449728620402694109978671934078634874	-1.383646559789373
114	attack-coverage	-1.38364655978937293182932086241790410960171649842156436449728620402694109978671934078634874	-1.383646559789373
114	consulting-pct	-1.38364655978937293182932086241790410960171649842156436449728620402694109978671934078634874	-1.383646559789373
114	coupling-density	-1.38364655978937293182932086241790410960171649842156436449728620402694109978671934078634874	-1.383646559789373
114	depositing-signal	-1.38364655978937293182932086241790410960171649842156436449728620402694109978671934078634874	-1.383646559789373
114	loop-health	-1.38364061116992292656927244290735756453842954818865023879111257578521680263769649157075554	-1.3836406111699229
114	mathematics-pct	-1.38364655978327130509582833164297493907870015088159952661468154158222206475194381824890844	-1.3836465597832712
114	mission-health	-1.18048200573529076996819959361964509058231027057870992896628414955837046302019617791335130	-1.1804820057352907
114	portfolio-pct	-1.38364655976496642489535073931818742750965110826170501296686755424806495964761725063658750	-1.3836465597649665
114	sorry-count-norm	-1.38364655978937293182932086241790410960171649842156436449728620402694109978671934078634874	-1.383646559789373
114	stack-pct	-1.38364655973445829123329657874954947319042701646883615644862902057111362118729037038666720	-1.3836465597344583
114	support-coverage	-1.38364655978937293182932086241790410960171649842156436449728620402694109978671934078634874	-1.383646559789373
114	ticks-firing-ratio	-1.38364655978937293182932086241790410960171649842156436449728620402694109978671934078634874	-1.383646559789373
115	active-repo-ratio	-1.38364655978937293182932086241790410960171649842156436449728620402694109978671934078634874	-1.383646559789373
115	annotation-health	-1.38364655978937293182932086241790410960171649842156436449728620402694109978671934078634874	-1.383646559789373
115	attack-coverage	-1.38364655978937293182932086241790410960171649842156436449728620402694109978671934078634874	-1.383646559789373
115	consulting-pct	-1.38364655978937293182932086241790410960171649842156436449728620402694109978671934078634874	-1.383646559789373
115	coupling-density	-1.38364655978937293182932086241790410960171649842156436449728620402694109978671934078634874	-1.383646559789373
115	depositing-signal	-1.38364655978937293182932086241790410960171649842156436449728620402694109978671934078634874	-1.383646559789373
115	loop-health	-1.38364061116992292656927244290735756453842954818865023879111257578521680263769649157075554	-1.3836406111699229
115	mathematics-pct	-1.38364655978327130509582833164297493907870015088159952661468154158222206475194381824890844	-1.3836465597832712
115	mission-health	-1.18048200573529076996819959361964509058231027057870992896628414955837046302019617791335130	-1.1804820057352907
115	portfolio-pct	-1.38364655976496642489535073931818742750965110826170501296686755424806495964761725063658750	-1.3836465597649665
115	sorry-count-norm	-1.38364655978937293182932086241790410960171649842156436449728620402694109978671934078634874	-1.383646559789373
115	stack-pct	-1.38364655973445829123329657874954947319042701646883615644862902057111362118729037038666720	-1.3836465597344583
115	support-coverage	-1.38364655978937293182932086241790410960171649842156436449728620402694109978671934078634874	-1.383646559789373
115	ticks-firing-ratio	-1.38364655978937293182932086241790410960171649842156436449728620402694109978671934078634874	-1.383646559789373
116	active-repo-ratio	-1.38364655978937293182932086241790410960171649842156436449728620402694109978671934078634874	-1.383646559789373
116	annotation-health	-1.38364655978937293182932086241790410960171649842156436449728620402694109978671934078634874	-1.383646559789373
116	attack-coverage	-1.38364655978937293182932086241790410960171649842156436449728620402694109978671934078634874	-1.383646559789373
116	consulting-pct	-1.38364655978937293182932086241790410960171649842156436449728620402694109978671934078634874	-1.383646559789373
116	coupling-density	-1.38364655978937293182932086241790410960171649842156436449728620402694109978671934078634874	-1.383646559789373
116	depositing-signal	-1.38364655978937293182932086241790410960171649842156436449728620402694109978671934078634874	-1.383646559789373
116	loop-health	-1.38364061116992292656927244290735756453842954818865023879111257578521680263769649157075554	-1.3836406111699229
116	mathematics-pct	-1.38364655978327130509582833164297493907870015088159952661468154158222206475194381824890844	-1.3836465597832712
116	mission-health	-1.18048200573529076996819959361964509058231027057870992896628414955837046302019617791335130	-1.1804820057352907
116	portfolio-pct	-1.38364655976496642489535073931818742750965110826170501296686755424806495964761725063658750	-1.3836465597649665
116	sorry-count-norm	-1.38364655978937293182932086241790410960171649842156436449728620402694109978671934078634874	-1.383646559789373
116	stack-pct	-1.38364655973445829123329657874954947319042701646883615644862902057111362118729037038666720	-1.3836465597344583
116	support-coverage	-1.38364655978937293182932086241790410960171649842156436449728620402694109978671934078634874	-1.383646559789373
116	ticks-firing-ratio	-1.38364655978937293182932086241790410960171649842156436449728620402694109978671934078634874	-1.383646559789373
117	active-repo-ratio	-1.38364655978937293182932086241790410960171649842156436449728620402694109978671934078634874	-1.383646559789373
117	annotation-health	-1.38364655978937293182932086241790410960171649842156436449728620402694109978671934078634874	-1.383646559789373
117	attack-coverage	-1.38364655978937293182932086241790410960171649842156436449728620402694109978671934078634874	-1.383646559789373
117	consulting-pct	-1.38364655978937293182932086241790410960171649842156436449728620402694109978671934078634874	-1.383646559789373
117	coupling-density	-1.38364655978937293182932086241790410960171649842156436449728620402694109978671934078634874	-1.383646559789373
117	depositing-signal	-1.38364655978937293182932086241790410960171649842156436449728620402694109978671934078634874	-1.383646559789373
117	loop-health	-1.38364061116992292656927244290735756453842954818865023879111257578521680263769649157075554	-1.3836406111699229
117	mathematics-pct	-1.38364655978327130509582833164297493907870015088159952661468154158222206475194381824890844	-1.3836465597832712
117	mission-health	-1.18048200573529076996819959361964509058231027057870992896628414955837046302019617791335130	-1.1804820057352907
117	portfolio-pct	-1.38364655976496642489535073931818742750965110826170501296686755424806495964761725063658750	-1.3836465597649665
117	sorry-count-norm	-1.38364655978937293182932086241790410960171649842156436449728620402694109978671934078634874	-1.383646559789373
117	stack-pct	-1.38364655973445829123329657874954947319042701646883615644862902057111362118729037038666720	-1.3836465597344583
117	support-coverage	-1.38364655978937293182932086241790410960171649842156436449728620402694109978671934078634874	-1.383646559789373
117	ticks-firing-ratio	-1.38364655978937293182932086241790410960171649842156436449728620402694109978671934078634874	-1.383646559789373
118	active-repo-ratio	-1.38364655978937293182932086241790410960171649842156436449728620402694109978671934078634874	-1.383646559789373
118	annotation-health	-1.38364655978937293182932086241790410960171649842156436449728620402694109978671934078634874	-1.383646559789373
118	attack-coverage	-1.38364655978937293182932086241790410960171649842156436449728620402694109978671934078634874	-1.383646559789373
118	consulting-pct	-1.38364655978937293182932086241790410960171649842156436449728620402694109978671934078634874	-1.383646559789373
118	coupling-density	-1.38364655978937293182932086241790410960171649842156436449728620402694109978671934078634874	-1.383646559789373
118	depositing-signal	-1.38364655978937293182932086241790410960171649842156436449728620402694109978671934078634874	-1.383646559789373
118	loop-health	-1.38364061116992292656927244290735756453842954818865023879111257578521680263769649157075554	-1.3836406111699229
118	mathematics-pct	-1.38364655978327130509582833164297493907870015088159952661468154158222206475194381824890844	-1.3836465597832712
118	mission-health	-1.18048200573529076996819959361964509058231027057870992896628414955837046302019617791335130	-1.1804820057352907
118	portfolio-pct	-1.38364655976496642489535073931818742750965110826170501296686755424806495964761725063658750	-1.3836465597649665
118	sorry-count-norm	-1.38364655978937293182932086241790410960171649842156436449728620402694109978671934078634874	-1.383646559789373
118	stack-pct	-1.38364655973445829123329657874954947319042701646883615644862902057111362118729037038666720	-1.3836465597344583
118	support-coverage	-1.38364655978937293182932086241790410960171649842156436449728620402694109978671934078634874	-1.383646559789373
118	ticks-firing-ratio	-1.38364655978937293182932086241790410960171649842156436449728620402694109978671934078634874	-1.383646559789373
119	active-repo-ratio	-1.38364655978937293182932086241790410960171649842156436449728620402694109978671934078634874	-1.383646559789373
119	annotation-health	-1.38364655978937293182932086241790410960171649842156436449728620402694109978671934078634874	-1.383646559789373
119	attack-coverage	-1.38364655978937293182932086241790410960171649842156436449728620402694109978671934078634874	-1.383646559789373
119	consulting-pct	-1.38364655978937293182932086241790410960171649842156436449728620402694109978671934078634874	-1.383646559789373
119	coupling-density	-1.38364655978937293182932086241790410960171649842156436449728620402694109978671934078634874	-1.383646559789373
119	depositing-signal	-1.38364655978937293182932086241790410960171649842156436449728620402694109978671934078634874	-1.383646559789373
119	loop-health	-1.38364061116992292656927244290735756453842954818865023879111257578521680263769649157075554	-1.3836406111699229
119	mathematics-pct	-1.38364655978327130509582833164297493907870015088159952661468154158222206475194381824890844	-1.3836465597832712
119	mission-health	-1.18048200573529076996819959361964509058231027057870992896628414955837046302019617791335130	-1.1804820057352907
119	portfolio-pct	-1.38364655976496642489535073931818742750965110826170501296686755424806495964761725063658750	-1.3836465597649665
119	sorry-count-norm	-1.38364655978937293182932086241790410960171649842156436449728620402694109978671934078634874	-1.383646559789373
119	stack-pct	-1.38364655973445829123329657874954947319042701646883615644862902057111362118729037038666720	-1.3836465597344583
119	support-coverage	-1.38364655978937293182932086241790410960171649842156436449728620402694109978671934078634874	-1.383646559789373
119	ticks-firing-ratio	-1.38364655978937293182932086241790410960171649842156436449728620402694109978671934078634874	-1.383646559789373
120	active-repo-ratio	-1.38364655978937293182932086241790410960171649842156436449728620402694109978671934078634874	-1.383646559789373
120	annotation-health	-1.38364655978937293182932086241790410960171649842156436449728620402694109978671934078634874	-1.383646559789373
120	attack-coverage	-1.38364655978937293182932086241790410960171649842156436449728620402694109978671934078634874	-1.383646559789373
120	consulting-pct	-1.38364655978937293182932086241790410960171649842156436449728620402694109978671934078634874	-1.383646559789373
120	coupling-density	-1.38364655978937293182932086241790410960171649842156436449728620402694109978671934078634874	-1.383646559789373
120	depositing-signal	-1.38364655978937293182932086241790410960171649842156436449728620402694109978671934078634874	-1.383646559789373
120	loop-health	-1.38364061116992292656927244290735756453842954818865023879111257578521680263769649157075554	-1.3836406111699229
120	mathematics-pct	-1.38364655978327130509582833164297493907870015088159952661468154158222206475194381824890844	-1.3836465597832712
120	mission-health	-1.18048200573529076996819959361964509058231027057870992896628414955837046302019617791335130	-1.1804820057352907
120	portfolio-pct	-1.38364655976496642489535073931818742750965110826170501296686755424806495964761725063658750	-1.3836465597649665
120	sorry-count-norm	-1.38364655978937293182932086241790410960171649842156436449728620402694109978671934078634874	-1.383646559789373
120	stack-pct	-1.38364655973445829123329657874954947319042701646883615644862902057111362118729037038666720	-1.3836465597344583
120	support-coverage	-1.38364655978937293182932086241790410960171649842156436449728620402694109978671934078634874	-1.383646559789373
120	ticks-firing-ratio	-1.38364655978937293182932086241790410960171649842156436449728620402694109978671934078634874	-1.383646559789373
121	active-repo-ratio	-1.38364655978937293182932086241790410960171649842156436449728620402694109978671934078634874	-1.383646559789373
121	annotation-health	-1.38364655978937293182932086241790410960171649842156436449728620402694109978671934078634874	-1.383646559789373
121	attack-coverage	-1.38364655978937293182932086241790410960171649842156436449728620402694109978671934078634874	-1.383646559789373
121	consulting-pct	-1.38364655978937293182932086241790410960171649842156436449728620402694109978671934078634874	-1.383646559789373
121	coupling-density	-1.38364655978937293182932086241790410960171649842156436449728620402694109978671934078634874	-1.383646559789373
121	depositing-signal	-1.38364655978937293182932086241790410960171649842156436449728620402694109978671934078634874	-1.383646559789373
121	loop-health	-1.38364061116992292656927244290735756453842954818865023879111257578521680263769649157075554	-1.3836406111699229
121	mathematics-pct	-1.38364655978327130509582833164297493907870015088159952661468154158222206475194381824890844	-1.3836465597832712
121	mission-health	-1.18048200573529076996819959361964509058231027057870992896628414955837046302019617791335130	-1.1804820057352907
121	portfolio-pct	-1.38364655976496642489535073931818742750965110826170501296686755424806495964761725063658750	-1.3836465597649665
121	sorry-count-norm	-1.38364655978937293182932086241790410960171649842156436449728620402694109978671934078634874	-1.383646559789373
121	stack-pct	-1.38364655973445829123329657874954947319042701646883615644862902057111362118729037038666720	-1.3836465597344583
121	support-coverage	-1.38364655978937293182932086241790410960171649842156436449728620402694109978671934078634874	-1.383646559789373
121	ticks-firing-ratio	-1.38364655978937293182932086241790410960171649842156436449728620402694109978671934078634874	-1.383646559789373
122	active-repo-ratio	-1.38364655978937293182932086241790410960171649842156436449728620402694109978671934078634874	-1.383646559789373
122	annotation-health	-1.38364655978937293182932086241790410960171649842156436449728620402694109978671934078634874	-1.383646559789373
122	attack-coverage	-1.38364655978937293182932086241790410960171649842156436449728620402694109978671934078634874	-1.383646559789373
122	consulting-pct	-1.38364655978937293182932086241790410960171649842156436449728620402694109978671934078634874	-1.383646559789373
122	coupling-density	-1.38364655978937293182932086241790410960171649842156436449728620402694109978671934078634874	-1.383646559789373
122	depositing-signal	-1.38364655978937293182932086241790410960171649842156436449728620402694109978671934078634874	-1.383646559789373
122	loop-health	-1.38364061116992292656927244290735756453842954818865023879111257578521680263769649157075554	-1.3836406111699229
122	mathematics-pct	-1.38364655978327130509582833164297493907870015088159952661468154158222206475194381824890844	-1.3836465597832712
122	mission-health	-1.18048200573529076996819959361964509058231027057870992896628414955837046302019617791335130	-1.1804820057352907
122	portfolio-pct	-1.38364655976496642489535073931818742750965110826170501296686755424806495964761725063658750	-1.3836465597649665
122	sorry-count-norm	-1.38364655978937293182932086241790410960171649842156436449728620402694109978671934078634874	-1.383646559789373
122	stack-pct	-1.38364655973445829123329657874954947319042701646883615644862902057111362118729037038666720	-1.3836465597344583
122	support-coverage	-1.38364655978937293182932086241790410960171649842156436449728620402694109978671934078634874	-1.383646559789373
122	ticks-firing-ratio	-1.38364655978937293182932086241790410960171649842156436449728620402694109978671934078634874	-1.383646559789373
123	active-repo-ratio	-1.38364655978937293182932086241790410960171649842156436449728620402694109978671934078634874	-1.383646559789373
123	annotation-health	-1.38364655978937293182932086241790410960171649842156436449728620402694109978671934078634874	-1.383646559789373
123	attack-coverage	-1.38364655978937293182932086241790410960171649842156436449728620402694109978671934078634874	-1.383646559789373
123	consulting-pct	-1.38364655978937293182932086241790410960171649842156436449728620402694109978671934078634874	-1.383646559789373
123	coupling-density	-1.38364655978937293182932086241790410960171649842156436449728620402694109978671934078634874	-1.383646559789373
123	depositing-signal	-1.38364655978937293182932086241790410960171649842156436449728620402694109978671934078634874	-1.383646559789373
123	loop-health	-1.38364061116992292656927244290735756453842954818865023879111257578521680263769649157075554	-1.3836406111699229
123	mathematics-pct	-1.38364655978327130509582833164297493907870015088159952661468154158222206475194381824890844	-1.3836465597832712
123	mission-health	-1.18048200573529076996819959361964509058231027057870992896628414955837046302019617791335130	-1.1804820057352907
123	portfolio-pct	-1.38364655976496642489535073931818742750965110826170501296686755424806495964761725063658750	-1.3836465597649665
123	sorry-count-norm	-1.38364655978937293182932086241790410960171649842156436449728620402694109978671934078634874	-1.383646559789373
123	stack-pct	-1.38364655973445829123329657874954947319042701646883615644862902057111362118729037038666720	-1.3836465597344583
123	support-coverage	-1.38364655978937293182932086241790410960171649842156436449728620402694109978671934078634874	-1.383646559789373
123	ticks-firing-ratio	-1.38364655978937293182932086241790410960171649842156436449728620402694109978671934078634874	-1.383646559789373
124	active-repo-ratio	-1.38364655978937293182932086241790410960171649842156436449728620402694109978671934078634874	-1.383646559789373
124	annotation-health	-1.38364655978937293182932086241790410960171649842156436449728620402694109978671934078634874	-1.383646559789373
124	attack-coverage	-1.38364655978937293182932086241790410960171649842156436449728620402694109978671934078634874	-1.383646559789373
124	consulting-pct	-1.38364655978937293182932086241790410960171649842156436449728620402694109978671934078634874	-1.383646559789373
124	coupling-density	-1.38364655978937293182932086241790410960171649842156436449728620402694109978671934078634874	-1.383646559789373
124	depositing-signal	-1.38364655978937293182932086241790410960171649842156436449728620402694109978671934078634874	-1.383646559789373
124	loop-health	-1.38364061116992292656927244290735756453842954818865023879111257578521680263769649157075554	-1.3836406111699229
124	mathematics-pct	-1.38364655978327130509582833164297493907870015088159952661468154158222206475194381824890844	-1.3836465597832712
124	mission-health	-1.18048200573529076996819959361964509058231027057870992896628414955837046302019617791335130	-1.1804820057352907
124	portfolio-pct	-1.38364655976496642489535073931818742750965110826170501296686755424806495964761725063658750	-1.3836465597649665
124	sorry-count-norm	-1.38364655978937293182932086241790410960171649842156436449728620402694109978671934078634874	-1.383646559789373
124	stack-pct	-1.38364655973445829123329657874954947319042701646883615644862902057111362118729037038666720	-1.3836465597344583
124	support-coverage	-1.38364655978937293182932086241790410960171649842156436449728620402694109978671934078634874	-1.383646559789373
124	ticks-firing-ratio	-1.38364655978937293182932086241790410960171649842156436449728620402694109978671934078634874	-1.383646559789373
125	active-repo-ratio	-1.38364655978937293182932086241790410960171649842156436449728620402694109978671934078634874	-1.383646559789373
125	annotation-health	-1.38364655978937293182932086241790410960171649842156436449728620402694109978671934078634874	-1.383646559789373
125	attack-coverage	-1.38364655978937293182932086241790410960171649842156436449728620402694109978671934078634874	-1.383646559789373
125	consulting-pct	-1.38364655978937293182932086241790410960171649842156436449728620402694109978671934078634874	-1.383646559789373
125	coupling-density	-1.38364655978937293182932086241790410960171649842156436449728620402694109978671934078634874	-1.383646559789373
125	depositing-signal	-1.38364655978937293182932086241790410960171649842156436449728620402694109978671934078634874	-1.383646559789373
125	loop-health	-1.38364061116992292656927244290735756453842954818865023879111257578521680263769649157075554	-1.3836406111699229
125	mathematics-pct	-1.38364655978327130509582833164297493907870015088159952661468154158222206475194381824890844	-1.3836465597832712
125	mission-health	-1.18048200573529076996819959361964509058231027057870992896628414955837046302019617791335130	-1.1804820057352907
125	portfolio-pct	-1.38364655976496642489535073931818742750965110826170501296686755424806495964761725063658750	-1.3836465597649665
125	sorry-count-norm	-1.38364655978937293182932086241790410960171649842156436449728620402694109978671934078634874	-1.383646559789373
125	stack-pct	-1.38364655973445829123329657874954947319042701646883615644862902057111362118729037038666720	-1.3836465597344583
125	support-coverage	-1.38364655978937293182932086241790410960171649842156436449728620402694109978671934078634874	-1.383646559789373
125	ticks-firing-ratio	-1.38364655978937293182932086241790410960171649842156436449728620402694109978671934078634874	-1.383646559789373
126	active-repo-ratio	-1.38364655978937293182932086241790410960171649842156436449728620402694109978671934078634874	-1.383646559789373
126	annotation-health	-1.38364655978937293182932086241790410960171649842156436449728620402694109978671934078634874	-1.383646559789373
126	attack-coverage	-1.38364655978937293182932086241790410960171649842156436449728620402694109978671934078634874	-1.383646559789373
126	consulting-pct	-1.38364655978937293182932086241790410960171649842156436449728620402694109978671934078634874	-1.383646559789373
126	coupling-density	-1.38364655978937293182932086241790410960171649842156436449728620402694109978671934078634874	-1.383646559789373
126	depositing-signal	-1.38364655978937293182932086241790410960171649842156436449728620402694109978671934078634874	-1.383646559789373
126	loop-health	-1.38364061116992292656927244290735756453842954818865023879111257578521680263769649157075554	-1.3836406111699229
126	mathematics-pct	-1.38364655978327130509582833164297493907870015088159952661468154158222206475194381824890844	-1.3836465597832712
126	mission-health	-1.18048200573529076996819959361964509058231027057870992896628414955837046302019617791335130	-1.1804820057352907
126	portfolio-pct	-1.38364655976496642489535073931818742750965110826170501296686755424806495964761725063658750	-1.3836465597649665
126	sorry-count-norm	-1.38364655978937293182932086241790410960171649842156436449728620402694109978671934078634874	-1.383646559789373
126	stack-pct	-1.38364655973445829123329657874954947319042701646883615644862902057111362118729037038666720	-1.3836465597344583
126	support-coverage	-1.38364655978937293182932086241790410960171649842156436449728620402694109978671934078634874	-1.383646559789373
126	ticks-firing-ratio	-1.38364655978937293182932086241790410960171649842156436449728620402694109978671934078634874	-1.383646559789373
127	active-repo-ratio	-1.38364655978937293182932086241790410960171649842156436449728620402694109978671934078634874	-1.383646559789373
127	annotation-health	-1.38364655978937293182932086241790410960171649842156436449728620402694109978671934078634874	-1.383646559789373
127	attack-coverage	-1.38364655978937293182932086241790410960171649842156436449728620402694109978671934078634874	-1.383646559789373
127	consulting-pct	-1.38364655978937293182932086241790410960171649842156436449728620402694109978671934078634874	-1.383646559789373
127	coupling-density	-1.38364655978937293182932086241790410960171649842156436449728620402694109978671934078634874	-1.383646559789373
127	depositing-signal	-1.38364655978937293182932086241790410960171649842156436449728620402694109978671934078634874	-1.383646559789373
127	loop-health	-1.38364061116992292656927244290735756453842954818865023879111257578521680263769649157075554	-1.3836406111699229
127	mathematics-pct	-1.38364655978327130509582833164297493907870015088159952661468154158222206475194381824890844	-1.3836465597832712
127	mission-health	-1.18048200573529076996819959361964509058231027057870992896628414955837046302019617791335130	-1.1804820057352907
127	portfolio-pct	-1.38364655976496642489535073931818742750965110826170501296686755424806495964761725063658750	-1.3836465597649665
127	sorry-count-norm	-1.38364655978937293182932086241790410960171649842156436449728620402694109978671934078634874	-1.383646559789373
127	stack-pct	-1.38364655973445829123329657874954947319042701646883615644862902057111362118729037038666720	-1.3836465597344583
127	support-coverage	-1.38364655978937293182932086241790410960171649842156436449728620402694109978671934078634874	-1.383646559789373
127	ticks-firing-ratio	-1.38364655978937293182932086241790410960171649842156436449728620402694109978671934078634874	-1.383646559789373
128	active-repo-ratio	-1.38364655978937293182932086241790410960171649842156436449728620402694109978671934078634874	-1.383646559789373
128	annotation-health	-1.38364655978937293182932086241790410960171649842156436449728620402694109978671934078634874	-1.383646559789373
128	attack-coverage	-1.38364655978937293182932086241790410960171649842156436449728620402694109978671934078634874	-1.383646559789373
128	consulting-pct	-1.38364655978937293182932086241790410960171649842156436449728620402694109978671934078634874	-1.383646559789373
128	coupling-density	-1.38364655978937293182932086241790410960171649842156436449728620402694109978671934078634874	-1.383646559789373
128	depositing-signal	-1.38364655978937293182932086241790410960171649842156436449728620402694109978671934078634874	-1.383646559789373
128	loop-health	-1.38364061116992292656927244290735756453842954818865023879111257578521680263769649157075554	-1.3836406111699229
128	mathematics-pct	-1.38364655978327130509582833164297493907870015088159952661468154158222206475194381824890844	-1.3836465597832712
128	mission-health	-1.18080600573529076980632907662929728432191427285619164637111605494969514251122752770524318	-1.1808060057352907
128	portfolio-pct	-1.38364655976496642489535073931818742750965110826170501296686755424806495964761725063658750	-1.3836465597649665
128	sorry-count-norm	-1.38364655978937293182932086241790410960171649842156436449728620402694109978671934078634874	-1.383646559789373
128	stack-pct	-1.38364655973445829123329657874954947319042701646883615644862902057111362118729037038666720	-1.3836465597344583
128	support-coverage	-1.38364655978937293182932086241790410960171649842156436449728620402694109978671934078634874	-1.383646559789373
128	ticks-firing-ratio	-1.38364655978937293182932086241790410960171649842156436449728620402694109978671934078634874	-1.383646559789373
129	active-repo-ratio	-1.38364655978937293182932086241790410960171649842156436449728620402694109978671934078634874	-1.383646559789373
129	annotation-health	-1.38364655978937293182932086241790410960171649842156436449728620402694109978671934078634874	-1.383646559789373
129	attack-coverage	-1.38364655978937293182932086241790410960171649842156436449728620402694109978671934078634874	-1.383646559789373
129	consulting-pct	-1.38364655978937293182932086241790410960171649842156436449728620402694109978671934078634874	-1.383646559789373
129	coupling-density	-1.38364655978937293182932086241790410960171649842156436449728620402694109978671934078634874	-1.383646559789373
129	depositing-signal	-1.38364655978937293182932086241790410960171649842156436449728620402694109978671934078634874	-1.383646559789373
129	loop-health	-1.38364061116992292656927244290735756453842954818865023879111257578521680263769649157075554	-1.3836406111699229
129	mathematics-pct	-1.38364655978327130509582833164297493907870015088159952661468154158222206475194381824890844	-1.3836465597832712
129	mission-health	-1.18091400573529076975237223763251468223511560694868555217272669008013670234157131096920714	-1.1809140057352907
129	portfolio-pct	-1.38364655976496642489535073931818742750965110826170501296686755424806495964761725063658750	-1.3836465597649665
129	sorry-count-norm	-1.38364655978937293182932086241790410960171649842156436449728620402694109978671934078634874	-1.383646559789373
129	stack-pct	-1.38364655973445829123329657874954947319042701646883615644862902057111362118729037038666720	-1.3836465597344583
129	support-coverage	-1.38364655978937293182932086241790410960171649842156436449728620402694109978671934078634874	-1.383646559789373
129	ticks-firing-ratio	-1.38364655978937293182932086241790410960171649842156436449728620402694109978671934078634874	-1.383646559789373
130	active-repo-ratio	-1.38364655978937293182932086241790410960171649842156436449728620402694109978671934078634874	-1.383646559789373
130	annotation-health	-1.38364655978937293182932086241790410960171649842156436449728620402694109978671934078634874	-1.383646559789373
130	attack-coverage	-1.38364655978937293182932086241790410960171649842156436449728620402694109978671934078634874	-1.383646559789373
130	consulting-pct	-1.38364655978937293182932086241790410960171649842156436449728620402694109978671934078634874	-1.383646559789373
130	coupling-density	-1.38364655978937293182932086241790410960171649842156436449728620402694109978671934078634874	-1.383646559789373
130	depositing-signal	-1.38364655978937293182932086241790410960171649842156436449728620402694109978671934078634874	-1.383646559789373
130	loop-health	-1.38364061116992292656927244290735756453842954818865023879111257578521680263769649157075554	-1.3836406111699229
130	mathematics-pct	-1.38364655978327130509582833164297493907870015088159952661468154158222206475194381824890844	-1.3836465597832712
130	mission-health	-1.18091400573529076975237223763251468223511560694868555217272669008013670234157131096920714	-1.1809140057352907
130	portfolio-pct	-1.38364655976496642489535073931818742750965110826170501296686755424806495964761725063658750	-1.3836465597649665
130	sorry-count-norm	-1.38364655978937293182932086241790410960171649842156436449728620402694109978671934078634874	-1.383646559789373
130	stack-pct	-1.38364655973445829123329657874954947319042701646883615644862902057111362118729037038666720	-1.3836465597344583
130	support-coverage	-1.38364655978937293182932086241790410960171649842156436449728620402694109978671934078634874	-1.383646559789373
130	ticks-firing-ratio	-1.38364655978937293182932086241790410960171649842156436449728620402694109978671934078634874	-1.383646559789373
131	active-repo-ratio	-1.38364655978937293182932086241790410960171649842156436449728620402694109978671934078634874	-1.383646559789373
131	annotation-health	-1.38364655978937293182932086241790410960171649842156436449728620402694109978671934078634874	-1.383646559789373
131	attack-coverage	-1.38364655978937293182932086241790410960171649842156436449728620402694109978671934078634874	-1.383646559789373
131	consulting-pct	-1.38364655978937293182932086241790410960171649842156436449728620402694109978671934078634874	-1.383646559789373
131	coupling-density	-1.38364655978937293182932086241790410960171649842156436449728620402694109978671934078634874	-1.383646559789373
131	depositing-signal	-1.38364655978937293182932086241790410960171649842156436449728620402694109978671934078634874	-1.383646559789373
131	loop-health	-1.38364061116992292656927244290735756453842954818865023879111257578521680263769649157075554	-1.3836406111699229
131	mathematics-pct	-1.38364655978327130509582833164297493907870015088159952661468154158222206475194381824890844	-1.3836465597832712
131	mission-health	-1.18091400573529076975237223763251468223511560694868555217272669008013670234157131096920714	-1.1809140057352907
131	portfolio-pct	-1.38364655976496642489535073931818742750965110826170501296686755424806495964761725063658750	-1.3836465597649665
131	sorry-count-norm	-1.38364655978937293182932086241790410960171649842156436449728620402694109978671934078634874	-1.383646559789373
131	stack-pct	-1.38364655973445829123329657874954947319042701646883615644862902057111362118729037038666720	-1.3836465597344583
131	support-coverage	-1.38364655978937293182932086241790410960171649842156436449728620402694109978671934078634874	-1.383646559789373
131	ticks-firing-ratio	-1.38364655978937293182932086241790410960171649842156436449728620402694109978671934078634874	-1.383646559789373
132	active-repo-ratio	-1.38364655978937293182932086241790410960171649842156436449728620402694109978671934078634874	-1.383646559789373
132	annotation-health	-1.38364655978937293182932086241790410960171649842156436449728620402694109978671934078634874	-1.383646559789373
132	attack-coverage	-1.38364655978937293182932086241790410960171649842156436449728620402694109978671934078634874	-1.383646559789373
132	consulting-pct	-1.38364655978937293182932086241790410960171649842156436449728620402694109978671934078634874	-1.383646559789373
132	coupling-density	-1.38364655978937293182932086241790410960171649842156436449728620402694109978671934078634874	-1.383646559789373
132	depositing-signal	-1.38364655978937293182932086241790410960171649842156436449728620402694109978671934078634874	-1.383646559789373
132	loop-health	-1.38364061116992292656927244290735756453842954818865023879111257578521680263769649157075554	-1.3836406111699229
132	mathematics-pct	-1.38364655978327130509582833164297493907870015088159952661468154158222206475194381824890844	-1.3836465597832712
132	mission-health	-1.18091400573529076975237223763251468223511560694868555217272669008013670234157131096920714	-1.1809140057352907
132	portfolio-pct	-1.38364655976496642489535073931818742750965110826170501296686755424806495964761725063658750	-1.3836465597649665
132	sorry-count-norm	-1.38364655978937293182932086241790410960171649842156436449728620402694109978671934078634874	-1.383646559789373
132	stack-pct	-1.38364655973445829123329657874954947319042701646883615644862902057111362118729037038666720	-1.3836465597344583
132	support-coverage	-1.38364655978937293182932086241790410960171649842156436449728620402694109978671934078634874	-1.383646559789373
132	ticks-firing-ratio	-1.38364655978937293182932086241790410960171649842156436449728620402694109978671934078634874	-1.383646559789373
133	active-repo-ratio	-1.38364655978937293182932086241790410960171649842156436449728620402694109978671934078634874	-1.383646559789373
133	annotation-health	-1.38364655978937293182932086241790410960171649842156436449728620402694109978671934078634874	-1.383646559789373
133	attack-coverage	-1.38364655978937293182932086241790410960171649842156436449728620402694109978671934078634874	-1.383646559789373
133	consulting-pct	-1.38364655978937293182932086241790410960171649842156436449728620402694109978671934078634874	-1.383646559789373
133	coupling-density	-1.38364655978937293182932086241790410960171649842156436449728620402694109978671934078634874	-1.383646559789373
133	depositing-signal	-1.38364655978937293182932086241790410960171649842156436449728620402694109978671934078634874	-1.383646559789373
133	loop-health	-1.38364061116992292656927244290735756453842954818865023879111257578521680263769649157075554	-1.3836406111699229
133	mathematics-pct	-1.38364655978327130509582833164297493907870015088159952661468154158222206475194381824890844	-1.3836465597832712
133	mission-health	-1.72662015006934558854466504015696253952862699517025393069711195846215962929679394656515078	-1.7266201500693457
133	portfolio-pct	-1.38364655976496642489535073931818742750965110826170501296686755424806495964761725063658750	-1.3836465597649665
133	sorry-count-norm	-1.38364655978937293182932086241790410960171649842156436449728620402694109978671934078634874	-1.383646559789373
133	stack-pct	-1.38364655973445829123329657874954947319042701646883615644862902057111362118729037038666720	-1.3836465597344583
133	support-coverage	-1.38364655978937293182932086241790410960171649842156436449728620402694109978671934078634874	-1.383646559789373
133	ticks-firing-ratio	-1.38364655978937293182932086241790410960171649842156436449728620402694109978671934078634874	-1.383646559789373
134	active-repo-ratio	-1.38364655978937293182932086241790410960171649842156436449728620402694109978671934078634874	-1.383646559789373
134	annotation-health	-1.38364655978937293182932086241790410960171649842156436449728620402694109978671934078634874	-1.383646559789373
134	attack-coverage	-1.38364655978937293182932086241790410960171649842156436449728620402694109978671934078634874	-1.383646559789373
134	consulting-pct	-1.38364655978937293182932086241790410960171649842156436449728620402694109978671934078634874	-1.383646559789373
134	coupling-density	-1.38364655978937293182932086241790410960171649842156436449728620402694109978671934078634874	-1.383646559789373
134	depositing-signal	-1.38364655978937293182932086241790410960171649842156436449728620402694109978671934078634874	-1.383646559789373
134	loop-health	-1.38364061116992292656927244290735756453842954818865023879111257578521680263769649157075554	-1.3836406111699229
134	mathematics-pct	-1.38364655978327130509582833164297493907870015088159952661468154158222206475194381824890844	-1.3836465597832712
134	mission-health	-1.72662015006934558854466504015696253952862699517025393069711195846215962929679394656515078	-1.7266201500693457
134	portfolio-pct	-1.38364655976496642489535073931818742750965110826170501296686755424806495964761725063658750	-1.3836465597649665
134	sorry-count-norm	-1.38364655978937293182932086241790410960171649842156436449728620402694109978671934078634874	-1.383646559789373
134	stack-pct	-1.38364655973445829123329657874954947319042701646883615644862902057111362118729037038666720	-1.3836465597344583
134	support-coverage	-1.38364655978937293182932086241790410960171649842156436449728620402694109978671934078634874	-1.383646559789373
134	ticks-firing-ratio	-1.38364655978937293182932086241790410960171649842156436449728620402694109978671934078634874	-1.383646559789373
135	active-repo-ratio	-1.38364655978937293182932086241790410960171649842156436449728620402694109978671934078634874	-1.383646559789373
135	annotation-health	-1.38364655978937293182932086241790410960171649842156436449728620402694109978671934078634874	-1.383646559789373
135	attack-coverage	-1.38364655978937293182932086241790410960171649842156436449728620402694109978671934078634874	-1.383646559789373
135	consulting-pct	-1.38364655978937293182932086241790410960171649842156436449728620402694109978671934078634874	-1.383646559789373
135	coupling-density	-1.38364655978937293182932086241790410960171649842156436449728620402694109978671934078634874	-1.383646559789373
135	depositing-signal	-1.38364655978937293182932086241790410960171649842156436449728620402694109978671934078634874	-1.383646559789373
135	loop-health	-1.38364061116992292656927244290735756453842954818865023879111257578521680263769649157075554	-1.3836406111699229
135	mathematics-pct	-1.38364655978327130509582833164297493907870015088159952661468154158222206475194381824890844	-1.3836465597832712
135	mission-health	-1.72862015006934558650463023240823769742675761555896738218262620877363791077156669858928040	-1.7286201500693457
135	portfolio-pct	-1.38364655976496642489535073931818742750965110826170501296686755424806495964761725063658750	-1.3836465597649665
135	sorry-count-norm	-1.38364655978937293182932086241790410960171649842156436449728620402694109978671934078634874	-1.383646559789373
135	stack-pct	-1.38364655973445829123329657874954947319042701646883615644862902057111362118729037038666720	-1.3836465597344583
135	support-coverage	-1.38364655978937293182932086241790410960171649842156436449728620402694109978671934078634874	-1.383646559789373
135	ticks-firing-ratio	-1.38364655978937293182932086241790410960171649842156436449728620402694109978671934078634874	-1.383646559789373
136	active-repo-ratio	-1.38364655978937293182932086241790410960171649842156436449728620402694109978671934078634874	-1.383646559789373
136	annotation-health	-1.38364655978937293182932086241790410960171649842156436449728620402694109978671934078634874	-1.383646559789373
136	attack-coverage	-1.38364655978937293182932086241790410960171649842156436449728620402694109978671934078634874	-1.383646559789373
136	consulting-pct	-1.38364655978937293182932086241790410960171649842156436449728620402694109978671934078634874	-1.383646559789373
136	coupling-density	-1.38364655978937293182932086241790410960171649842156436449728620402694109978671934078634874	-1.383646559789373
136	depositing-signal	-1.38364655978937293182932086241790410960171649842156436449728620402694109978671934078634874	-1.383646559789373
136	loop-health	-1.38364061116992292656927244290735756453842954818865023879111257578521680263769649157075554	-1.3836406111699229
136	mathematics-pct	-1.38364655978327130509582833164297493907870015088159952661468154158222206475194381824890844	-1.3836465597832712
136	mission-health	-1.38364655978937293182932086241790410960171649842156436449728620402694109978671934078634874	-1.383646559789373
136	portfolio-pct	-1.38364655976496642489535073931818742750965110826170501296686755424806495964761725063658750	-1.3836465597649665
136	sorry-count-norm	-1.38364655978937293182932086241790410960171649842156436449728620402694109978671934078634874	-1.383646559789373
136	stack-pct	-1.38364655973445829123329657874954947319042701646883615644862902057111362118729037038666720	-1.3836465597344583
136	support-coverage	-1.38364655978937293182932086241790410960171649842156436449728620402694109978671934078634874	-1.383646559789373
136	ticks-firing-ratio	-1.38364655978937293182932086241790410960171649842156436449728620402694109978671934078634874	-1.383646559789373
137	active-repo-ratio	-1.38364655978937293182932086241790410960171649842156436449728620402694109978671934078634874	-1.383646559789373
137	annotation-health	-1.38364655978937293182932086241790410960171649842156436449728620402694109978671934078634874	-1.383646559789373
137	attack-coverage	-1.38364655978937293182932086241790410960171649842156436449728620402694109978671934078634874	-1.383646559789373
137	consulting-pct	-1.38364655978937293182932086241790410960171649842156436449728620402694109978671934078634874	-1.383646559789373
137	coupling-density	-1.38364655978937293182932086241790410960171649842156436449728620402694109978671934078634874	-1.383646559789373
137	depositing-signal	-1.38364655978937293182932086241790410960171649842156436449728620402694109978671934078634874	-1.383646559789373
137	loop-health	-1.38364061116992292656927244290735756453842954818865023879111257578521680263769649157075554	-1.3836406111699229
137	mathematics-pct	-1.38364655978327130509582833164297493907870015088159952661468154158222206475194381824890844	-1.3836465597832712
137	mission-health	-1.38364655978937293182932086241790410960171649842156436449728620402694109978671934078634874	-1.383646559789373
137	portfolio-pct	-1.38364655976496642489535073931818742750965110826170501296686755424806495964761725063658750	-1.3836465597649665
137	sorry-count-norm	-1.38364655978937293182932086241790410960171649842156436449728620402694109978671934078634874	-1.383646559789373
137	stack-pct	-1.38364655973445829123329657874954947319042701646883615644862902057111362118729037038666720	-1.3836465597344583
137	support-coverage	-1.38364655978937293182932086241790410960171649842156436449728620402694109978671934078634874	-1.383646559789373
137	ticks-firing-ratio	-1.01915283853640923834179071872270818101411073675596548877852713071685286167873663150279566	-1.0191528385364093
138	active-repo-ratio	-1.38364655978937293182932086241790410960171649842156436449728620402694109978671934078634874	-1.383646559789373
138	annotation-health	-1.38364655978937293182932086241790410960171649842156436449728620402694109978671934078634874	-1.383646559789373
138	attack-coverage	-1.38364655978937293182932086241790410960171649842156436449728620402694109978671934078634874	-1.383646559789373
138	consulting-pct	-1.38364655978937293182932086241790410960171649842156436449728620402694109978671934078634874	-1.383646559789373
138	coupling-density	-1.38364655978937293182932086241790410960171649842156436449728620402694109978671934078634874	-1.383646559789373
138	depositing-signal	-1.38364655978937293182932086241790410960171649842156436449728620402694109978671934078634874	-1.383646559789373
138	loop-health	-1.38364061116992292656927244290735756453842954818865023879111257578521680263769649157075554	-1.3836406111699229
138	mathematics-pct	-1.38364655978327130509582833164297493907870015088159952661468154158222206475194381824890844	-1.3836465597832712
138	mission-health	-1.38364655978937293182932086241790410960171649842156436449728620402694109978671934078634874	-1.383646559789373
138	portfolio-pct	-1.38364655976496642489535073931818742750965110826170501296686755424806495964761725063658750	-1.3836465597649665
138	sorry-count-norm	-1.38364655978937293182932086241790410960171649842156436449728620402694109978671934078634874	-1.383646559789373
138	stack-pct	-1.38364655973445829123329657874954947319042701646883615644862902057111362118729037038666720	-1.3836465597344583
138	support-coverage	-1.38364655978937293182932086241790410960171649842156436449728620402694109978671934078634874	-1.383646559789373
138	ticks-firing-ratio	-1.00973363479943950127295967210987554822832382721098841688510345100837971202712583584417904	-1.0097336347994395
139	active-repo-ratio	-1.38364655978937293182932086241790410960171649842156436449728620402694109978671934078634874	-1.383646559789373
139	annotation-health	-1.38364655978937293182932086241790410960171649842156436449728620402694109978671934078634874	-1.383646559789373
139	attack-coverage	-1.38364655978937293182932086241790410960171649842156436449728620402694109978671934078634874	-1.383646559789373
139	consulting-pct	-1.38364655978937293182932086241790410960171649842156436449728620402694109978671934078634874	-1.383646559789373
139	coupling-density	-1.38364655978937293182932086241790410960171649842156436449728620402694109978671934078634874	-1.383646559789373
139	depositing-signal	-1.38364655978937293182932086241790410960171649842156436449728620402694109978671934078634874	-1.383646559789373
139	loop-health	-1.38364061116992292656927244290735756453842954818865023879111257578521680263769649157075554	-1.3836406111699229
139	mathematics-pct	-1.38364655978327130509582833164297493907870015088159952661468154158222206475194381824890844	-1.3836465597832712
139	mission-health	-1.38364655978937293182932086241790410960171649842156436449728620402694109978671934078634874	-1.383646559789373
139	portfolio-pct	-1.38364655976496642489535073931818742750965110826170501296686755424806495964761725063658750	-1.3836465597649665
139	sorry-count-norm	-1.38364655978937293182932086241790410960171649842156436449728620402694109978671934078634874	-1.383646559789373
139	stack-pct	-1.38364655973445829123329657874954947319042701646883615644862902057111362118729037038666720	-1.3836465597344583
139	support-coverage	-1.38364655978937293182932086241790410960171649842156436449728620402694109978671934078634874	-1.383646559789373
139	ticks-firing-ratio	-0.97457296950940027148285350476419269349357341409134089409681763670237471843317879497738467	-0.9745729695094003
140	active-repo-ratio	-1.38364655978937293182932086241790410960171649842156436449728620402694109978671934078634874	-1.383646559789373
140	annotation-health	-1.38364655978937293182932086241790410960171649842156436449728620402694109978671934078634874	-1.383646559789373
140	attack-coverage	-1.38364655978937293182932086241790410960171649842156436449728620402694109978671934078634874	-1.383646559789373
140	consulting-pct	-1.38364655978937293182932086241790410960171649842156436449728620402694109978671934078634874	-1.383646559789373
140	coupling-density	-1.38364655978937293182932086241790410960171649842156436449728620402694109978671934078634874	-1.383646559789373
140	depositing-signal	-1.38364655978937293182932086241790410960171649842156436449728620402694109978671934078634874	-1.383646559789373
140	loop-health	-1.38364061116992292656927244290735756453842954818865023879111257578521680263769649157075554	-1.3836406111699229
140	mathematics-pct	-1.38364655978327130509582833164297493907870015088159952661468154158222206475194381824890844	-1.3836465597832712
140	mission-health	-1.38364655978937293182932086241790410960171649842156436449728620402694109978671934078634874	-1.383646559789373
140	portfolio-pct	-1.38364655976496642489535073931818742750965110826170501296686755424806495964761725063658750	-1.3836465597649665
140	sorry-count-norm	-1.38364655978937293182932086241790410960171649842156436449728620402694109978671934078634874	-1.383646559789373
140	stack-pct	-1.38364655973445829123329657874954947319042701646883615644862902057111362118729037038666720	-1.3836465597344583
140	support-coverage	-1.38364655978937293182932086241790410960171649842156436449728620402694109978671934078634874	-1.383646559789373
140	ticks-firing-ratio	-1.38364655978937293182932086241790410960171649842156436449728620402694109978671934078634874	-1.383646559789373
141	active-repo-ratio	-1.38364655978937293182932086241790410960171649842156436449728620402694109978671934078634874	-1.383646559789373
141	annotation-health	-1.38364655978937293182932086241790410960171649842156436449728620402694109978671934078634874	-1.383646559789373
141	attack-coverage	-1.38364655978937293182932086241790410960171649842156436449728620402694109978671934078634874	-1.383646559789373
141	consulting-pct	-1.38364655978937293182932086241790410960171649842156436449728620402694109978671934078634874	-1.383646559789373
141	coupling-density	-1.38364655978937293182932086241790410960171649842156436449728620402694109978671934078634874	-1.383646559789373
141	depositing-signal	-1.38364655978937293182932086241790410960171649842156436449728620402694109978671934078634874	-1.383646559789373
141	loop-health	-1.38364061116992292656927244290735756453842954818865023879111257578521680263769649157075554	-1.3836406111699229
141	mathematics-pct	-1.38364655978327130509582833164297493907870015088159952661468154158222206475194381824890844	-1.3836465597832712
141	mission-health	-1.38364655978937293182932086241790410960171649842156436449728620402694109978671934078634874	-1.383646559789373
141	portfolio-pct	-1.38364655976496642489535073931818742750965110826170501296686755424806495964761725063658750	-1.3836465597649665
141	sorry-count-norm	-1.38364655978937293182932086241790410960171649842156436449728620402694109978671934078634874	-1.383646559789373
141	stack-pct	-1.38364655973445829123329657874954947319042701646883615644862902057111362118729037038666720	-1.3836465597344583
141	support-coverage	-1.38364655978937293182932086241790410960171649842156436449728620402694109978671934078634874	-1.383646559789373
141	ticks-firing-ratio	-1.38364655978937293182932086241790410960171649842156436449728620402694109978671934078634874	-1.383646559789373
142	active-repo-ratio	-1.38364655978937293182932086241790410960171649842156436449728620402694109978671934078634874	-1.383646559789373
142	annotation-health	-1.38364655978937293182932086241790410960171649842156436449728620402694109978671934078634874	-1.383646559789373
142	attack-coverage	-1.38364655978937293182932086241790410960171649842156436449728620402694109978671934078634874	-1.383646559789373
142	consulting-pct	-1.38364655978937293182932086241790410960171649842156436449728620402694109978671934078634874	-1.383646559789373
142	coupling-density	-1.38364655978937293182932086241790410960171649842156436449728620402694109978671934078634874	-1.383646559789373
142	depositing-signal	-1.38364655978937293182932086241790410960171649842156436449728620402694109978671934078634874	-1.383646559789373
142	loop-health	-1.38364061116992292656927244290735756453842954818865023879111257578521680263769649157075554	-1.3836406111699229
142	mathematics-pct	-1.38364655978327130509582833164297493907870015088159952661468154158222206475194381824890844	-1.3836465597832712
142	mission-health	-1.38364655978937293182932086241790410960171649842156436449728620402694109978671934078634874	-1.383646559789373
142	portfolio-pct	-1.38364655976496642489535073931818742750965110826170501296686755424806495964761725063658750	-1.3836465597649665
142	sorry-count-norm	-1.38364655978937293182932086241790410960171649842156436449728620402694109978671934078634874	-1.383646559789373
142	stack-pct	-1.38364655973445829123329657874954947319042701646883615644862902057111362118729037038666720	-1.3836465597344583
142	support-coverage	-1.38364655978937293182932086241790410960171649842156436449728620402694109978671934078634874	-1.383646559789373
142	ticks-firing-ratio	-1.38364655978937293182932086241790410960171649842156436449728620402694109978671934078634874	-1.383646559789373
143	active-repo-ratio	-1.38364655978937293182932086241790410960171649842156436449728620402694109978671934078634874	-1.383646559789373
143	annotation-health	-1.38364655978937293182932086241790410960171649842156436449728620402694109978671934078634874	-1.383646559789373
143	attack-coverage	-1.38364655978937293182932086241790410960171649842156436449728620402694109978671934078634874	-1.383646559789373
143	consulting-pct	-1.38364655978937293182932086241790410960171649842156436449728620402694109978671934078634874	-1.383646559789373
143	coupling-density	-1.38364655978937293182932086241790410960171649842156436449728620402694109978671934078634874	-1.383646559789373
143	depositing-signal	-1.38364655978937293182932086241790410960171649842156436449728620402694109978671934078634874	-1.383646559789373
143	loop-health	-1.38364061116992292656927244290735756453842954818865023879111257578521680263769649157075554	-1.3836406111699229
143	mathematics-pct	-1.38364655978327130509582833164297493907870015088159952661468154158222206475194381824890844	-1.3836465597832712
143	mission-health	-1.38364655978937293182932086241790410960171649842156436449728620402694109978671934078634874	-1.383646559789373
143	portfolio-pct	-1.38364655976496642489535073931818742750965110826170501296686755424806495964761725063658750	-1.3836465597649665
143	sorry-count-norm	-1.38364655978937293182932086241790410960171649842156436449728620402694109978671934078634874	-1.383646559789373
143	stack-pct	-1.38364655973445829123329657874954947319042701646883615644862902057111362118729037038666720	-1.3836465597344583
143	support-coverage	-1.38364655978937293182932086241790410960171649842156436449728620402694109978671934078634874	-1.383646559789373
143	ticks-firing-ratio	-1.38364655978937293182932086241790410960171649842156436449728620402694109978671934078634874	-1.383646559789373
144	active-repo-ratio	-1.38364655978937293182932086241790410960171649842156436449728620402694109978671934078634874	-1.383646559789373
144	annotation-health	-1.38364655978937293182932086241790410960171649842156436449728620402694109978671934078634874	-1.383646559789373
144	attack-coverage	-1.38364655978937293182932086241790410960171649842156436449728620402694109978671934078634874	-1.383646559789373
144	consulting-pct	-1.38364655978937293182932086241790410960171649842156436449728620402694109978671934078634874	-1.383646559789373
144	coupling-density	-1.38364655978937293182932086241790410960171649842156436449728620402694109978671934078634874	-1.383646559789373
144	depositing-signal	-1.38364655978937293182932086241790410960171649842156436449728620402694109978671934078634874	-1.383646559789373
144	loop-health	-1.38364061116992292656927244290735756453842954818865023879111257578521680263769649157075554	-1.3836406111699229
144	mathematics-pct	-1.38364655978327130509582833164297493907870015088159952661468154158222206475194381824890844	-1.3836465597832712
144	mission-health	-1.38364655978937293182932086241790410960171649842156436449728620402694109978671934078634874	-1.383646559789373
144	portfolio-pct	-1.38364655976496642489535073931818742750965110826170501296686755424806495964761725063658750	-1.3836465597649665
144	sorry-count-norm	-1.38364655978937293182932086241790410960171649842156436449728620402694109978671934078634874	-1.383646559789373
144	stack-pct	-1.38364655973445829123329657874954947319042701646883615644862902057111362118729037038666720	-1.3836465597344583
144	support-coverage	-1.38364655978937293182932086241790410960171649842156436449728620402694109978671934078634874	-1.383646559789373
144	ticks-firing-ratio	-1.38364655978937293182932086241790410960171649842156436449728620402694109978671934078634874	-1.383646559789373
145	active-repo-ratio	-1.38364655978937293182932086241790410960171649842156436449728620402694109978671934078634874	-1.383646559789373
145	annotation-health	-1.38364655978937293182932086241790410960171649842156436449728620402694109978671934078634874	-1.383646559789373
145	attack-coverage	-1.38364655978937293182932086241790410960171649842156436449728620402694109978671934078634874	-1.383646559789373
145	consulting-pct	-1.38364655978937293182932086241790410960171649842156436449728620402694109978671934078634874	-1.383646559789373
145	coupling-density	-1.38364655978937293182932086241790410960171649842156436449728620402694109978671934078634874	-1.383646559789373
145	depositing-signal	-1.38364655978937293182932086241790410960171649842156436449728620402694109978671934078634874	-1.383646559789373
145	loop-health	-1.38364061116992292656927244290735756453842954818865023879111257578521680263769649157075554	-1.3836406111699229
145	mathematics-pct	-1.38364655978327130509582833164297493907870015088159952661468154158222206475194381824890844	-1.3836465597832712
145	mission-health	-1.38364655978937293182932086241790410960171649842156436449728620402694109978671934078634874	-1.383646559789373
145	portfolio-pct	-1.38364655976496642489535073931818742750965110826170501296686755424806495964761725063658750	-1.3836465597649665
145	sorry-count-norm	-1.38364655978937293182932086241790410960171649842156436449728620402694109978671934078634874	-1.383646559789373
145	stack-pct	-1.38364655973445829123329657874954947319042701646883615644862902057111362118729037038666720	-1.3836465597344583
145	support-coverage	-1.38364655978937293182932086241790410960171649842156436449728620402694109978671934078634874	-1.383646559789373
145	ticks-firing-ratio	-1.38364655978937293182932086241790410960171649842156436449728620402694109978671934078634874	-1.383646559789373
