candidate	channel	residual	variance
1	active-repo-ratio	0/202402253307310618352495346718917307049556649764142118356901358027430339567995346891960383701437124495187077864316811911389808737385793476867013399940738509921517424276566361364466907742093216341239767678472745068562007483424692698618103355649159556340810056512358769552333414615230502532186327508646006263307707741093494784	5764607523034235/576460752303423488
1	annotation-health	0/202402253307310618352495346718917307049556649764142118356901358027430339567995346891960383701437124495187077864316811911389808737385793476867013399940738509921517424276566361364466907742093216341239767678472745068562007483424692698618103355649159556340810056512358769552333414615230502532186327508646006263307707741093494784	5764607523034235/576460752303423488
1	attack-coverage	0/202402253307310618352495346718917307049556649764142118356901358027430339567995346891960383701437124495187077864316811911389808737385793476867013399940738509921517424276566361364466907742093216341239767678472745068562007483424692698618103355649159556340810056512358769552333414615230502532186327508646006263307707741093494784	5764607523034235/576460752303423488
1	consulting-pct	0/202402253307310618352495346718917307049556649764142118356901358027430339567995346891960383701437124495187077864316811911389808737385793476867013399940738509921517424276566361364466907742093216341239767678472745068562007483424692698618103355649159556340810056512358769552333414615230502532186327508646006263307707741093494784	5764607523034235/576460752303423488
1	coupling-density	0/202402253307310618352495346718917307049556649764142118356901358027430339567995346891960383701437124495187077864316811911389808737385793476867013399940738509921517424276566361364466907742093216341239767678472745068562007483424692698618103355649159556340810056512358769552333414615230502532186327508646006263307707741093494784	5764607523034235/576460752303423488
1	depositing-signal	0/202402253307310618352495346718917307049556649764142118356901358027430339567995346891960383701437124495187077864316811911389808737385793476867013399940738509921517424276566361364466907742093216341239767678472745068562007483424692698618103355649159556340810056512358769552333414615230502532186327508646006263307707741093494784	5764607523034235/576460752303423488
1	loop-health	6362720025837568/18446744073709551616	5764607523034235/576460752303423488
1	mathematics-pct	-6598686489419776/18889465931478580854784	5764607523034235/576460752303423488
1	mission-health	-6643279527274908/288230376151711744	8646911284551352/576460752303423488
1	portfolio-pct	-6598686489419776/9444732965739290427392	5764607523034235/576460752303423488
1	sorry-count-norm	0/202402253307310618352495346718917307049556649764142118356901358027430339567995346891960383701437124495187077864316811911389808737385793476867013399940738509921517424276566361364466907742093216341239767678472745068562007483424692698618103355649159556340810056512358769552333414615230502532186327508646006263307707741093494784	5764607523034235/576460752303423488
1	stack-pct	4949014866821120/4722366482869645213696	5764607523034235/576460752303423488
1	support-coverage	0/202402253307310618352495346718917307049556649764142118356901358027430339567995346891960383701437124495187077864316811911389808737385793476867013399940738509921517424276566361364466907742093216341239767678472745068562007483424692698618103355649159556340810056512358769552333414615230502532186327508646006263307707741093494784	5764607523034235/576460752303423488
1	ticks-firing-ratio	0/202402253307310618352495346718917307049556649764142118356901358027430339567995346891960383701437124495187077864316811911389808737385793476867013399940738509921517424276566361364466907742093216341239767678472745068562007483424692698618103355649159556340810056512358769552333414615230502532186327508646006263307707741093494784	5764607523034235/576460752303423488
2	active-repo-ratio	0/202402253307310618352495346718917307049556649764142118356901358027430339567995346891960383701437124495187077864316811911389808737385793476867013399940738509921517424276566361364466907742093216341239767678472745068562007483424692698618103355649159556340810056512358769552333414615230502532186327508646006263307707741093494784	5764607523034235/576460752303423488
2	annotation-health	0/202402253307310618352495346718917307049556649764142118356901358027430339567995346891960383701437124495187077864316811911389808737385793476867013399940738509921517424276566361364466907742093216341239767678472745068562007483424692698618103355649159556340810056512358769552333414615230502532186327508646006263307707741093494784	5764607523034235/576460752303423488
2	attack-coverage	0/202402253307310618352495346718917307049556649764142118356901358027430339567995346891960383701437124495187077864316811911389808737385793476867013399940738509921517424276566361364466907742093216341239767678472745068562007483424692698618103355649159556340810056512358769552333414615230502532186327508646006263307707741093494784	5764607523034235/576460752303423488
2	consulting-pct	0/202402253307310618352495346718917307049556649764142118356901358027430339567995346891960383701437124495187077864316811911389808737385793476867013399940738509921517424276566361364466907742093216341239767678472745068562007483424692698618103355649159556340810056512358769552333414615230502532186327508646006263307707741093494784	5764607523034235/576460752303423488
2	coupling-density	0/202402253307310618352495346718917307049556649764142118356901358027430339567995346891960383701437124495187077864316811911389808737385793476867013399940738509921517424276566361364466907742093216341239767678472745068562007483424692698618103355649159556340810056512358769552333414615230502532186327508646006263307707741093494784	5764607523034235/576460752303423488
2	depositing-signal	0/202402253307310618352495346718917307049556649764142118356901358027430339567995346891960383701437124495187077864316811911389808737385793476867013399940738509921517424276566361364466907742093216341239767678472745068562007483424692698618103355649159556340810056512358769552333414615230502532186327508646006263307707741093494784	5764607523034235/576460752303423488
2	loop-health	6362720025837568/18446744073709551616	5764607523034235/576460752303423488
2	mathematics-pct	-6598686489419776/18889465931478580854784	5764607523034235/576460752303423488
2	mission-health	-4995699414645640/288230376151711744	8646911284551352/576460752303423488
2	portfolio-pct	-6598686489419776/9444732965739290427392	5764607523034235/576460752303423488
2	sorry-count-norm	0/202402253307310618352495346718917307049556649764142118356901358027430339567995346891960383701437124495187077864316811911389808737385793476867013399940738509921517424276566361364466907742093216341239767678472745068562007483424692698618103355649159556340810056512358769552333414615230502532186327508646006263307707741093494784	5764607523034235/576460752303423488
2	stack-pct	4949014866821120/4722366482869645213696	5764607523034235/576460752303423488
2	support-coverage	0/202402253307310618352495346718917307049556649764142118356901358027430339567995346891960383701437124495187077864316811911389808737385793476867013399940738509921517424276566361364466907742093216341239767678472745068562007483424692698618103355649159556340810056512358769552333414615230502532186327508646006263307707741093494784	5764607523034235/576460752303423488
2	ticks-firing-ratio	0/202402253307310618352495346718917307049556649764142118356901358027430339567995346891960383701437124495187077864316811911389808737385793476867013399940738509921517424276566361364466907742093216341239767678472745068562007483424692698618103355649159556340810056512358769552333414615230502532186327508646006263307707741093494784	5764607523034235/576460752303423488
3	active-repo-ratio	0/202402253307310618352495346718917307049556649764142118356901358027430339567995346891960383701437124495187077864316811911389808737385793476867013399940738509921517424276566361364466907742093216341239767678472745068562007483424692698618103355649159556340810056512358769552333414615230502532186327508646006263307707741093494784	5764607523034235/576460752303423488
3	annotation-health	0/202402253307310618352495346718917307049556649764142118356901358027430339567995346891960383701437124495187077864316811911389808737385793476867013399940738509921517424276566361364466907742093216341239767678472745068562007483424692698618103355649159556340810056512358769552333414615230502532186327508646006263307707741093494784	5764607523034235/576460752303423488
3	attack-coverage	0/202402253307310618352495346718917307049556649764142118356901358027430339567995346891960383701437124495187077864316811911389808737385793476867013399940738509921517424276566361364466907742093216341239767678472745068562007483424692698618103355649159556340810056512358769552333414615230502532186327508646006263307707741093494784	5764607523034235/576460752303423488
3	consulting-pct	0/202402253307310618352495346718917307049556649764142118356901358027430339567995346891960383701437124495187077864316811911389808737385793476867013399940738509921517424276566361364466907742093216341239767678472745068562007483424692698618103355649159556340810056512358769552333414615230502532186327508646006263307707741093494784	5764607523034235/576460752303423488
3	coupling-density	0/202402253307310618352495346718917307049556649764142118356901358027430339567995346891960383701437124495187077864316811911389808737385793476867013399940738509921517424276566361364466907742093216341239767678472745068562007483424692698618103355649159556340810056512358769552333414615230502532186327508646006263307707741093494784	5764607523034235/576460752303423488
3	depositing-signal	0/202402253307310618352495346718917307049556649764142118356901358027430339567995346891960383701437124495187077864316811911389808737385793476867013399940738509921517424276566361364466907742093216341239767678472745068562007483424692698618103355649159556340810056512358769552333414615230502532186327508646006263307707741093494784	5764607523034235/576460752303423488
3	loop-health	6362720025837568/18446744073709551616	5764607523034235/576460752303423488
3	mathematics-pct	-6598686489419776/18889465931478580854784	5764607523034235/576460752303423488
3	mission-health	-8729514625152440/576460752303423488	8646911284551352/576460752303423488
3	portfolio-pct	-6598686489419776/9444732965739290427392	5764607523034235/576460752303423488
3	sorry-count-norm	0/202402253307310618352495346718917307049556649764142118356901358027430339567995346891960383701437124495187077864316811911389808737385793476867013399940738509921517424276566361364466907742093216341239767678472745068562007483424692698618103355649159556340810056512358769552333414615230502532186327508646006263307707741093494784	5764607523034235/576460752303423488
3	stack-pct	4949014866821120/4722366482869645213696	5764607523034235/576460752303423488
3	support-coverage	0/202402253307310618352495346718917307049556649764142118356901358027430339567995346891960383701437124495187077864316811911389808737385793476867013399940738509921517424276566361364466907742093216341239767678472745068562007483424692698618103355649159556340810056512358769552333414615230502532186327508646006263307707741093494784	5764607523034235/576460752303423488
3	ticks-firing-ratio	0/202402253307310618352495346718917307049556649764142118356901358027430339567995346891960383701437124495187077864316811911389808737385793476867013399940738509921517424276566361364466907742093216341239767678472745068562007483424692698618103355649159556340810056512358769552333414615230502532186327508646006263307707741093494784	5764607523034235/576460752303423488
4	active-repo-ratio	0/202402253307310618352495346718917307049556649764142118356901358027430339567995346891960383701437124495187077864316811911389808737385793476867013399940738509921517424276566361364466907742093216341239767678472745068562007483424692698618103355649159556340810056512358769552333414615230502532186327508646006263307707741093494784	5764607523034235/576460752303423488
4	annotation-health	0/202402253307310618352495346718917307049556649764142118356901358027430339567995346891960383701437124495187077864316811911389808737385793476867013399940738509921517424276566361364466907742093216341239767678472745068562007483424692698618103355649159556340810056512358769552333414615230502532186327508646006263307707741093494784	5764607523034235/576460752303423488
4	attack-coverage	0/202402253307310618352495346718917307049556649764142118356901358027430339567995346891960383701437124495187077864316811911389808737385793476867013399940738509921517424276566361364466907742093216341239767678472745068562007483424692698618103355649159556340810056512358769552333414615230502532186327508646006263307707741093494784	5764607523034235/576460752303423488
4	consulting-pct	0/202402253307310618352495346718917307049556649764142118356901358027430339567995346891960383701437124495187077864316811911389808737385793476867013399940738509921517424276566361364466907742093216341239767678472745068562007483424692698618103355649159556340810056512358769552333414615230502532186327508646006263307707741093494784	5764607523034235/576460752303423488
4	coupling-density	0/202402253307310618352495346718917307049556649764142118356901358027430339567995346891960383701437124495187077864316811911389808737385793476867013399940738509921517424276566361364466907742093216341239767678472745068562007483424692698618103355649159556340810056512358769552333414615230502532186327508646006263307707741093494784	5764607523034235/576460752303423488
4	depositing-signal	0/202402253307310618352495346718917307049556649764142118356901358027430339567995346891960383701437124495187077864316811911389808737385793476867013399940738509921517424276566361364466907742093216341239767678472745068562007483424692698618103355649159556340810056512358769552333414615230502532186327508646006263307707741093494784	5764607523034235/576460752303423488
4	loop-health	6362720025837568/18446744073709551616	5764607523034235/576460752303423488
4	mathematics-pct	-6598686489419776/18889465931478580854784	5764607523034235/576460752303423488
4	mission-health	-8423057032718724/576460752303423488	8646911284551352/576460752303423488
4	portfolio-pct	-6598686489419776/9444732965739290427392	5764607523034235/576460752303423488
4	sorry-count-norm	0/202402253307310618352495346718917307049556649764142118356901358027430339567995346891960383701437124495187077864316811911389808737385793476867013399940738509921517424276566361364466907742093216341239767678472745068562007483424692698618103355649159556340810056512358769552333414615230502532186327508646006263307707741093494784	5764607523034235/576460752303423488
4	stack-pct	4949014866821120/4722366482869645213696	5764607523034235/576460752303423488
4	support-coverage	0/202402253307310618352495346718917307049556649764142118356901358027430339567995346891960383701437124495187077864316811911389808737385793476867013399940738509921517424276566361364466907742093216341239767678472745068562007483424692698618103355649159556340810056512358769552333414615230502532186327508646006263307707741093494784	5764607523034235/576460752303423488
4	ticks-firing-ratio	0/202402253307310618352495346718917307049556649764142118356901358027430339567995346891960383701437124495187077864316811911389808737385793476867013399940738509921517424276566361364466907742093216341239767678472745068562007483424692698618103355649159556340810056512358769552333414615230502532186327508646006263307707741093494784	5764607523034235/576460752303423488
5	active-repo-ratio	0/202402253307310618352495346718917307049556649764142118356901358027430339567995346891960383701437124495187077864316811911389808737385793476867013399940738509921517424276566361364466907742093216341239767678472745068562007483424692698618103355649159556340810056512358769552333414615230502532186327508646006263307707741093494784	5764607523034235/576460752303423488
5	annotation-health	0/202402253307310618352495346718917307049556649764142118356901358027430339567995346891960383701437124495187077864316811911389808737385793476867013399940738509921517424276566361364466907742093216341239767678472745068562007483424692698618103355649159556340810056512358769552333414615230502532186327508646006263307707741093494784	5764607523034235/576460752303423488
5	attack-coverage	0/202402253307310618352495346718917307049556649764142118356901358027430339567995346891960383701437124495187077864316811911389808737385793476867013399940738509921517424276566361364466907742093216341239767678472745068562007483424692698618103355649159556340810056512358769552333414615230502532186327508646006263307707741093494784	5764607523034235/576460752303423488
5	consulting-pct	0/202402253307310618352495346718917307049556649764142118356901358027430339567995346891960383701437124495187077864316811911389808737385793476867013399940738509921517424276566361364466907742093216341239767678472745068562007483424692698618103355649159556340810056512358769552333414615230502532186327508646006263307707741093494784	5764607523034235/576460752303423488
5	coupling-density	0/202402253307310618352495346718917307049556649764142118356901358027430339567995346891960383701437124495187077864316811911389808737385793476867013399940738509921517424276566361364466907742093216341239767678472745068562007483424692698618103355649159556340810056512358769552333414615230502532186327508646006263307707741093494784	5764607523034235/576460752303423488
5	depositing-signal	0/202402253307310618352495346718917307049556649764142118356901358027430339567995346891960383701437124495187077864316811911389808737385793476867013399940738509921517424276566361364466907742093216341239767678472745068562007483424692698618103355649159556340810056512358769552333414615230502532186327508646006263307707741093494784	5764607523034235/576460752303423488
5	loop-health	6362720025837568/18446744073709551616	5764607523034235/576460752303423488
5	mathematics-pct	-6598686489419776/18889465931478580854784	5764607523034235/576460752303423488
5	mission-health	-7158849359251632/576460752303423488	8646911284551352/576460752303423488
5	portfolio-pct	-6598686489419776/9444732965739290427392	5764607523034235/576460752303423488
5	sorry-count-norm	0/202402253307310618352495346718917307049556649764142118356901358027430339567995346891960383701437124495187077864316811911389808737385793476867013399940738509921517424276566361364466907742093216341239767678472745068562007483424692698618103355649159556340810056512358769552333414615230502532186327508646006263307707741093494784	5764607523034235/576460752303423488
5	stack-pct	4949014866821120/4722366482869645213696	5764607523034235/576460752303423488
5	support-coverage	0/202402253307310618352495346718917307049556649764142118356901358027430339567995346891960383701437124495187077864316811911389808737385793476867013399940738509921517424276566361364466907742093216341239767678472745068562007483424692698618103355649159556340810056512358769552333414615230502532186327508646006263307707741093494784	5764607523034235/576460752303423488
5	ticks-firing-ratio	0/202402253307310618352495346718917307049556649764142118356901358027430339567995346891960383701437124495187077864316811911389808737385793476867013399940738509921517424276566361364466907742093216341239767678472745068562007483424692698618103355649159556340810056512358769552333414615230502532186327508646006263307707741093494784	5764607523034235/576460752303423488
6	active-repo-ratio	0/202402253307310618352495346718917307049556649764142118356901358027430339567995346891960383701437124495187077864316811911389808737385793476867013399940738509921517424276566361364466907742093216341239767678472745068562007483424692698618103355649159556340810056512358769552333414615230502532186327508646006263307707741093494784	5764607523034235/576460752303423488
6	annotation-health	0/202402253307310618352495346718917307049556649764142118356901358027430339567995346891960383701437124495187077864316811911389808737385793476867013399940738509921517424276566361364466907742093216341239767678472745068562007483424692698618103355649159556340810056512358769552333414615230502532186327508646006263307707741093494784	5764607523034235/576460752303423488
6	attack-coverage	0/202402253307310618352495346718917307049556649764142118356901358027430339567995346891960383701437124495187077864316811911389808737385793476867013399940738509921517424276566361364466907742093216341239767678472745068562007483424692698618103355649159556340810056512358769552333414615230502532186327508646006263307707741093494784	5764607523034235/576460752303423488
6	consulting-pct	0/202402253307310618352495346718917307049556649764142118356901358027430339567995346891960383701437124495187077864316811911389808737385793476867013399940738509921517424276566361364466907742093216341239767678472745068562007483424692698618103355649159556340810056512358769552333414615230502532186327508646006263307707741093494784	5764607523034235/576460752303423488
6	coupling-density	0/202402253307310618352495346718917307049556649764142118356901358027430339567995346891960383701437124495187077864316811911389808737385793476867013399940738509921517424276566361364466907742093216341239767678472745068562007483424692698618103355649159556340810056512358769552333414615230502532186327508646006263307707741093494784	5764607523034235/576460752303423488
6	depositing-signal	0/202402253307310618352495346718917307049556649764142118356901358027430339567995346891960383701437124495187077864316811911389808737385793476867013399940738509921517424276566361364466907742093216341239767678472745068562007483424692698618103355649159556340810056512358769552333414615230502532186327508646006263307707741093494784	5764607523034235/576460752303423488
6	loop-health	6362720025837568/18446744073709551616	5764607523034235/576460752303423488
6	mathematics-pct	-6598686489419776/18889465931478580854784	5764607523034235/576460752303423488
6	mission-health	-7112780570846564/576460752303423488	8646911284551352/576460752303423488
6	portfolio-pct	-6598686489419776/9444732965739290427392	5764607523034235/576460752303423488
6	sorry-count-norm	0/202402253307310618352495346718917307049556649764142118356901358027430339567995346891960383701437124495187077864316811911389808737385793476867013399940738509921517424276566361364466907742093216341239767678472745068562007483424692698618103355649159556340810056512358769552333414615230502532186327508646006263307707741093494784	5764607523034235/576460752303423488
6	stack-pct	4949014866821120/4722366482869645213696	5764607523034235/576460752303423488
6	support-coverage	0/202402253307310618352495346718917307049556649764142118356901358027430339567995346891960383701437124495187077864316811911389808737385793476867013399940738509921517424276566361364466907742093216341239767678472745068562007483424692698618103355649159556340810056512358769552333414615230502532186327508646006263307707741093494784	5764607523034235/576460752303423488
6	ticks-firing-ratio	0/202402253307310618352495346718917307049556649764142118356901358027430339567995346891960383701437124495187077864316811911389808737385793476867013399940738509921517424276566361364466907742093216341239767678472745068562007483424692698618103355649159556340810056512358769552333414615230502532186327508646006263307707741093494784	5764607523034235/576460752303423488
7	active-repo-ratio	0/202402253307310618352495346718917307049556649764142118356901358027430339567995346891960383701437124495187077864316811911389808737385793476867013399940738509921517424276566361364466907742093216341239767678472745068562007483424692698618103355649159556340810056512358769552333414615230502532186327508646006263307707741093494784	5764607523034235/576460752303423488
7	annotation-health	0/202402253307310618352495346718917307049556649764142118356901358027430339567995346891960383701437124495187077864316811911389808737385793476867013399940738509921517424276566361364466907742093216341239767678472745068562007483424692698618103355649159556340810056512358769552333414615230502532186327508646006263307707741093494784	5764607523034235/576460752303423488
7	attack-coverage	0/202402253307310618352495346718917307049556649764142118356901358027430339567995346891960383701437124495187077864316811911389808737385793476867013399940738509921517424276566361364466907742093216341239767678472745068562007483424692698618103355649159556340810056512358769552333414615230502532186327508646006263307707741093494784	5764607523034235/576460752303423488
7	consulting-pct	0/202402253307310618352495346718917307049556649764142118356901358027430339567995346891960383701437124495187077864316811911389808737385793476867013399940738509921517424276566361364466907742093216341239767678472745068562007483424692698618103355649159556340810056512358769552333414615230502532186327508646006263307707741093494784	5764607523034235/576460752303423488
7	coupling-density	0/202402253307310618352495346718917307049556649764142118356901358027430339567995346891960383701437124495187077864316811911389808737385793476867013399940738509921517424276566361364466907742093216341239767678472745068562007483424692698618103355649159556340810056512358769552333414615230502532186327508646006263307707741093494784	5764607523034235/576460752303423488
7	depositing-signal	0/202402253307310618352495346718917307049556649764142118356901358027430339567995346891960383701437124495187077864316811911389808737385793476867013399940738509921517424276566361364466907742093216341239767678472745068562007483424692698618103355649159556340810056512358769552333414615230502532186327508646006263307707741093494784	5764607523034235/576460752303423488
7	loop-health	6362720025837568/18446744073709551616	5764607523034235/576460752303423488
7	mathematics-pct	-6598686489419776/18889465931478580854784	5764607523034235/576460752303423488
7	mission-health	-7062705800841056/576460752303423488	8646911284551352/576460752303423488
7	portfolio-pct	-6598686489419776/9444732965739290427392	5764607523034235/576460752303423488
7	sorry-count-norm	0/202402253307310618352495346718917307049556649764142118356901358027430339567995346891960383701437124495187077864316811911389808737385793476867013399940738509921517424276566361364466907742093216341239767678472745068562007483424692698618103355649159556340810056512358769552333414615230502532186327508646006263307707741093494784	5764607523034235/576460752303423488
7	stack-pct	4949014866821120/4722366482869645213696	5764607523034235/576460752303423488
7	support-coverage	0/202402253307310618352495346718917307049556649764142118356901358027430339567995346891960383701437124495187077864316811911389808737385793476867013399940738509921517424276566361364466907742093216341239767678472745068562007483424692698618103355649159556340810056512358769552333414615230502532186327508646006263307707741093494784	5764607523034235/576460752303423488
7	ticks-firing-ratio	0/202402253307310618352495346718917307049556649764142118356901358027430339567995346891960383701437124495187077864316811911389808737385793476867013399940738509921517424276566361364466907742093216341239767678472745068562007483424692698618103355649159556340810056512358769552333414615230502532186327508646006263307707741093494784	5764607523034235/576460752303423488
8	active-repo-ratio	0/202402253307310618352495346718917307049556649764142118356901358027430339567995346891960383701437124495187077864316811911389808737385793476867013399940738509921517424276566361364466907742093216341239767678472745068562007483424692698618103355649159556340810056512358769552333414615230502532186327508646006263307707741093494784	5764607523034235/576460752303423488
8	annotation-health	0/202402253307310618352495346718917307049556649764142118356901358027430339567995346891960383701437124495187077864316811911389808737385793476867013399940738509921517424276566361364466907742093216341239767678472745068562007483424692698618103355649159556340810056512358769552333414615230502532186327508646006263307707741093494784	5764607523034235/576460752303423488
8	attack-coverage	0/202402253307310618352495346718917307049556649764142118356901358027430339567995346891960383701437124495187077864316811911389808737385793476867013399940738509921517424276566361364466907742093216341239767678472745068562007483424692698618103355649159556340810056512358769552333414615230502532186327508646006263307707741093494784	5764607523034235/576460752303423488
8	consulting-pct	0/202402253307310618352495346718917307049556649764142118356901358027430339567995346891960383701437124495187077864316811911389808737385793476867013399940738509921517424276566361364466907742093216341239767678472745068562007483424692698618103355649159556340810056512358769552333414615230502532186327508646006263307707741093494784	5764607523034235/576460752303423488
8	coupling-density	0/202402253307310618352495346718917307049556649764142118356901358027430339567995346891960383701437124495187077864316811911389808737385793476867013399940738509921517424276566361364466907742093216341239767678472745068562007483424692698618103355649159556340810056512358769552333414615230502532186327508646006263307707741093494784	5764607523034235/576460752303423488
8	depositing-signal	0/202402253307310618352495346718917307049556649764142118356901358027430339567995346891960383701437124495187077864316811911389808737385793476867013399940738509921517424276566361364466907742093216341239767678472745068562007483424692698618103355649159556340810056512358769552333414615230502532186327508646006263307707741093494784	5764607523034235/576460752303423488
8	loop-health	6362720025837568/18446744073709551616	5764607523034235/576460752303423488
8	mathematics-pct	-6598686489419776/18889465931478580854784	5764607523034235/576460752303423488
8	mission-health	-6998610095234000/576460752303423488	8646911284551352/576460752303423488
8	portfolio-pct	-6598686489419776/9444732965739290427392	5764607523034235/576460752303423488
8	sorry-count-norm	0/202402253307310618352495346718917307049556649764142118356901358027430339567995346891960383701437124495187077864316811911389808737385793476867013399940738509921517424276566361364466907742093216341239767678472745068562007483424692698618103355649159556340810056512358769552333414615230502532186327508646006263307707741093494784	5764607523034235/576460752303423488
8	stack-pct	4949014866821120/4722366482869645213696	5764607523034235/576460752303423488
8	support-coverage	0/202402253307310618352495346718917307049556649764142118356901358027430339567995346891960383701437124495187077864316811911389808737385793476867013399940738509921517424276566361364466907742093216341239767678472745068562007483424692698618103355649159556340810056512358769552333414615230502532186327508646006263307707741093494784	5764607523034235/576460752303423488
8	ticks-firing-ratio	0/202402253307310618352495346718917307049556649764142118356901358027430339567995346891960383701437124495187077864316811911389808737385793476867013399940738509921517424276566361364466907742093216341239767678472745068562007483424692698618103355649159556340810056512358769552333414615230502532186327508646006263307707741093494784	5764607523034235/576460752303423488
9	active-repo-ratio	0/202402253307310618352495346718917307049556649764142118356901358027430339567995346891960383701437124495187077864316811911389808737385793476867013399940738509921517424276566361364466907742093216341239767678472745068562007483424692698618103355649159556340810056512358769552333414615230502532186327508646006263307707741093494784	5764607523034235/576460752303423488
9	annotation-health	0/202402253307310618352495346718917307049556649764142118356901358027430339567995346891960383701437124495187077864316811911389808737385793476867013399940738509921517424276566361364466907742093216341239767678472745068562007483424692698618103355649159556340810056512358769552333414615230502532186327508646006263307707741093494784	5764607523034235/576460752303423488
9	attack-coverage	0/202402253307310618352495346718917307049556649764142118356901358027430339567995346891960383701437124495187077864316811911389808737385793476867013399940738509921517424276566361364466907742093216341239767678472745068562007483424692698618103355649159556340810056512358769552333414615230502532186327508646006263307707741093494784	5764607523034235/576460752303423488
9	consulting-pct	0/202402253307310618352495346718917307049556649764142118356901358027430339567995346891960383701437124495187077864316811911389808737385793476867013399940738509921517424276566361364466907742093216341239767678472745068562007483424692698618103355649159556340810056512358769552333414615230502532186327508646006263307707741093494784	5764607523034235/576460752303423488
9	coupling-density	0/202402253307310618352495346718917307049556649764142118356901358027430339567995346891960383701437124495187077864316811911389808737385793476867013399940738509921517424276566361364466907742093216341239767678472745068562007483424692698618103355649159556340810056512358769552333414615230502532186327508646006263307707741093494784	5764607523034235/576460752303423488
9	depositing-signal	0/202402253307310618352495346718917307049556649764142118356901358027430339567995346891960383701437124495187077864316811911389808737385793476867013399940738509921517424276566361364466907742093216341239767678472745068562007483424692698618103355649159556340810056512358769552333414615230502532186327508646006263307707741093494784	5764607523034235/576460752303423488
9	loop-health	6362720025837568/18446744073709551616	5764607523034235/576460752303423488
9	mathematics-pct	-6598686489419776/18889465931478580854784	5764607523034235/576460752303423488
9	mission-health	-6968565233230696/576460752303423488	8646911284551352/576460752303423488
9	portfolio-pct	-6598686489419776/9444732965739290427392	5764607523034235/576460752303423488
9	sorry-count-norm	0/202402253307310618352495346718917307049556649764142118356901358027430339567995346891960383701437124495187077864316811911389808737385793476867013399940738509921517424276566361364466907742093216341239767678472745068562007483424692698618103355649159556340810056512358769552333414615230502532186327508646006263307707741093494784	5764607523034235/576460752303423488
9	stack-pct	4949014866821120/4722366482869645213696	5764607523034235/576460752303423488
9	support-coverage	0/202402253307310618352495346718917307049556649764142118356901358027430339567995346891960383701437124495187077864316811911389808737385793476867013399940738509921517424276566361364466907742093216341239767678472745068562007483424692698618103355649159556340810056512358769552333414615230502532186327508646006263307707741093494784	5764607523034235/576460752303423488
9	ticks-firing-ratio	0/202402253307310618352495346718917307049556649764142118356901358027430339567995346891960383701437124495187077864316811911389808737385793476867013399940738509921517424276566361364466907742093216341239767678472745068562007483424692698618103355649159556340810056512358769552333414615230502532186327508646006263307707741093494784	5764607523034235/576460752303423488
10	active-repo-ratio	0/202402253307310618352495346718917307049556649764142118356901358027430339567995346891960383701437124495187077864316811911389808737385793476867013399940738509921517424276566361364466907742093216341239767678472745068562007483424692698618103355649159556340810056512358769552333414615230502532186327508646006263307707741093494784	5764607523034235/576460752303423488
10	annotation-health	0/202402253307310618352495346718917307049556649764142118356901358027430339567995346891960383701437124495187077864316811911389808737385793476867013399940738509921517424276566361364466907742093216341239767678472745068562007483424692698618103355649159556340810056512358769552333414615230502532186327508646006263307707741093494784	5764607523034235/576460752303423488
10	attack-coverage	0/202402253307310618352495346718917307049556649764142118356901358027430339567995346891960383701437124495187077864316811911389808737385793476867013399940738509921517424276566361364466907742093216341239767678472745068562007483424692698618103355649159556340810056512358769552333414615230502532186327508646006263307707741093494784	5764607523034235/576460752303423488
10	consulting-pct	0/202402253307310618352495346718917307049556649764142118356901358027430339567995346891960383701437124495187077864316811911389808737385793476867013399940738509921517424276566361364466907742093216341239767678472745068562007483424692698618103355649159556340810056512358769552333414615230502532186327508646006263307707741093494784	5764607523034235/576460752303423488
10	coupling-density	0/202402253307310618352495346718917307049556649764142118356901358027430339567995346891960383701437124495187077864316811911389808737385793476867013399940738509921517424276566361364466907742093216341239767678472745068562007483424692698618103355649159556340810056512358769552333414615230502532186327508646006263307707741093494784	5764607523034235/576460752303423488
10	depositing-signal	0/202402253307310618352495346718917307049556649764142118356901358027430339567995346891960383701437124495187077864316811911389808737385793476867013399940738509921517424276566361364466907742093216341239767678472745068562007483424692698618103355649159556340810056512358769552333414615230502532186327508646006263307707741093494784	5764607523034235/576460752303423488
10	loop-health	6362720025837568/18446744073709551616	5764607523034235/576460752303423488
10	mathematics-pct	-6598686489419776/18889465931478580854784	5764607523034235/576460752303423488
10	mission-health	-6898460555222984/576460752303423488	8646911284551352/576460752303423488
10	portfolio-pct	-6598686489419776/9444732965739290427392	5764607523034235/576460752303423488
10	sorry-count-norm	0/202402253307310618352495346718917307049556649764142118356901358027430339567995346891960383701437124495187077864316811911389808737385793476867013399940738509921517424276566361364466907742093216341239767678472745068562007483424692698618103355649159556340810056512358769552333414615230502532186327508646006263307707741093494784	5764607523034235/576460752303423488
10	stack-pct	4949014866821120/4722366482869645213696	5764607523034235/576460752303423488
10	support-coverage	0/202402253307310618352495346718917307049556649764142118356901358027430339567995346891960383701437124495187077864316811911389808737385793476867013399940738509921517424276566361364466907742093216341239767678472745068562007483424692698618103355649159556340810056512358769552333414615230502532186327508646006263307707741093494784	5764607523034235/576460752303423488
10	ticks-firing-ratio	0/202402253307310618352495346718917307049556649764142118356901358027430339567995346891960383701437124495187077864316811911389808737385793476867013399940738509921517424276566361364466907742093216341239767678472745068562007483424692698618103355649159556340810056512358769552333414615230502532186327508646006263307707741093494784	5764607523034235/576460752303423488
11	active-repo-ratio	0/202402253307310618352495346718917307049556649764142118356901358027430339567995346891960383701437124495187077864316811911389808737385793476867013399940738509921517424276566361364466907742093216341239767678472745068562007483424692698618103355649159556340810056512358769552333414615230502532186327508646006263307707741093494784	5764607523034235/576460752303423488
11	annotation-health	0/202402253307310618352495346718917307049556649764142118356901358027430339567995346891960383701437124495187077864316811911389808737385793476867013399940738509921517424276566361364466907742093216341239767678472745068562007483424692698618103355649159556340810056512358769552333414615230502532186327508646006263307707741093494784	5764607523034235/576460752303423488
11	attack-coverage	0/202402253307310618352495346718917307049556649764142118356901358027430339567995346891960383701437124495187077864316811911389808737385793476867013399940738509921517424276566361364466907742093216341239767678472745068562007483424692698618103355649159556340810056512358769552333414615230502532186327508646006263307707741093494784	5764607523034235/576460752303423488
11	consulting-pct	0/202402253307310618352495346718917307049556649764142118356901358027430339567995346891960383701437124495187077864316811911389808737385793476867013399940738509921517424276566361364466907742093216341239767678472745068562007483424692698618103355649159556340810056512358769552333414615230502532186327508646006263307707741093494784	5764607523034235/576460752303423488
11	coupling-density	0/202402253307310618352495346718917307049556649764142118356901358027430339567995346891960383701437124495187077864316811911389808737385793476867013399940738509921517424276566361364466907742093216341239767678472745068562007483424692698618103355649159556340810056512358769552333414615230502532186327508646006263307707741093494784	5764607523034235/576460752303423488
11	depositing-signal	0/202402253307310618352495346718917307049556649764142118356901358027430339567995346891960383701437124495187077864316811911389808737385793476867013399940738509921517424276566361364466907742093216341239767678472745068562007483424692698618103355649159556340810056512358769552333414615230502532186327508646006263307707741093494784	5764607523034235/576460752303423488
11	loop-health	6362720025837568/18446744073709551616	5764607523034235/576460752303423488
11	mathematics-pct	-6598686489419776/18889465931478580854784	5764607523034235/576460752303423488
11	mission-health	-6832361858815712/576460752303423488	8646911284551352/576460752303423488
11	portfolio-pct	-6598686489419776/9444732965739290427392	5764607523034235/576460752303423488
11	sorry-count-norm	0/202402253307310618352495346718917307049556649764142118356901358027430339567995346891960383701437124495187077864316811911389808737385793476867013399940738509921517424276566361364466907742093216341239767678472745068562007483424692698618103355649159556340810056512358769552333414615230502532186327508646006263307707741093494784	5764607523034235/576460752303423488
11	stack-pct	4949014866821120/4722366482869645213696	5764607523034235/576460752303423488
11	support-coverage	0/202402253307310618352495346718917307049556649764142118356901358027430339567995346891960383701437124495187077864316811911389808737385793476867013399940738509921517424276566361364466907742093216341239767678472745068562007483424692698618103355649159556340810056512358769552333414615230502532186327508646006263307707741093494784	5764607523034235/576460752303423488
11	ticks-firing-ratio	0/202402253307310618352495346718917307049556649764142118356901358027430339567995346891960383701437124495187077864316811911389808737385793476867013399940738509921517424276566361364466907742093216341239767678472745068562007483424692698618103355649159556340810056512358769552333414615230502532186327508646006263307707741093494784	5764607523034235/576460752303423488
12	active-repo-ratio	0/202402253307310618352495346718917307049556649764142118356901358027430339567995346891960383701437124495187077864316811911389808737385793476867013399940738509921517424276566361364466907742093216341239767678472745068562007483424692698618103355649159556340810056512358769552333414615230502532186327508646006263307707741093494784	5764607523034235/576460752303423488
12	annotation-health	0/202402253307310618352495346718917307049556649764142118356901358027430339567995346891960383701437124495187077864316811911389808737385793476867013399940738509921517424276566361364466907742093216341239767678472745068562007483424692698618103355649159556340810056512358769552333414615230502532186327508646006263307707741093494784	5764607523034235/576460752303423488
12	attack-coverage	0/202402253307310618352495346718917307049556649764142118356901358027430339567995346891960383701437124495187077864316811911389808737385793476867013399940738509921517424276566361364466907742093216341239767678472745068562007483424692698618103355649159556340810056512358769552333414615230502532186327508646006263307707741093494784	5764607523034235/576460752303423488
12	consulting-pct	0/202402253307310618352495346718917307049556649764142118356901358027430339567995346891960383701437124495187077864316811911389808737385793476867013399940738509921517424276566361364466907742093216341239767678472745068562007483424692698618103355649159556340810056512358769552333414615230502532186327508646006263307707741093494784	5764607523034235/576460752303423488
12	coupling-density	0/202402253307310618352495346718917307049556649764142118356901358027430339567995346891960383701437124495187077864316811911389808737385793476867013399940738509921517424276566361364466907742093216341239767678472745068562007483424692698618103355649159556340810056512358769552333414615230502532186327508646006263307707741093494784	5764607523034235/576460752303423488
12	depositing-signal	0/202402253307310618352495346718917307049556649764142118356901358027430339567995346891960383701437124495187077864316811911389808737385793476867013399940738509921517424276566361364466907742093216341239767678472745068562007483424692698618103355649159556340810056512358769552333414615230502532186327508646006263307707741093494784	5764607523034235/576460752303423488
12	loop-health	6362720025837568/18446744073709551616	5764607523034235/576460752303423488
12	mathematics-pct	-6598686489419776/18889465931478580854784	5764607523034235/576460752303423488
12	mission-health	-6816337932413948/576460752303423488	8646911284551352/576460752303423488
12	portfolio-pct	-6598686489419776/9444732965739290427392	5764607523034235/576460752303423488
12	sorry-count-norm	0/202402253307310618352495346718917307049556649764142118356901358027430339567995346891960383701437124495187077864316811911389808737385793476867013399940738509921517424276566361364466907742093216341239767678472745068562007483424692698618103355649159556340810056512358769552333414615230502532186327508646006263307707741093494784	5764607523034235/576460752303423488
12	stack-pct	4949014866821120/4722366482869645213696	5764607523034235/576460752303423488
12	support-coverage	0/202402253307310618352495346718917307049556649764142118356901358027430339567995346891960383701437124495187077864316811911389808737385793476867013399940738509921517424276566361364466907742093216341239767678472745068562007483424692698618103355649159556340810056512358769552333414615230502532186327508646006263307707741093494784	5764607523034235/576460752303423488
12	ticks-firing-ratio	0/202402253307310618352495346718917307049556649764142118356901358027430339567995346891960383701437124495187077864316811911389808737385793476867013399940738509921517424276566361364466907742093216341239767678472745068562007483424692698618103355649159556340810056512358769552333414615230502532186327508646006263307707741093494784	5764607523034235/576460752303423488
13	active-repo-ratio	0/202402253307310618352495346718917307049556649764142118356901358027430339567995346891960383701437124495187077864316811911389808737385793476867013399940738509921517424276566361364466907742093216341239767678472745068562007483424692698618103355649159556340810056512358769552333414615230502532186327508646006263307707741093494784	5764607523034235/576460752303423488
13	annotation-health	0/202402253307310618352495346718917307049556649764142118356901358027430339567995346891960383701437124495187077864316811911389808737385793476867013399940738509921517424276566361364466907742093216341239767678472745068562007483424692698618103355649159556340810056512358769552333414615230502532186327508646006263307707741093494784	5764607523034235/576460752303423488
13	attack-coverage	0/202402253307310618352495346718917307049556649764142118356901358027430339567995346891960383701437124495187077864316811911389808737385793476867013399940738509921517424276566361364466907742093216341239767678472745068562007483424692698618103355649159556340810056512358769552333414615230502532186327508646006263307707741093494784	5764607523034235/576460752303423488
13	consulting-pct	0/202402253307310618352495346718917307049556649764142118356901358027430339567995346891960383701437124495187077864316811911389808737385793476867013399940738509921517424276566361364466907742093216341239767678472745068562007483424692698618103355649159556340810056512358769552333414615230502532186327508646006263307707741093494784	5764607523034235/576460752303423488
13	coupling-density	0/202402253307310618352495346718917307049556649764142118356901358027430339567995346891960383701437124495187077864316811911389808737385793476867013399940738509921517424276566361364466907742093216341239767678472745068562007483424692698618103355649159556340810056512358769552333414615230502532186327508646006263307707741093494784	5764607523034235/576460752303423488
13	depositing-signal	0/202402253307310618352495346718917307049556649764142118356901358027430339567995346891960383701437124495187077864316811911389808737385793476867013399940738509921517424276566361364466907742093216341239767678472745068562007483424692698618103355649159556340810056512358769552333414615230502532186327508646006263307707741093494784	5764607523034235/576460752303423488
13	loop-health	6362720025837568/18446744073709551616	5764607523034235/576460752303423488
13	mathematics-pct	-6598686489419776/18889465931478580854784	5764607523034235/576460752303423488
13	mission-health	-6796308024411744/576460752303423488	8646911284551352/576460752303423488
13	portfolio-pct	-6598686489419776/9444732965739290427392	5764607523034235/576460752303423488
13	sorry-count-norm	0/202402253307310618352495346718917307049556649764142118356901358027430339567995346891960383701437124495187077864316811911389808737385793476867013399940738509921517424276566361364466907742093216341239767678472745068562007483424692698618103355649159556340810056512358769552333414615230502532186327508646006263307707741093494784	5764607523034235/576460752303423488
13	stack-pct	4949014866821120/4722366482869645213696	5764607523034235/576460752303423488
13	support-coverage	0/202402253307310618352495346718917307049556649764142118356901358027430339567995346891960383701437124495187077864316811911389808737385793476867013399940738509921517424276566361364466907742093216341239767678472745068562007483424692698618103355649159556340810056512358769552333414615230502532186327508646006263307707741093494784	5764607523034235/576460752303423488
13	ticks-firing-ratio	0/202402253307310618352495346718917307049556649764142118356901358027430339567995346891960383701437124495187077864316811911389808737385793476867013399940738509921517424276566361364466907742093216341239767678472745068562007483424692698618103355649159556340810056512358769552333414615230502532186327508646006263307707741093494784	5764607523034235/576460752303423488
14	active-repo-ratio	0/202402253307310618352495346718917307049556649764142118356901358027430339567995346891960383701437124495187077864316811911389808737385793476867013399940738509921517424276566361364466907742093216341239767678472745068562007483424692698618103355649159556340810056512358769552333414615230502532186327508646006263307707741093494784	5764607523034235/576460752303423488
14	annotation-health	0/202402253307310618352495346718917307049556649764142118356901358027430339567995346891960383701437124495187077864316811911389808737385793476867013399940738509921517424276566361364466907742093216341239767678472745068562007483424692698618103355649159556340810056512358769552333414615230502532186327508646006263307707741093494784	5764607523034235/576460752303423488
14	attack-coverage	0/202402253307310618352495346718917307049556649764142118356901358027430339567995346891960383701437124495187077864316811911389808737385793476867013399940738509921517424276566361364466907742093216341239767678472745068562007483424692698618103355649159556340810056512358769552333414615230502532186327508646006263307707741093494784	5764607523034235/576460752303423488
14	consulting-pct	0/202402253307310618352495346718917307049556649764142118356901358027430339567995346891960383701437124495187077864316811911389808737385793476867013399940738509921517424276566361364466907742093216341239767678472745068562007483424692698618103355649159556340810056512358769552333414615230502532186327508646006263307707741093494784	5764607523034235/576460752303423488
14	coupling-density	0/202402253307310618352495346718917307049556649764142118356901358027430339567995346891960383701437124495187077864316811911389808737385793476867013399940738509921517424276566361364466907742093216341239767678472745068562007483424692698618103355649159556340810056512358769552333414615230502532186327508646006263307707741093494784	5764607523034235/576460752303423488
14	depositing-signal	0/202402253307310618352495346718917307049556649764142118356901358027430339567995346891960383701437124495187077864316811911389808737385793476867013399940738509921517424276566361364466907742093216341239767678472745068562007483424692698618103355649159556340810056512358769552333414615230502532186327508646006263307707741093494784	5764607523034235/576460752303423488
14	loop-health	6362720025837568/18446744073709551616	5764607523034235/576460752303423488
14	mathematics-pct	-6598686489419776/18889465931478580854784	5764607523034235/576460752303423488
14	mission-health	-6774275125609320/576460752303423488	8646911284551352/576460752303423488
14	portfolio-pct	-6598686489419776/9444732965739290427392	5764607523034235/576460752303423488
14	sorry-count-norm	0/202402253307310618352495346718917307049556649764142118356901358027430339567995346891960383701437124495187077864316811911389808737385793476867013399940738509921517424276566361364466907742093216341239767678472745068562007483424692698618103355649159556340810056512358769552333414615230502532186327508646006263307707741093494784	5764607523034235/576460752303423488
14	stack-pct	4949014866821120/4722366482869645213696	5764607523034235/576460752303423488
14	support-coverage	0/202402253307310618352495346718917307049556649764142118356901358027430339567995346891960383701437124495187077864316811911389808737385793476867013399940738509921517424276566361364466907742093216341239767678472745068562007483424692698618103355649159556340810056512358769552333414615230502532186327508646006263307707741093494784	5764607523034235/576460752303423488
14	ticks-firing-ratio	0/202402253307310618352495346718917307049556649764142118356901358027430339567995346891960383701437124495187077864316811911389808737385793476867013399940738509921517424276566361364466907742093216341239767678472745068562007483424692698618103355649159556340810056512358769552333414615230502532186327508646006263307707741093494784	5764607523034235/576460752303423488
15	active-repo-ratio	0/202402253307310618352495346718917307049556649764142118356901358027430339567995346891960383701437124495187077864316811911389808737385793476867013399940738509921517424276566361364466907742093216341239767678472745068562007483424692698618103355649159556340810056512358769552333414615230502532186327508646006263307707741093494784	5764607523034235/576460752303423488
15	annotation-health	0/202402253307310618352495346718917307049556649764142118356901358027430339567995346891960383701437124495187077864316811911389808737385793476867013399940738509921517424276566361364466907742093216341239767678472745068562007483424692698618103355649159556340810056512358769552333414615230502532186327508646006263307707741093494784	5764607523034235/576460752303423488
15	attack-coverage	0/202402253307310618352495346718917307049556649764142118356901358027430339567995346891960383701437124495187077864316811911389808737385793476867013399940738509921517424276566361364466907742093216341239767678472745068562007483424692698618103355649159556340810056512358769552333414615230502532186327508646006263307707741093494784	5764607523034235/576460752303423488
15	consulting-pct	0/202402253307310618352495346718917307049556649764142118356901358027430339567995346891960383701437124495187077864316811911389808737385793476867013399940738509921517424276566361364466907742093216341239767678472745068562007483424692698618103355649159556340810056512358769552333414615230502532186327508646006263307707741093494784	5764607523034235/576460752303423488
15	coupling-density	0/202402253307310618352495346718917307049556649764142118356901358027430339567995346891960383701437124495187077864316811911389808737385793476867013399940738509921517424276566361364466907742093216341239767678472745068562007483424692698618103355649159556340810056512358769552333414615230502532186327508646006263307707741093494784	5764607523034235/576460752303423488
15	depositing-signal	0/202402253307310618352495346718917307049556649764142118356901358027430339567995346891960383701437124495187077864316811911389808737385793476867013399940738509921517424276566361364466907742093216341239767678472745068562007483424692698618103355649159556340810056512358769552333414615230502532186327508646006263307707741093494784	5764607523034235/576460752303423488
15	loop-health	6362720025837568/18446744073709551616	5764607523034235/576460752303423488
15	mathematics-pct	-6598686489419776/18889465931478580854784	5764607523034235/576460752303423488
15	mission-health	-6668116613197640/576460752303423488	8646911284551352/576460752303423488
15	portfolio-pct	-6598686489419776/9444732965739290427392	5764607523034235/576460752303423488
15	sorry-count-norm	0/202402253307310618352495346718917307049556649764142118356901358027430339567995346891960383701437124495187077864316811911389808737385793476867013399940738509921517424276566361364466907742093216341239767678472745068562007483424692698618103355649159556340810056512358769552333414615230502532186327508646006263307707741093494784	5764607523034235/576460752303423488
15	stack-pct	4949014866821120/4722366482869645213696	5764607523034235/576460752303423488
15	support-coverage	0/202402253307310618352495346718917307049556649764142118356901358027430339567995346891960383701437124495187077864316811911389808737385793476867013399940738509921517424276566361364466907742093216341239767678472745068562007483424692698618103355649159556340810056512358769552333414615230502532186327508646006263307707741093494784	5764607523034235/576460752303423488
15	ticks-firing-ratio	0/202402253307310618352495346718917307049556649764142118356901358027430339567995346891960383701437124495187077864316811911389808737385793476867013399940738509921517424276566361364466907742093216341239767678472745068562007483424692698618103355649159556340810056512358769552333414615230502532186327508646006263307707741093494784	5764607523034235/576460752303423488
16	active-repo-ratio	0/202402253307310618352495346718917307049556649764142118356901358027430339567995346891960383701437124495187077864316811911389808737385793476867013399940738509921517424276566361364466907742093216341239767678472745068562007483424692698618103355649159556340810056512358769552333414615230502532186327508646006263307707741093494784	5764607523034235/576460752303423488
16	annotation-health	0/202402253307310618352495346718917307049556649764142118356901358027430339567995346891960383701437124495187077864316811911389808737385793476867013399940738509921517424276566361364466907742093216341239767678472745068562007483424692698618103355649159556340810056512358769552333414615230502532186327508646006263307707741093494784	5764607523034235/576460752303423488
16	attack-coverage	0/202402253307310618352495346718917307049556649764142118356901358027430339567995346891960383701437124495187077864316811911389808737385793476867013399940738509921517424276566361364466907742093216341239767678472745068562007483424692698618103355649159556340810056512358769552333414615230502532186327508646006263307707741093494784	5764607523034235/576460752303423488
16	consulting-pct	0/202402253307310618352495346718917307049556649764142118356901358027430339567995346891960383701437124495187077864316811911389808737385793476867013399940738509921517424276566361364466907742093216341239767678472745068562007483424692698618103355649159556340810056512358769552333414615230502532186327508646006263307707741093494784	5764607523034235/576460752303423488
16	coupling-density	0/202402253307310618352495346718917307049556649764142118356901358027430339567995346891960383701437124495187077864316811911389808737385793476867013399940738509921517424276566361364466907742093216341239767678472745068562007483424692698618103355649159556340810056512358769552333414615230502532186327508646006263307707741093494784	5764607523034235/576460752303423488
16	depositing-signal	0/202402253307310618352495346718917307049556649764142118356901358027430339567995346891960383701437124495187077864316811911389808737385793476867013399940738509921517424276566361364466907742093216341239767678472745068562007483424692698618103355649159556340810056512358769552333414615230502532186327508646006263307707741093494784	5764607523034235/576460752303423488
16	loop-health	6362720025837568/18446744073709551616	5764607523034235/576460752303423488
16	mathematics-pct	-6598686489419776/18889465931478580854784	5764607523034235/576460752303423488
16	mission-health	-6662107640796980/576460752303423488	8646911284551352/576460752303423488
16	portfolio-pct	-6598686489419776/9444732965739290427392	5764607523034235/576460752303423488
16	sorry-count-norm	0/202402253307310618352495346718917307049556649764142118356901358027430339567995346891960383701437124495187077864316811911389808737385793476867013399940738509921517424276566361364466907742093216341239767678472745068562007483424692698618103355649159556340810056512358769552333414615230502532186327508646006263307707741093494784	5764607523034235/576460752303423488
16	stack-pct	4949014866821120/4722366482869645213696	5764607523034235/576460752303423488
16	support-coverage	0/202402253307310618352495346718917307049556649764142118356901358027430339567995346891960383701437124495187077864316811911389808737385793476867013399940738509921517424276566361364466907742093216341239767678472745068562007483424692698618103355649159556340810056512358769552333414615230502532186327508646006263307707741093494784	5764607523034235/576460752303423488
16	ticks-firing-ratio	0/202402253307310618352495346718917307049556649764142118356901358027430339567995346891960383701437124495187077864316811911389808737385793476867013399940738509921517424276566361364466907742093216341239767678472745068562007483424692698618103355649159556340810056512358769552333414615230502532186327508646006263307707741093494784	5764607523034235/576460752303423488
17	active-repo-ratio	0/202402253307310618352495346718917307049556649764142118356901358027430339567995346891960383701437124495187077864316811911389808737385793476867013399940738509921517424276566361364466907742093216341239767678472745068562007483424692698618103355649159556340810056512358769552333414615230502532186327508646006263307707741093494784	5764607523034235/576460752303423488
17	annotation-health	0/202402253307310618352495346718917307049556649764142118356901358027430339567995346891960383701437124495187077864316811911389808737385793476867013399940738509921517424276566361364466907742093216341239767678472745068562007483424692698618103355649159556340810056512358769552333414615230502532186327508646006263307707741093494784	5764607523034235/576460752303423488
17	attack-coverage	0/202402253307310618352495346718917307049556649764142118356901358027430339567995346891960383701437124495187077864316811911389808737385793476867013399940738509921517424276566361364466907742093216341239767678472745068562007483424692698618103355649159556340810056512358769552333414615230502532186327508646006263307707741093494784	5764607523034235/576460752303423488
17	consulting-pct	0/202402253307310618352495346718917307049556649764142118356901358027430339567995346891960383701437124495187077864316811911389808737385793476867013399940738509921517424276566361364466907742093216341239767678472745068562007483424692698618103355649159556340810056512358769552333414615230502532186327508646006263307707741093494784	5764607523034235/576460752303423488
17	coupling-density	0/202402253307310618352495346718917307049556649764142118356901358027430339567995346891960383701437124495187077864316811911389808737385793476867013399940738509921517424276566361364466907742093216341239767678472745068562007483424692698618103355649159556340810056512358769552333414615230502532186327508646006263307707741093494784	5764607523034235/576460752303423488
17	depositing-signal	0/202402253307310618352495346718917307049556649764142118356901358027430339567995346891960383701437124495187077864316811911389808737385793476867013399940738509921517424276566361364466907742093216341239767678472745068562007483424692698618103355649159556340810056512358769552333414615230502532186327508646006263307707741093494784	5764607523034235/576460752303423488
17	loop-health	6362720025837568/18446744073709551616	5764607523034235/576460752303423488
17	mathematics-pct	-6598686489419776/18889465931478580854784	5764607523034235/576460752303423488
17	mission-health	-6602017916790368/576460752303423488	8646911284551352/576460752303423488
17	portfolio-pct	-6598686489419776/9444732965739290427392	5764607523034235/576460752303423488
17	sorry-count-norm	0/202402253307310618352495346718917307049556649764142118356901358027430339567995346891960383701437124495187077864316811911389808737385793476867013399940738509921517424276566361364466907742093216341239767678472745068562007483424692698618103355649159556340810056512358769552333414615230502532186327508646006263307707741093494784	5764607523034235/576460752303423488
17	stack-pct	4949014866821120/4722366482869645213696	5764607523034235/576460752303423488
17	support-coverage	0/202402253307310618352495346718917307049556649764142118356901358027430339567995346891960383701437124495187077864316811911389808737385793476867013399940738509921517424276566361364466907742093216341239767678472745068562007483424692698618103355649159556340810056512358769552333414615230502532186327508646006263307707741093494784	5764607523034235/576460752303423488
17	ticks-firing-ratio	0/202402253307310618352495346718917307049556649764142118356901358027430339567995346891960383701437124495187077864316811911389808737385793476867013399940738509921517424276566361364466907742093216341239767678472745068562007483424692698618103355649159556340810056512358769552333414615230502532186327508646006263307707741093494784	5764607523034235/576460752303423488
18	active-repo-ratio	0/202402253307310618352495346718917307049556649764142118356901358027430339567995346891960383701437124495187077864316811911389808737385793476867013399940738509921517424276566361364466907742093216341239767678472745068562007483424692698618103355649159556340810056512358769552333414615230502532186327508646006263307707741093494784	5764607523034235/576460752303423488
18	annotation-health	0/202402253307310618352495346718917307049556649764142118356901358027430339567995346891960383701437124495187077864316811911389808737385793476867013399940738509921517424276566361364466907742093216341239767678472745068562007483424692698618103355649159556340810056512358769552333414615230502532186327508646006263307707741093494784	5764607523034235/576460752303423488
18	attack-coverage	0/202402253307310618352495346718917307049556649764142118356901358027430339567995346891960383701437124495187077864316811911389808737385793476867013399940738509921517424276566361364466907742093216341239767678472745068562007483424692698618103355649159556340810056512358769552333414615230502532186327508646006263307707741093494784	5764607523034235/576460752303423488
18	consulting-pct	0/202402253307310618352495346718917307049556649764142118356901358027430339567995346891960383701437124495187077864316811911389808737385793476867013399940738509921517424276566361364466907742093216341239767678472745068562007483424692698618103355649159556340810056512358769552333414615230502532186327508646006263307707741093494784	5764607523034235/576460752303423488
18	coupling-density	0/202402253307310618352495346718917307049556649764142118356901358027430339567995346891960383701437124495187077864316811911389808737385793476867013399940738509921517424276566361364466907742093216341239767678472745068562007483424692698618103355649159556340810056512358769552333414615230502532186327508646006263307707741093494784	5764607523034235/576460752303423488
18	depositing-signal	0/202402253307310618352495346718917307049556649764142118356901358027430339567995346891960383701437124495187077864316811911389808737385793476867013399940738509921517424276566361364466907742093216341239767678472745068562007483424692698618103355649159556340810056512358769552333414615230502532186327508646006263307707741093494784	5764607523034235/576460752303423488
18	loop-health	6362720025837568/18446744073709551616	5764607523034235/576460752303423488
18	mathematics-pct	-6598686489419776/18889465931478580854784	5764607523034235/576460752303423488
18	mission-health	-6503871367579568/576460752303423488	8646911284551352/576460752303423488
18	portfolio-pct	-6598686489419776/9444732965739290427392	5764607523034235/576460752303423488
18	sorry-count-norm	0/202402253307310618352495346718917307049556649764142118356901358027430339567995346891960383701437124495187077864316811911389808737385793476867013399940738509921517424276566361364466907742093216341239767678472745068562007483424692698618103355649159556340810056512358769552333414615230502532186327508646006263307707741093494784	5764607523034235/576460752303423488
18	stack-pct	4949014866821120/4722366482869645213696	5764607523034235/576460752303423488
18	support-coverage	0/202402253307310618352495346718917307049556649764142118356901358027430339567995346891960383701437124495187077864316811911389808737385793476867013399940738509921517424276566361364466907742093216341239767678472745068562007483424692698618103355649159556340810056512358769552333414615230502532186327508646006263307707741093494784	5764607523034235/576460752303423488
18	ticks-firing-ratio	0/202402253307310618352495346718917307049556649764142118356901358027430339567995346891960383701437124495187077864316811911389808737385793476867013399940738509921517424276566361364466907742093216341239767678472745068562007483424692698618103355649159556340810056512358769552333414615230502532186327508646006263307707741093494784	5764607523034235/576460752303423488
19	active-repo-ratio	0/202402253307310618352495346718917307049556649764142118356901358027430339567995346891960383701437124495187077864316811911389808737385793476867013399940738509921517424276566361364466907742093216341239767678472745068562007483424692698618103355649159556340810056512358769552333414615230502532186327508646006263307707741093494784	5764607523034235/576460752303423488
19	annotation-health	0/202402253307310618352495346718917307049556649764142118356901358027430339567995346891960383701437124495187077864316811911389808737385793476867013399940738509921517424276566361364466907742093216341239767678472745068562007483424692698618103355649159556340810056512358769552333414615230502532186327508646006263307707741093494784	5764607523034235/576460752303423488
19	attack-coverage	0/202402253307310618352495346718917307049556649764142118356901358027430339567995346891960383701437124495187077864316811911389808737385793476867013399940738509921517424276566361364466907742093216341239767678472745068562007483424692698618103355649159556340810056512358769552333414615230502532186327508646006263307707741093494784	5764607523034235/576460752303423488
19	consulting-pct	0/202402253307310618352495346718917307049556649764142118356901358027430339567995346891960383701437124495187077864316811911389808737385793476867013399940738509921517424276566361364466907742093216341239767678472745068562007483424692698618103355649159556340810056512358769552333414615230502532186327508646006263307707741093494784	5764607523034235/576460752303423488
19	coupling-density	0/202402253307310618352495346718917307049556649764142118356901358027430339567995346891960383701437124495187077864316811911389808737385793476867013399940738509921517424276566361364466907742093216341239767678472745068562007483424692698618103355649159556340810056512358769552333414615230502532186327508646006263307707741093494784	5764607523034235/576460752303423488
19	depositing-signal	0/202402253307310618352495346718917307049556649764142118356901358027430339567995346891960383701437124495187077864316811911389808737385793476867013399940738509921517424276566361364466907742093216341239767678472745068562007483424692698618103355649159556340810056512358769552333414615230502532186327508646006263307707741093494784	5764607523034235/576460752303423488
19	loop-health	6362720025837568/18446744073709551616	5764607523034235/576460752303423488
19	mathematics-pct	-6598686489419776/18889465931478580854784	5764607523034235/576460752303423488
19	mission-health	-6431763698771636/576460752303423488	8646911284551352/576460752303423488
19	portfolio-pct	-6598686489419776/9444732965739290427392	5764607523034235/576460752303423488
19	sorry-count-norm	0/202402253307310618352495346718917307049556649764142118356901358027430339567995346891960383701437124495187077864316811911389808737385793476867013399940738509921517424276566361364466907742093216341239767678472745068562007483424692698618103355649159556340810056512358769552333414615230502532186327508646006263307707741093494784	5764607523034235/576460752303423488
19	stack-pct	4949014866821120/4722366482869645213696	5764607523034235/576460752303423488
19	support-coverage	0/202402253307310618352495346718917307049556649764142118356901358027430339567995346891960383701437124495187077864316811911389808737385793476867013399940738509921517424276566361364466907742093216341239767678472745068562007483424692698618103355649159556340810056512358769552333414615230502532186327508646006263307707741093494784	5764607523034235/576460752303423488
19	ticks-firing-ratio	0/202402253307310618352495346718917307049556649764142118356901358027430339567995346891960383701437124495187077864316811911389808737385793476867013399940738509921517424276566361364466907742093216341239767678472745068562007483424692698618103355649159556340810056512358769552333414615230502532186327508646006263307707741093494784	5764607523034235/576460752303423488
20	active-repo-ratio	0/202402253307310618352495346718917307049556649764142118356901358027430339567995346891960383701437124495187077864316811911389808737385793476867013399940738509921517424276566361364466907742093216341239767678472745068562007483424692698618103355649159556340810056512358769552333414615230502532186327508646006263307707741093494784	5764607523034235/576460752303423488
20	annotation-health	0/202402253307310618352495346718917307049556649764142118356901358027430339567995346891960383701437124495187077864316811911389808737385793476867013399940738509921517424276566361364466907742093216341239767678472745068562007483424692698618103355649159556340810056512358769552333414615230502532186327508646006263307707741093494784	5764607523034235/576460752303423488
20	attack-coverage	0/202402253307310618352495346718917307049556649764142118356901358027430339567995346891960383701437124495187077864316811911389808737385793476867013399940738509921517424276566361364466907742093216341239767678472745068562007483424692698618103355649159556340810056512358769552333414615230502532186327508646006263307707741093494784	5764607523034235/576460752303423488
20	consulting-pct	0/202402253307310618352495346718917307049556649764142118356901358027430339567995346891960383701437124495187077864316811911389808737385793476867013399940738509921517424276566361364466907742093216341239767678472745068562007483424692698618103355649159556340810056512358769552333414615230502532186327508646006263307707741093494784	5764607523034235/576460752303423488
20	coupling-density	0/202402253307310618352495346718917307049556649764142118356901358027430339567995346891960383701437124495187077864316811911389808737385793476867013399940738509921517424276566361364466907742093216341239767678472745068562007483424692698618103355649159556340810056512358769552333414615230502532186327508646006263307707741093494784	5764607523034235/576460752303423488
20	depositing-signal	0/202402253307310618352495346718917307049556649764142118356901358027430339567995346891960383701437124495187077864316811911389808737385793476867013399940738509921517424276566361364466907742093216341239767678472745068562007483424692698618103355649159556340810056512358769552333414615230502532186327508646006263307707741093494784	5764607523034235/576460752303423488
20	loop-health	6362720025837568/18446744073709551616	5764607523034235/576460752303423488
20	mathematics-pct	-6598686489419776/18889465931478580854784	5764607523034235/576460752303423488
20	mission-health	-6349641075962600/576460752303423488	8646911284551352/576460752303423488
20	portfolio-pct	-6598686489419776/9444732965739290427392	5764607523034235/576460752303423488
20	sorry-count-norm	0/202402253307310618352495346718917307049556649764142118356901358027430339567995346891960383701437124495187077864316811911389808737385793476867013399940738509921517424276566361364466907742093216341239767678472745068562007483424692698618103355649159556340810056512358769552333414615230502532186327508646006263307707741093494784	5764607523034235/576460752303423488
20	stack-pct	4949014866821120/4722366482869645213696	5764607523034235/576460752303423488
20	support-coverage	0/202402253307310618352495346718917307049556649764142118356901358027430339567995346891960383701437124495187077864316811911389808737385793476867013399940738509921517424276566361364466907742093216341239767678472745068562007483424692698618103355649159556340810056512358769552333414615230502532186327508646006263307707741093494784	5764607523034235/576460752303423488
20	ticks-firing-ratio	0/202402253307310618352495346718917307049556649764142118356901358027430339567995346891960383701437124495187077864316811911389808737385793476867013399940738509921517424276566361364466907742093216341239767678472745068562007483424692698618103355649159556340810056512358769552333414615230502532186327508646006263307707741093494784	5764607523034235/576460752303423488
21	active-repo-ratio	0/202402253307310618352495346718917307049556649764142118356901358027430339567995346891960383701437124495187077864316811911389808737385793476867013399940738509921517424276566361364466907742093216341239767678472745068562007483424692698618103355649159556340810056512358769552333414615230502532186327508646006263307707741093494784	5764607523034235/576460752303423488
21	annotation-health	0/202402253307310618352495346718917307049556649764142118356901358027430339567995346891960383701437124495187077864316811911389808737385793476867013399940738509921517424276566361364466907742093216341239767678472745068562007483424692698618103355649159556340810056512358769552333414615230502532186327508646006263307707741093494784	5764607523034235/576460752303423488
21	attack-coverage	0/202402253307310618352495346718917307049556649764142118356901358027430339567995346891960383701437124495187077864316811911389808737385793476867013399940738509921517424276566361364466907742093216341239767678472745068562007483424692698618103355649159556340810056512358769552333414615230502532186327508646006263307707741093494784	5764607523034235/576460752303423488
21	consulting-pct	0/202402253307310618352495346718917307049556649764142118356901358027430339567995346891960383701437124495187077864316811911389808737385793476867013399940738509921517424276566361364466907742093216341239767678472745068562007483424692698618103355649159556340810056512358769552333414615230502532186327508646006263307707741093494784	5764607523034235/576460752303423488
21	coupling-density	0/202402253307310618352495346718917307049556649764142118356901358027430339567995346891960383701437124495187077864316811911389808737385793476867013399940738509921517424276566361364466907742093216341239767678472745068562007483424692698618103355649159556340810056512358769552333414615230502532186327508646006263307707741093494784	5764607523034235/576460752303423488
21	depositing-signal	0/202402253307310618352495346718917307049556649764142118356901358027430339567995346891960383701437124495187077864316811911389808737385793476867013399940738509921517424276566361364466907742093216341239767678472745068562007483424692698618103355649159556340810056512358769552333414615230502532186327508646006263307707741093494784	5764607523034235/576460752303423488
21	loop-health	6362720025837568/18446744073709551616	5764607523034235/576460752303423488
21	mathematics-pct	-6598686489419776/18889465931478580854784	5764607523034235/576460752303423488
21	mission-health	-6283542379555328/576460752303423488	8646911284551352/576460752303423488
21	portfolio-pct	-6598686489419776/9444732965739290427392	5764607523034235/576460752303423488
21	sorry-count-norm	0/202402253307310618352495346718917307049556649764142118356901358027430339567995346891960383701437124495187077864316811911389808737385793476867013399940738509921517424276566361364466907742093216341239767678472745068562007483424692698618103355649159556340810056512358769552333414615230502532186327508646006263307707741093494784	5764607523034235/576460752303423488
21	stack-pct	4949014866821120/4722366482869645213696	5764607523034235/576460752303423488
21	support-coverage	0/202402253307310618352495346718917307049556649764142118356901358027430339567995346891960383701437124495187077864316811911389808737385793476867013399940738509921517424276566361364466907742093216341239767678472745068562007483424692698618103355649159556340810056512358769552333414615230502532186327508646006263307707741093494784	5764607523034235/576460752303423488
21	ticks-firing-ratio	0/202402253307310618352495346718917307049556649764142118356901358027430339567995346891960383701437124495187077864316811911389808737385793476867013399940738509921517424276566361364466907742093216341239767678472745068562007483424692698618103355649159556340810056512358769552333414615230502532186327508646006263307707741093494784	5764607523034235/576460752303423488
22	active-repo-ratio	0/202402253307310618352495346718917307049556649764142118356901358027430339567995346891960383701437124495187077864316811911389808737385793476867013399940738509921517424276566361364466907742093216341239767678472745068562007483424692698618103355649159556340810056512358769552333414615230502532186327508646006263307707741093494784	5764607523034235/576460752303423488
22	annotation-health	0/202402253307310618352495346718917307049556649764142118356901358027430339567995346891960383701437124495187077864316811911389808737385793476867013399940738509921517424276566361364466907742093216341239767678472745068562007483424692698618103355649159556340810056512358769552333414615230502532186327508646006263307707741093494784	5764607523034235/576460752303423488
22	attack-coverage	0/202402253307310618352495346718917307049556649764142118356901358027430339567995346891960383701437124495187077864316811911389808737385793476867013399940738509921517424276566361364466907742093216341239767678472745068562007483424692698618103355649159556340810056512358769552333414615230502532186327508646006263307707741093494784	5764607523034235/576460752303423488
22	consulting-pct	0/202402253307310618352495346718917307049556649764142118356901358027430339567995346891960383701437124495187077864316811911389808737385793476867013399940738509921517424276566361364466907742093216341239767678472745068562007483424692698618103355649159556340810056512358769552333414615230502532186327508646006263307707741093494784	5764607523034235/576460752303423488
22	coupling-density	0/202402253307310618352495346718917307049556649764142118356901358027430339567995346891960383701437124495187077864316811911389808737385793476867013399940738509921517424276566361364466907742093216341239767678472745068562007483424692698618103355649159556340810056512358769552333414615230502532186327508646006263307707741093494784	5764607523034235/576460752303423488
22	depositing-signal	0/202402253307310618352495346718917307049556649764142118356901358027430339567995346891960383701437124495187077864316811911389808737385793476867013399940738509921517424276566361364466907742093216341239767678472745068562007483424692698618103355649159556340810056512358769552333414615230502532186327508646006263307707741093494784	5764607523034235/576460752303423488
22	loop-health	6362720025837568/18446744073709551616	5764607523034235/576460752303423488
22	mathematics-pct	-6598686489419776/18889465931478580854784	5764607523034235/576460752303423488
22	mission-health	-6271524434754008/576460752303423488	8646911284551352/576460752303423488
22	portfolio-pct	-6598686489419776/9444732965739290427392	5764607523034235/576460752303423488
22	sorry-count-norm	0/202402253307310618352495346718917307049556649764142118356901358027430339567995346891960383701437124495187077864316811911389808737385793476867013399940738509921517424276566361364466907742093216341239767678472745068562007483424692698618103355649159556340810056512358769552333414615230502532186327508646006263307707741093494784	5764607523034235/576460752303423488
22	stack-pct	4949014866821120/4722366482869645213696	5764607523034235/576460752303423488
22	support-coverage	0/202402253307310618352495346718917307049556649764142118356901358027430339567995346891960383701437124495187077864316811911389808737385793476867013399940738509921517424276566361364466907742093216341239767678472745068562007483424692698618103355649159556340810056512358769552333414615230502532186327508646006263307707741093494784	5764607523034235/576460752303423488
22	ticks-firing-ratio	0/202402253307310618352495346718917307049556649764142118356901358027430339567995346891960383701437124495187077864316811911389808737385793476867013399940738509921517424276566361364466907742093216341239767678472745068562007483424692698618103355649159556340810056512358769552333414615230502532186327508646006263307707741093494784	5764607523034235/576460752303423488
23	active-repo-ratio	0/202402253307310618352495346718917307049556649764142118356901358027430339567995346891960383701437124495187077864316811911389808737385793476867013399940738509921517424276566361364466907742093216341239767678472745068562007483424692698618103355649159556340810056512358769552333414615230502532186327508646006263307707741093494784	5764607523034235/576460752303423488
23	annotation-health	0/202402253307310618352495346718917307049556649764142118356901358027430339567995346891960383701437124495187077864316811911389808737385793476867013399940738509921517424276566361364466907742093216341239767678472745068562007483424692698618103355649159556340810056512358769552333414615230502532186327508646006263307707741093494784	5764607523034235/576460752303423488
23	attack-coverage	0/202402253307310618352495346718917307049556649764142118356901358027430339567995346891960383701437124495187077864316811911389808737385793476867013399940738509921517424276566361364466907742093216341239767678472745068562007483424692698618103355649159556340810056512358769552333414615230502532186327508646006263307707741093494784	5764607523034235/576460752303423488
23	consulting-pct	0/202402253307310618352495346718917307049556649764142118356901358027430339567995346891960383701437124495187077864316811911389808737385793476867013399940738509921517424276566361364466907742093216341239767678472745068562007483424692698618103355649159556340810056512358769552333414615230502532186327508646006263307707741093494784	5764607523034235/576460752303423488
23	coupling-density	0/202402253307310618352495346718917307049556649764142118356901358027430339567995346891960383701437124495187077864316811911389808737385793476867013399940738509921517424276566361364466907742093216341239767678472745068562007483424692698618103355649159556340810056512358769552333414615230502532186327508646006263307707741093494784	5764607523034235/576460752303423488
23	depositing-signal	0/202402253307310618352495346718917307049556649764142118356901358027430339567995346891960383701437124495187077864316811911389808737385793476867013399940738509921517424276566361364466907742093216341239767678472745068562007483424692698618103355649159556340810056512358769552333414615230502532186327508646006263307707741093494784	5764607523034235/576460752303423488
23	loop-health	6362720025837568/18446744073709551616	5764607523034235/576460752303423488
23	mathematics-pct	-6598686489419776/18889465931478580854784	5764607523034235/576460752303423488
23	mission-health	-6255500508352244/576460752303423488	8646911284551352/576460752303423488
23	portfolio-pct	-6598686489419776/9444732965739290427392	5764607523034235/576460752303423488
23	sorry-count-norm	0/202402253307310618352495346718917307049556649764142118356901358027430339567995346891960383701437124495187077864316811911389808737385793476867013399940738509921517424276566361364466907742093216341239767678472745068562007483424692698618103355649159556340810056512358769552333414615230502532186327508646006263307707741093494784	5764607523034235/576460752303423488
23	stack-pct	4949014866821120/4722366482869645213696	5764607523034235/576460752303423488
23	support-coverage	0/202402253307310618352495346718917307049556649764142118356901358027430339567995346891960383701437124495187077864316811911389808737385793476867013399940738509921517424276566361364466907742093216341239767678472745068562007483424692698618103355649159556340810056512358769552333414615230502532186327508646006263307707741093494784	5764607523034235/576460752303423488
23	ticks-firing-ratio	0/202402253307310618352495346718917307049556649764142118356901358027430339567995346891960383701437124495187077864316811911389808737385793476867013399940738509921517424276566361364466907742093216341239767678472745068562007483424692698618103355649159556340810056512358769552333414615230502532186327508646006263307707741093494784	5764607523034235/576460752303423488
24	active-repo-ratio	0/202402253307310618352495346718917307049556649764142118356901358027430339567995346891960383701437124495187077864316811911389808737385793476867013399940738509921517424276566361364466907742093216341239767678472745068562007483424692698618103355649159556340810056512358769552333414615230502532186327508646006263307707741093494784	5764607523034235/576460752303423488
24	annotation-health	0/202402253307310618352495346718917307049556649764142118356901358027430339567995346891960383701437124495187077864316811911389808737385793476867013399940738509921517424276566361364466907742093216341239767678472745068562007483424692698618103355649159556340810056512358769552333414615230502532186327508646006263307707741093494784	5764607523034235/576460752303423488
24	attack-coverage	0/202402253307310618352495346718917307049556649764142118356901358027430339567995346891960383701437124495187077864316811911389808737385793476867013399940738509921517424276566361364466907742093216341239767678472745068562007483424692698618103355649159556340810056512358769552333414615230502532186327508646006263307707741093494784	5764607523034235/576460752303423488
24	consulting-pct	0/202402253307310618352495346718917307049556649764142118356901358027430339567995346891960383701437124495187077864316811911389808737385793476867013399940738509921517424276566361364466907742093216341239767678472745068562007483424692698618103355649159556340810056512358769552333414615230502532186327508646006263307707741093494784	5764607523034235/576460752303423488
24	coupling-density	0/202402253307310618352495346718917307049556649764142118356901358027430339567995346891960383701437124495187077864316811911389808737385793476867013399940738509921517424276566361364466907742093216341239767678472745068562007483424692698618103355649159556340810056512358769552333414615230502532186327508646006263307707741093494784	5764607523034235/576460752303423488
24	depositing-signal	0/202402253307310618352495346718917307049556649764142118356901358027430339567995346891960383701437124495187077864316811911389808737385793476867013399940738509921517424276566361364466907742093216341239767678472745068562007483424692698618103355649159556340810056512358769552333414615230502532186327508646006263307707741093494784	5764607523034235/576460752303423488
24	loop-health	6362720025837568/18446744073709551616	5764607523034235/576460752303423488
24	mathematics-pct	-6598686489419776/18889465931478580854784	5764607523034235/576460752303423488
24	mission-health	-6235470600350040/576460752303423488	8646911284551352/576460752303423488
24	portfolio-pct	-6598686489419776/9444732965739290427392	5764607523034235/576460752303423488
24	sorry-count-norm	0/202402253307310618352495346718917307049556649764142118356901358027430339567995346891960383701437124495187077864316811911389808737385793476867013399940738509921517424276566361364466907742093216341239767678472745068562007483424692698618103355649159556340810056512358769552333414615230502532186327508646006263307707741093494784	5764607523034235/576460752303423488
24	stack-pct	4949014866821120/4722366482869645213696	5764607523034235/576460752303423488
24	support-coverage	0/202402253307310618352495346718917307049556649764142118356901358027430339567995346891960383701437124495187077864316811911389808737385793476867013399940738509921517424276566361364466907742093216341239767678472745068562007483424692698618103355649159556340810056512358769552333414615230502532186327508646006263307707741093494784	5764607523034235/576460752303423488
24	ticks-firing-ratio	0/202402253307310618352495346718917307049556649764142118356901358027430339567995346891960383701437124495187077864316811911389808737385793476867013399940738509921517424276566361364466907742093216341239767678472745068562007483424692698618103355649159556340810056512358769552333414615230502532186327508646006263307707741093494784	5764607523034235/576460752303423488
25	active-repo-ratio	0/202402253307310618352495346718917307049556649764142118356901358027430339567995346891960383701437124495187077864316811911389808737385793476867013399940738509921517424276566361364466907742093216341239767678472745068562007483424692698618103355649159556340810056512358769552333414615230502532186327508646006263307707741093494784	5764607523034235/576460752303423488
25	annotation-health	0/202402253307310618352495346718917307049556649764142118356901358027430339567995346891960383701437124495187077864316811911389808737385793476867013399940738509921517424276566361364466907742093216341239767678472745068562007483424692698618103355649159556340810056512358769552333414615230502532186327508646006263307707741093494784	5764607523034235/576460752303423488
25	attack-coverage	0/202402253307310618352495346718917307049556649764142118356901358027430339567995346891960383701437124495187077864316811911389808737385793476867013399940738509921517424276566361364466907742093216341239767678472745068562007483424692698618103355649159556340810056512358769552333414615230502532186327508646006263307707741093494784	5764607523034235/576460752303423488
25	consulting-pct	0/202402253307310618352495346718917307049556649764142118356901358027430339567995346891960383701437124495187077864316811911389808737385793476867013399940738509921517424276566361364466907742093216341239767678472745068562007483424692698618103355649159556340810056512358769552333414615230502532186327508646006263307707741093494784	5764607523034235/576460752303423488
25	coupling-density	0/202402253307310618352495346718917307049556649764142118356901358027430339567995346891960383701437124495187077864316811911389808737385793476867013399940738509921517424276566361364466907742093216341239767678472745068562007483424692698618103355649159556340810056512358769552333414615230502532186327508646006263307707741093494784	5764607523034235/576460752303423488
25	depositing-signal	0/202402253307310618352495346718917307049556649764142118356901358027430339567995346891960383701437124495187077864316811911389808737385793476867013399940738509921517424276566361364466907742093216341239767678472745068562007483424692698618103355649159556340810056512358769552333414615230502532186327508646006263307707741093494784	5764607523034235/576460752303423488
25	loop-health	6362720025837568/18446744073709551616	5764607523034235/576460752303423488
25	mathematics-pct	-6598686489419776/18889465931478580854784	5764607523034235/576460752303423488
25	mission-health	-6225776124876976/576460752303423488	8646911284551352/576460752303423488
25	portfolio-pct	-6598686489419776/9444732965739290427392	5764607523034235/576460752303423488
25	sorry-count-norm	0/202402253307310618352495346718917307049556649764142118356901358027430339567995346891960383701437124495187077864316811911389808737385793476867013399940738509921517424276566361364466907742093216341239767678472745068562007483424692698618103355649159556340810056512358769552333414615230502532186327508646006263307707741093494784	5764607523034235/576460752303423488
25	stack-pct	4949014866821120/4722366482869645213696	5764607523034235/576460752303423488
25	support-coverage	0/202402253307310618352495346718917307049556649764142118356901358027430339567995346891960383701437124495187077864316811911389808737385793476867013399940738509921517424276566361364466907742093216341239767678472745068562007483424692698618103355649159556340810056512358769552333414615230502532186327508646006263307707741093494784	5764607523034235/576460752303423488
25	ticks-firing-ratio	0/202402253307310618352495346718917307049556649764142118356901358027430339567995346891960383701437124495187077864316811911389808737385793476867013399940738509921517424276566361364466907742093216341239767678472745068562007483424692698618103355649159556340810056512358769552333414615230502532186327508646006263307707741093494784	5764607523034235/576460752303423488
26	active-repo-ratio	0/202402253307310618352495346718917307049556649764142118356901358027430339567995346891960383701437124495187077864316811911389808737385793476867013399940738509921517424276566361364466907742093216341239767678472745068562007483424692698618103355649159556340810056512358769552333414615230502532186327508646006263307707741093494784	5764607523034235/576460752303423488
26	annotation-health	0/202402253307310618352495346718917307049556649764142118356901358027430339567995346891960383701437124495187077864316811911389808737385793476867013399940738509921517424276566361364466907742093216341239767678472745068562007483424692698618103355649159556340810056512358769552333414615230502532186327508646006263307707741093494784	5764607523034235/576460752303423488
26	attack-coverage	0/202402253307310618352495346718917307049556649764142118356901358027430339567995346891960383701437124495187077864316811911389808737385793476867013399940738509921517424276566361364466907742093216341239767678472745068562007483424692698618103355649159556340810056512358769552333414615230502532186327508646006263307707741093494784	5764607523034235/576460752303423488
26	consulting-pct	0/202402253307310618352495346718917307049556649764142118356901358027430339567995346891960383701437124495187077864316811911389808737385793476867013399940738509921517424276566361364466907742093216341239767678472745068562007483424692698618103355649159556340810056512358769552333414615230502532186327508646006263307707741093494784	5764607523034235/576460752303423488
26	coupling-density	0/202402253307310618352495346718917307049556649764142118356901358027430339567995346891960383701437124495187077864316811911389808737385793476867013399940738509921517424276566361364466907742093216341239767678472745068562007483424692698618103355649159556340810056512358769552333414615230502532186327508646006263307707741093494784	5764607523034235/576460752303423488
26	depositing-signal	0/202402253307310618352495346718917307049556649764142118356901358027430339567995346891960383701437124495187077864316811911389808737385793476867013399940738509921517424276566361364466907742093216341239767678472745068562007483424692698618103355649159556340810056512358769552333414615230502532186327508646006263307707741093494784	5764607523034235/576460752303423488
26	loop-health	6362720025837568/18446744073709551616	5764607523034235/576460752303423488
26	mathematics-pct	-6598686489419776/18889465931478580854784	5764607523034235/576460752303423488
26	mission-health	-6225776124876976/576460752303423488	8646911284551352/576460752303423488
26	portfolio-pct	-6598686489419776/9444732965739290427392	5764607523034235/576460752303423488
26	sorry-count-norm	0/202402253307310618352495346718917307049556649764142118356901358027430339567995346891960383701437124495187077864316811911389808737385793476867013399940738509921517424276566361364466907742093216341239767678472745068562007483424692698618103355649159556340810056512358769552333414615230502532186327508646006263307707741093494784	5764607523034235/576460752303423488
26	stack-pct	4949014866821120/4722366482869645213696	5764607523034235/576460752303423488
26	support-coverage	0/202402253307310618352495346718917307049556649764142118356901358027430339567995346891960383701437124495187077864316811911389808737385793476867013399940738509921517424276566361364466907742093216341239767678472745068562007483424692698618103355649159556340810056512358769552333414615230502532186327508646006263307707741093494784	5764607523034235/576460752303423488
26	ticks-firing-ratio	0/202402253307310618352495346718917307049556649764142118356901358027430339567995346891960383701437124495187077864316811911389808737385793476867013399940738509921517424276566361364466907742093216341239767678472745068562007483424692698618103355649159556340810056512358769552333414615230502532186327508646006263307707741093494784	5764607523034235/576460752303423488
27	active-repo-ratio	0/202402253307310618352495346718917307049556649764142118356901358027430339567995346891960383701437124495187077864316811911389808737385793476867013399940738509921517424276566361364466907742093216341239767678472745068562007483424692698618103355649159556340810056512358769552333414615230502532186327508646006263307707741093494784	5764607523034235/576460752303423488
27	annotation-health	0/202402253307310618352495346718917307049556649764142118356901358027430339567995346891960383701437124495187077864316811911389808737385793476867013399940738509921517424276566361364466907742093216341239767678472745068562007483424692698618103355649159556340810056512358769552333414615230502532186327508646006263307707741093494784	5764607523034235/576460752303423488
27	attack-coverage	0/202402253307310618352495346718917307049556649764142118356901358027430339567995346891960383701437124495187077864316811911389808737385793476867013399940738509921517424276566361364466907742093216341239767678472745068562007483424692698618103355649159556340810056512358769552333414615230502532186327508646006263307707741093494784	5764607523034235/576460752303423488
27	consulting-pct	0/202402253307310618352495346718917307049556649764142118356901358027430339567995346891960383701437124495187077864316811911389808737385793476867013399940738509921517424276566361364466907742093216341239767678472745068562007483424692698618103355649159556340810056512358769552333414615230502532186327508646006263307707741093494784	5764607523034235/576460752303423488
27	coupling-density	0/202402253307310618352495346718917307049556649764142118356901358027430339567995346891960383701437124495187077864316811911389808737385793476867013399940738509921517424276566361364466907742093216341239767678472745068562007483424692698618103355649159556340810056512358769552333414615230502532186327508646006263307707741093494784	5764607523034235/576460752303423488
27	depositing-signal	0/202402253307310618352495346718917307049556649764142118356901358027430339567995346891960383701437124495187077864316811911389808737385793476867013399940738509921517424276566361364466907742093216341239767678472745068562007483424692698618103355649159556340810056512358769552333414615230502532186327508646006263307707741093494784	5764607523034235/576460752303423488
27	loop-health	6362720025837568/18446744073709551616	5764607523034235/576460752303423488
27	mathematics-pct	-6598686489419776/18889465931478580854784	5764607523034235/576460752303423488
27	mission-health	-6225776124876976/576460752303423488	8646911284551352/576460752303423488
27	portfolio-pct	-6598686489419776/9444732965739290427392	5764607523034235/576460752303423488
27	sorry-count-norm	0/202402253307310618352495346718917307049556649764142118356901358027430339567995346891960383701437124495187077864316811911389808737385793476867013399940738509921517424276566361364466907742093216341239767678472745068562007483424692698618103355649159556340810056512358769552333414615230502532186327508646006263307707741093494784	5764607523034235/576460752303423488
27	stack-pct	4949014866821120/4722366482869645213696	5764607523034235/576460752303423488
27	support-coverage	0/202402253307310618352495346718917307049556649764142118356901358027430339567995346891960383701437124495187077864316811911389808737385793476867013399940738509921517424276566361364466907742093216341239767678472745068562007483424692698618103355649159556340810056512358769552333414615230502532186327508646006263307707741093494784	5764607523034235/576460752303423488
27	ticks-firing-ratio	0/202402253307310618352495346718917307049556649764142118356901358027430339567995346891960383701437124495187077864316811911389808737385793476867013399940738509921517424276566361364466907742093216341239767678472745068562007483424692698618103355649159556340810056512358769552333414615230502532186327508646006263307707741093494784	5764607523034235/576460752303423488
28	active-repo-ratio	0/202402253307310618352495346718917307049556649764142118356901358027430339567995346891960383701437124495187077864316811911389808737385793476867013399940738509921517424276566361364466907742093216341239767678472745068562007483424692698618103355649159556340810056512358769552333414615230502532186327508646006263307707741093494784	5764607523034235/576460752303423488
28	annotation-health	0/202402253307310618352495346718917307049556649764142118356901358027430339567995346891960383701437124495187077864316811911389808737385793476867013399940738509921517424276566361364466907742093216341239767678472745068562007483424692698618103355649159556340810056512358769552333414615230502532186327508646006263307707741093494784	5764607523034235/576460752303423488
28	attack-coverage	0/202402253307310618352495346718917307049556649764142118356901358027430339567995346891960383701437124495187077864316811911389808737385793476867013399940738509921517424276566361364466907742093216341239767678472745068562007483424692698618103355649159556340810056512358769552333414615230502532186327508646006263307707741093494784	5764607523034235/576460752303423488
28	consulting-pct	0/202402253307310618352495346718917307049556649764142118356901358027430339567995346891960383701437124495187077864316811911389808737385793476867013399940738509921517424276566361364466907742093216341239767678472745068562007483424692698618103355649159556340810056512358769552333414615230502532186327508646006263307707741093494784	5764607523034235/576460752303423488
28	coupling-density	0/202402253307310618352495346718917307049556649764142118356901358027430339567995346891960383701437124495187077864316811911389808737385793476867013399940738509921517424276566361364466907742093216341239767678472745068562007483424692698618103355649159556340810056512358769552333414615230502532186327508646006263307707741093494784	5764607523034235/576460752303423488
28	depositing-signal	0/202402253307310618352495346718917307049556649764142118356901358027430339567995346891960383701437124495187077864316811911389808737385793476867013399940738509921517424276566361364466907742093216341239767678472745068562007483424692698618103355649159556340810056512358769552333414615230502532186327508646006263307707741093494784	5764607523034235/576460752303423488
28	loop-health	6362720025837568/18446744073709551616	5764607523034235/576460752303423488
28	mathematics-pct	-6598686489419776/18889465931478580854784	5764607523034235/576460752303423488
28	mission-health	-6223452655548720/576460752303423488	8646911284551352/576460752303423488
28	portfolio-pct	-6598686489419776/9444732965739290427392	5764607523034235/576460752303423488
28	sorry-count-norm	0/202402253307310618352495346718917307049556649764142118356901358027430339567995346891960383701437124495187077864316811911389808737385793476867013399940738509921517424276566361364466907742093216341239767678472745068562007483424692698618103355649159556340810056512358769552333414615230502532186327508646006263307707741093494784	5764607523034235/576460752303423488
28	stack-pct	4949014866821120/4722366482869645213696	5764607523034235/576460752303423488
28	support-coverage	0/202402253307310618352495346718917307049556649764142118356901358027430339567995346891960383701437124495187077864316811911389808737385793476867013399940738509921517424276566361364466907742093216341239767678472745068562007483424692698618103355649159556340810056512358769552333414615230502532186327508646006263307707741093494784	5764607523034235/576460752303423488
28	ticks-firing-ratio	0/202402253307310618352495346718917307049556649764142118356901358027430339567995346891960383701437124495187077864316811911389808737385793476867013399940738509921517424276566361364466907742093216341239767678472745068562007483424692698618103355649159556340810056512358769552333414615230502532186327508646006263307707741093494784	5764607523034235/576460752303423488
29	active-repo-ratio	0/202402253307310618352495346718917307049556649764142118356901358027430339567995346891960383701437124495187077864316811911389808737385793476867013399940738509921517424276566361364466907742093216341239767678472745068562007483424692698618103355649159556340810056512358769552333414615230502532186327508646006263307707741093494784	5764607523034235/576460752303423488
29	annotation-health	0/202402253307310618352495346718917307049556649764142118356901358027430339567995346891960383701437124495187077864316811911389808737385793476867013399940738509921517424276566361364466907742093216341239767678472745068562007483424692698618103355649159556340810056512358769552333414615230502532186327508646006263307707741093494784	5764607523034235/576460752303423488
29	attack-coverage	0/202402253307310618352495346718917307049556649764142118356901358027430339567995346891960383701437124495187077864316811911389808737385793476867013399940738509921517424276566361364466907742093216341239767678472745068562007483424692698618103355649159556340810056512358769552333414615230502532186327508646006263307707741093494784	5764607523034235/576460752303423488
29	consulting-pct	0/202402253307310618352495346718917307049556649764142118356901358027430339567995346891960383701437124495187077864316811911389808737385793476867013399940738509921517424276566361364466907742093216341239767678472745068562007483424692698618103355649159556340810056512358769552333414615230502532186327508646006263307707741093494784	5764607523034235/576460752303423488
29	coupling-density	0/202402253307310618352495346718917307049556649764142118356901358027430339567995346891960383701437124495187077864316811911389808737385793476867013399940738509921517424276566361364466907742093216341239767678472745068562007483424692698618103355649159556340810056512358769552333414615230502532186327508646006263307707741093494784	5764607523034235/576460752303423488
29	depositing-signal	0/202402253307310618352495346718917307049556649764142118356901358027430339567995346891960383701437124495187077864316811911389808737385793476867013399940738509921517424276566361364466907742093216341239767678472745068562007483424692698618103355649159556340810056512358769552333414615230502532186327508646006263307707741093494784	5764607523034235/576460752303423488
29	loop-health	6362720025837568/18446744073709551616	5764607523034235/576460752303423488
29	mathematics-pct	-6598686489419776/18889465931478580854784	5764607523034235/576460752303423488
29	mission-health	-6195410784345632/576460752303423488	8646911284551352/576460752303423488
29	portfolio-pct	-6598686489419776/9444732965739290427392	5764607523034235/576460752303423488
29	sorry-count-norm	0/202402253307310618352495346718917307049556649764142118356901358027430339567995346891960383701437124495187077864316811911389808737385793476867013399940738509921517424276566361364466907742093216341239767678472745068562007483424692698618103355649159556340810056512358769552333414615230502532186327508646006263307707741093494784	5764607523034235/576460752303423488
29	stack-pct	4949014866821120/4722366482869645213696	5764607523034235/576460752303423488
29	support-coverage	0/202402253307310618352495346718917307049556649764142118356901358027430339567995346891960383701437124495187077864316811911389808737385793476867013399940738509921517424276566361364466907742093216341239767678472745068562007483424692698618103355649159556340810056512358769552333414615230502532186327508646006263307707741093494784	5764607523034235/576460752303423488
29	ticks-firing-ratio	0/202402253307310618352495346718917307049556649764142118356901358027430339567995346891960383701437124495187077864316811911389808737385793476867013399940738509921517424276566361364466907742093216341239767678472745068562007483424692698618103355649159556340810056512358769552333414615230502532186327508646006263307707741093494784	5764607523034235/576460752303423488
30	active-repo-ratio	0/202402253307310618352495346718917307049556649764142118356901358027430339567995346891960383701437124495187077864316811911389808737385793476867013399940738509921517424276566361364466907742093216341239767678472745068562007483424692698618103355649159556340810056512358769552333414615230502532186327508646006263307707741093494784	5764607523034235/576460752303423488
30	annotation-health	0/202402253307310618352495346718917307049556649764142118356901358027430339567995346891960383701437124495187077864316811911389808737385793476867013399940738509921517424276566361364466907742093216341239767678472745068562007483424692698618103355649159556340810056512358769552333414615230502532186327508646006263307707741093494784	5764607523034235/576460752303423488
30	attack-coverage	0/202402253307310618352495346718917307049556649764142118356901358027430339567995346891960383701437124495187077864316811911389808737385793476867013399940738509921517424276566361364466907742093216341239767678472745068562007483424692698618103355649159556340810056512358769552333414615230502532186327508646006263307707741093494784	5764607523034235/576460752303423488
30	consulting-pct	0/202402253307310618352495346718917307049556649764142118356901358027430339567995346891960383701437124495187077864316811911389808737385793476867013399940738509921517424276566361364466907742093216341239767678472745068562007483424692698618103355649159556340810056512358769552333414615230502532186327508646006263307707741093494784	5764607523034235/576460752303423488
30	coupling-density	0/202402253307310618352495346718917307049556649764142118356901358027430339567995346891960383701437124495187077864316811911389808737385793476867013399940738509921517424276566361364466907742093216341239767678472745068562007483424692698618103355649159556340810056512358769552333414615230502532186327508646006263307707741093494784	5764607523034235/576460752303423488
30	depositing-signal	0/202402253307310618352495346718917307049556649764142118356901358027430339567995346891960383701437124495187077864316811911389808737385793476867013399940738509921517424276566361364466907742093216341239767678472745068562007483424692698618103355649159556340810056512358769552333414615230502532186327508646006263307707741093494784	5764607523034235/576460752303423488
30	loop-health	6362720025837568/18446744073709551616	5764607523034235/576460752303423488
30	mathematics-pct	-6598686489419776/18889465931478580854784	5764607523034235/576460752303423488
30	mission-health	-6097264235134836/576460752303423488	8646911284551352/576460752303423488
30	portfolio-pct	-6598686489419776/9444732965739290427392	5764607523034235/576460752303423488
30	sorry-count-norm	0/202402253307310618352495346718917307049556649764142118356901358027430339567995346891960383701437124495187077864316811911389808737385793476867013399940738509921517424276566361364466907742093216341239767678472745068562007483424692698618103355649159556340810056512358769552333414615230502532186327508646006263307707741093494784	5764607523034235/576460752303423488
30	stack-pct	4949014866821120/4722366482869645213696	5764607523034235/576460752303423488
30	support-coverage	0/202402253307310618352495346718917307049556649764142118356901358027430339567995346891960383701437124495187077864316811911389808737385793476867013399940738509921517424276566361364466907742093216341239767678472745068562007483424692698618103355649159556340810056512358769552333414615230502532186327508646006263307707741093494784	5764607523034235/576460752303423488
30	ticks-firing-ratio	0/202402253307310618352495346718917307049556649764142118356901358027430339567995346891960383701437124495187077864316811911389808737385793476867013399940738509921517424276566361364466907742093216341239767678472745068562007483424692698618103355649159556340810056512358769552333414615230502532186327508646006263307707741093494784	5764607523034235/576460752303423488
31	active-repo-ratio	0/202402253307310618352495346718917307049556649764142118356901358027430339567995346891960383701437124495187077864316811911389808737385793476867013399940738509921517424276566361364466907742093216341239767678472745068562007483424692698618103355649159556340810056512358769552333414615230502532186327508646006263307707741093494784	5764607523034235/576460752303423488
31	annotation-health	0/202402253307310618352495346718917307049556649764142118356901358027430339567995346891960383701437124495187077864316811911389808737385793476867013399940738509921517424276566361364466907742093216341239767678472745068562007483424692698618103355649159556340810056512358769552333414615230502532186327508646006263307707741093494784	5764607523034235/576460752303423488
31	attack-coverage	0/202402253307310618352495346718917307049556649764142118356901358027430339567995346891960383701437124495187077864316811911389808737385793476867013399940738509921517424276566361364466907742093216341239767678472745068562007483424692698618103355649159556340810056512358769552333414615230502532186327508646006263307707741093494784	5764607523034235/576460752303423488
31	consulting-pct	0/202402253307310618352495346718917307049556649764142118356901358027430339567995346891960383701437124495187077864316811911389808737385793476867013399940738509921517424276566361364466907742093216341239767678472745068562007483424692698618103355649159556340810056512358769552333414615230502532186327508646006263307707741093494784	5764607523034235/576460752303423488
31	coupling-density	0/202402253307310618352495346718917307049556649764142118356901358027430339567995346891960383701437124495187077864316811911389808737385793476867013399940738509921517424276566361364466907742093216341239767678472745068562007483424692698618103355649159556340810056512358769552333414615230502532186327508646006263307707741093494784	5764607523034235/576460752303423488
31	depositing-signal	0/202402253307310618352495346718917307049556649764142118356901358027430339567995346891960383701437124495187077864316811911389808737385793476867013399940738509921517424276566361364466907742093216341239767678472745068562007483424692698618103355649159556340810056512358769552333414615230502532186327508646006263307707741093494784	5764607523034235/576460752303423488
31	loop-health	6362720025837568/18446744073709551616	5764607523034235/576460752303423488
31	mathematics-pct	-6598686489419776/18889465931478580854784	5764607523034235/576460752303423488
31	mission-health	-6095261244334616/576460752303423488	8646911284551352/576460752303423488
31	portfolio-pct	-6598686489419776/9444732965739290427392	5764607523034235/576460752303423488
31	sorry-count-norm	0/202402253307310618352495346718917307049556649764142118356901358027430339567995346891960383701437124495187077864316811911389808737385793476867013399940738509921517424276566361364466907742093216341239767678472745068562007483424692698618103355649159556340810056512358769552333414615230502532186327508646006263307707741093494784	5764607523034235/576460752303423488
31	stack-pct	4949014866821120/4722366482869645213696	5764607523034235/576460752303423488
31	support-coverage	0/202402253307310618352495346718917307049556649764142118356901358027430339567995346891960383701437124495187077864316811911389808737385793476867013399940738509921517424276566361364466907742093216341239767678472745068562007483424692698618103355649159556340810056512358769552333414615230502532186327508646006263307707741093494784	5764607523034235/576460752303423488
31	ticks-firing-ratio	0/202402253307310618352495346718917307049556649764142118356901358027430339567995346891960383701437124495187077864316811911389808737385793476867013399940738509921517424276566361364466907742093216341239767678472745068562007483424692698618103355649159556340810056512358769552333414615230502532186327508646006263307707741093494784	5764607523034235/576460752303423488
32	active-repo-ratio	0/202402253307310618352495346718917307049556649764142118356901358027430339567995346891960383701437124495187077864316811911389808737385793476867013399940738509921517424276566361364466907742093216341239767678472745068562007483424692698618103355649159556340810056512358769552333414615230502532186327508646006263307707741093494784	5764607523034235/576460752303423488
32	annotation-health	0/202402253307310618352495346718917307049556649764142118356901358027430339567995346891960383701437124495187077864316811911389808737385793476867013399940738509921517424276566361364466907742093216341239767678472745068562007483424692698618103355649159556340810056512358769552333414615230502532186327508646006263307707741093494784	5764607523034235/576460752303423488
32	attack-coverage	0/202402253307310618352495346718917307049556649764142118356901358027430339567995346891960383701437124495187077864316811911389808737385793476867013399940738509921517424276566361364466907742093216341239767678472745068562007483424692698618103355649159556340810056512358769552333414615230502532186327508646006263307707741093494784	5764607523034235/576460752303423488
32	consulting-pct	0/202402253307310618352495346718917307049556649764142118356901358027430339567995346891960383701437124495187077864316811911389808737385793476867013399940738509921517424276566361364466907742093216341239767678472745068562007483424692698618103355649159556340810056512358769552333414615230502532186327508646006263307707741093494784	5764607523034235/576460752303423488
32	coupling-density	0/202402253307310618352495346718917307049556649764142118356901358027430339567995346891960383701437124495187077864316811911389808737385793476867013399940738509921517424276566361364466907742093216341239767678472745068562007483424692698618103355649159556340810056512358769552333414615230502532186327508646006263307707741093494784	5764607523034235/576460752303423488
32	depositing-signal	0/202402253307310618352495346718917307049556649764142118356901358027430339567995346891960383701437124495187077864316811911389808737385793476867013399940738509921517424276566361364466907742093216341239767678472745068562007483424692698618103355649159556340810056512358769552333414615230502532186327508646006263307707741093494784	5764607523034235/576460752303423488
32	loop-health	6362720025837568/18446744073709551616	5764607523034235/576460752303423488
32	mathematics-pct	-6598686489419776/18889465931478580854784	5764607523034235/576460752303423488
32	mission-health	-5959057869919628/576460752303423488	8646911284551352/576460752303423488
32	portfolio-pct	-6598686489419776/9444732965739290427392	5764607523034235/576460752303423488
32	sorry-count-norm	0/202402253307310618352495346718917307049556649764142118356901358027430339567995346891960383701437124495187077864316811911389808737385793476867013399940738509921517424276566361364466907742093216341239767678472745068562007483424692698618103355649159556340810056512358769552333414615230502532186327508646006263307707741093494784	5764607523034235/576460752303423488
32	stack-pct	4949014866821120/4722366482869645213696	5764607523034235/576460752303423488
32	support-coverage	0/202402253307310618352495346718917307049556649764142118356901358027430339567995346891960383701437124495187077864316811911389808737385793476867013399940738509921517424276566361364466907742093216341239767678472745068562007483424692698618103355649159556340810056512358769552333414615230502532186327508646006263307707741093494784	5764607523034235/576460752303423488
32	ticks-firing-ratio	0/202402253307310618352495346718917307049556649764142118356901358027430339567995346891960383701437124495187077864316811911389808737385793476867013399940738509921517424276566361364466907742093216341239767678472745068562007483424692698618103355649159556340810056512358769552333414615230502532186327508646006263307707741093494784	5764607523034235/576460752303423488
33	active-repo-ratio	0/202402253307310618352495346718917307049556649764142118356901358027430339567995346891960383701437124495187077864316811911389808737385793476867013399940738509921517424276566361364466907742093216341239767678472745068562007483424692698618103355649159556340810056512358769552333414615230502532186327508646006263307707741093494784	5764607523034235/576460752303423488
33	annotation-health	0/202402253307310618352495346718917307049556649764142118356901358027430339567995346891960383701437124495187077864316811911389808737385793476867013399940738509921517424276566361364466907742093216341239767678472745068562007483424692698618103355649159556340810056512358769552333414615230502532186327508646006263307707741093494784	5764607523034235/576460752303423488
33	attack-coverage	0/202402253307310618352495346718917307049556649764142118356901358027430339567995346891960383701437124495187077864316811911389808737385793476867013399940738509921517424276566361364466907742093216341239767678472745068562007483424692698618103355649159556340810056512358769552333414615230502532186327508646006263307707741093494784	5764607523034235/576460752303423488
33	consulting-pct	0/202402253307310618352495346718917307049556649764142118356901358027430339567995346891960383701437124495187077864316811911389808737385793476867013399940738509921517424276566361364466907742093216341239767678472745068562007483424692698618103355649159556340810056512358769552333414615230502532186327508646006263307707741093494784	5764607523034235/576460752303423488
33	coupling-density	0/202402253307310618352495346718917307049556649764142118356901358027430339567995346891960383701437124495187077864316811911389808737385793476867013399940738509921517424276566361364466907742093216341239767678472745068562007483424692698618103355649159556340810056512358769552333414615230502532186327508646006263307707741093494784	5764607523034235/576460752303423488
33	depositing-signal	0/202402253307310618352495346718917307049556649764142118356901358027430339567995346891960383701437124495187077864316811911389808737385793476867013399940738509921517424276566361364466907742093216341239767678472745068562007483424692698618103355649159556340810056512358769552333414615230502532186327508646006263307707741093494784	5764607523034235/576460752303423488
33	loop-health	6362720025837568/18446744073709551616	5764607523034235/576460752303423488
33	mathematics-pct	-6598686489419776/18889465931478580854784	5764607523034235/576460752303423488
33	mission-health	-5923004035515664/576460752303423488	8646911284551352/576460752303423488
33	portfolio-pct	-6598686489419776/9444732965739290427392	5764607523034235/576460752303423488
33	sorry-count-norm	0/202402253307310618352495346718917307049556649764142118356901358027430339567995346891960383701437124495187077864316811911389808737385793476867013399940738509921517424276566361364466907742093216341239767678472745068562007483424692698618103355649159556340810056512358769552333414615230502532186327508646006263307707741093494784	5764607523034235/576460752303423488
33	stack-pct	4949014866821120/4722366482869645213696	5764607523034235/576460752303423488
33	support-coverage	0/202402253307310618352495346718917307049556649764142118356901358027430339567995346891960383701437124495187077864316811911389808737385793476867013399940738509921517424276566361364466907742093216341239767678472745068562007483424692698618103355649159556340810056512358769552333414615230502532186327508646006263307707741093494784	5764607523034235/576460752303423488
33	ticks-firing-ratio	0/202402253307310618352495346718917307049556649764142118356901358027430339567995346891960383701437124495187077864316811911389808737385793476867013399940738509921517424276566361364466907742093216341239767678472745068562007483424692698618103355649159556340810056512358769552333414615230502532186327508646006263307707741093494784	5764607523034235/576460752303423488
34	active-repo-ratio	0/202402253307310618352495346718917307049556649764142118356901358027430339567995346891960383701437124495187077864316811911389808737385793476867013399940738509921517424276566361364466907742093216341239767678472745068562007483424692698618103355649159556340810056512358769552333414615230502532186327508646006263307707741093494784	5764607523034235/576460752303423488
34	annotation-health	0/202402253307310618352495346718917307049556649764142118356901358027430339567995346891960383701437124495187077864316811911389808737385793476867013399940738509921517424276566361364466907742093216341239767678472745068562007483424692698618103355649159556340810056512358769552333414615230502532186327508646006263307707741093494784	5764607523034235/576460752303423488
34	attack-coverage	0/202402253307310618352495346718917307049556649764142118356901358027430339567995346891960383701437124495187077864316811911389808737385793476867013399940738509921517424276566361364466907742093216341239767678472745068562007483424692698618103355649159556340810056512358769552333414615230502532186327508646006263307707741093494784	5764607523034235/576460752303423488
34	consulting-pct	0/202402253307310618352495346718917307049556649764142118356901358027430339567995346891960383701437124495187077864316811911389808737385793476867013399940738509921517424276566361364466907742093216341239767678472745068562007483424692698618103355649159556340810056512358769552333414615230502532186327508646006263307707741093494784	5764607523034235/576460752303423488
34	coupling-density	0/202402253307310618352495346718917307049556649764142118356901358027430339567995346891960383701437124495187077864316811911389808737385793476867013399940738509921517424276566361364466907742093216341239767678472745068562007483424692698618103355649159556340810056512358769552333414615230502532186327508646006263307707741093494784	5764607523034235/576460752303423488
34	depositing-signal	0/202402253307310618352495346718917307049556649764142118356901358027430339567995346891960383701437124495187077864316811911389808737385793476867013399940738509921517424276566361364466907742093216341239767678472745068562007483424692698618103355649159556340810056512358769552333414615230502532186327508646006263307707741093494784	5764607523034235/576460752303423488
34	loop-health	6362720025837568/18446744073709551616	5764607523034235/576460752303423488
34	mathematics-pct	-6598686489419776/18889465931478580854784	5764607523034235/576460752303423488
34	mission-health	-5878938237910816/576460752303423488	8646911284551352/576460752303423488
34	portfolio-pct	-6598686489419776/9444732965739290427392	5764607523034235/576460752303423488
34	sorry-count-norm	0/202402253307310618352495346718917307049556649764142118356901358027430339567995346891960383701437124495187077864316811911389808737385793476867013399940738509921517424276566361364466907742093216341239767678472745068562007483424692698618103355649159556340810056512358769552333414615230502532186327508646006263307707741093494784	5764607523034235/576460752303423488
34	stack-pct	4949014866821120/4722366482869645213696	5764607523034235/576460752303423488
34	support-coverage	0/202402253307310618352495346718917307049556649764142118356901358027430339567995346891960383701437124495187077864316811911389808737385793476867013399940738509921517424276566361364466907742093216341239767678472745068562007483424692698618103355649159556340810056512358769552333414615230502532186327508646006263307707741093494784	5764607523034235/576460752303423488
34	ticks-firing-ratio	0/202402253307310618352495346718917307049556649764142118356901358027430339567995346891960383701437124495187077864316811911389808737385793476867013399940738509921517424276566361364466907742093216341239767678472745068562007483424692698618103355649159556340810056512358769552333414615230502532186327508646006263307707741093494784	5764607523034235/576460752303423488
35	active-repo-ratio	0/202402253307310618352495346718917307049556649764142118356901358027430339567995346891960383701437124495187077864316811911389808737385793476867013399940738509921517424276566361364466907742093216341239767678472745068562007483424692698618103355649159556340810056512358769552333414615230502532186327508646006263307707741093494784	5764607523034235/576460752303423488
35	annotation-health	0/202402253307310618352495346718917307049556649764142118356901358027430339567995346891960383701437124495187077864316811911389808737385793476867013399940738509921517424276566361364466907742093216341239767678472745068562007483424692698618103355649159556340810056512358769552333414615230502532186327508646006263307707741093494784	5764607523034235/576460752303423488
35	attack-coverage	0/202402253307310618352495346718917307049556649764142118356901358027430339567995346891960383701437124495187077864316811911389808737385793476867013399940738509921517424276566361364466907742093216341239767678472745068562007483424692698618103355649159556340810056512358769552333414615230502532186327508646006263307707741093494784	5764607523034235/576460752303423488
35	consulting-pct	0/202402253307310618352495346718917307049556649764142118356901358027430339567995346891960383701437124495187077864316811911389808737385793476867013399940738509921517424276566361364466907742093216341239767678472745068562007483424692698618103355649159556340810056512358769552333414615230502532186327508646006263307707741093494784	5764607523034235/576460752303423488
35	coupling-density	0/202402253307310618352495346718917307049556649764142118356901358027430339567995346891960383701437124495187077864316811911389808737385793476867013399940738509921517424276566361364466907742093216341239767678472745068562007483424692698618103355649159556340810056512358769552333414615230502532186327508646006263307707741093494784	5764607523034235/576460752303423488
35	depositing-signal	0/202402253307310618352495346718917307049556649764142118356901358027430339567995346891960383701437124495187077864316811911389808737385793476867013399940738509921517424276566361364466907742093216341239767678472745068562007483424692698618103355649159556340810056512358769552333414615230502532186327508646006263307707741093494784	5764607523034235/576460752303423488
35	loop-health	6362720025837568/18446744073709551616	5764607523034235/576460752303423488
35	mathematics-pct	-6598686489419776/18889465931478580854784	5764607523034235/576460752303423488
35	mission-health	-5832869449505744/576460752303423488	8646911284551352/576460752303423488
35	portfolio-pct	-6598686489419776/9444732965739290427392	5764607523034235/576460752303423488
35	sorry-count-norm	0/202402253307310618352495346718917307049556649764142118356901358027430339567995346891960383701437124495187077864316811911389808737385793476867013399940738509921517424276566361364466907742093216341239767678472745068562007483424692698618103355649159556340810056512358769552333414615230502532186327508646006263307707741093494784	5764607523034235/576460752303423488
35	stack-pct	4949014866821120/4722366482869645213696	5764607523034235/576460752303423488
35	support-coverage	0/202402253307310618352495346718917307049556649764142118356901358027430339567995346891960383701437124495187077864316811911389808737385793476867013399940738509921517424276566361364466907742093216341239767678472745068562007483424692698618103355649159556340810056512358769552333414615230502532186327508646006263307707741093494784	5764607523034235/576460752303423488
35	ticks-firing-ratio	0/202402253307310618352495346718917307049556649764142118356901358027430339567995346891960383701437124495187077864316811911389808737385793476867013399940738509921517424276566361364466907742093216341239767678472745068562007483424692698618103355649159556340810056512358769552333414615230502532186327508646006263307707741093494784	5764607523034235/576460752303423488
36	active-repo-ratio	0/202402253307310618352495346718917307049556649764142118356901358027430339567995346891960383701437124495187077864316811911389808737385793476867013399940738509921517424276566361364466907742093216341239767678472745068562007483424692698618103355649159556340810056512358769552333414615230502532186327508646006263307707741093494784	5764607523034235/576460752303423488
36	annotation-health	0/202402253307310618352495346718917307049556649764142118356901358027430339567995346891960383701437124495187077864316811911389808737385793476867013399940738509921517424276566361364466907742093216341239767678472745068562007483424692698618103355649159556340810056512358769552333414615230502532186327508646006263307707741093494784	5764607523034235/576460752303423488
36	attack-coverage	0/202402253307310618352495346718917307049556649764142118356901358027430339567995346891960383701437124495187077864316811911389808737385793476867013399940738509921517424276566361364466907742093216341239767678472745068562007483424692698618103355649159556340810056512358769552333414615230502532186327508646006263307707741093494784	5764607523034235/576460752303423488
36	consulting-pct	0/202402253307310618352495346718917307049556649764142118356901358027430339567995346891960383701437124495187077864316811911389808737385793476867013399940738509921517424276566361364466907742093216341239767678472745068562007483424692698618103355649159556340810056512358769552333414615230502532186327508646006263307707741093494784	5764607523034235/576460752303423488
36	coupling-density	0/202402253307310618352495346718917307049556649764142118356901358027430339567995346891960383701437124495187077864316811911389808737385793476867013399940738509921517424276566361364466907742093216341239767678472745068562007483424692698618103355649159556340810056512358769552333414615230502532186327508646006263307707741093494784	5764607523034235/576460752303423488
36	depositing-signal	0/202402253307310618352495346718917307049556649764142118356901358027430339567995346891960383701437124495187077864316811911389808737385793476867013399940738509921517424276566361364466907742093216341239767678472745068562007483424692698618103355649159556340810056512358769552333414615230502532186327508646006263307707741093494784	5764607523034235/576460752303423488
36	loop-health	6362720025837568/18446744073709551616	5764607523034235/576460752303423488
36	mathematics-pct	-6598686489419776/18889465931478580854784	5764607523034235/576460752303423488
36	mission-health	-5816845523103984/576460752303423488	8646911284551352/576460752303423488
36	portfolio-pct	-6598686489419776/9444732965739290427392	5764607523034235/576460752303423488
36	sorry-count-norm	0/202402253307310618352495346718917307049556649764142118356901358027430339567995346891960383701437124495187077864316811911389808737385793476867013399940738509921517424276566361364466907742093216341239767678472745068562007483424692698618103355649159556340810056512358769552333414615230502532186327508646006263307707741093494784	5764607523034235/576460752303423488
36	stack-pct	4949014866821120/4722366482869645213696	5764607523034235/576460752303423488
36	support-coverage	0/202402253307310618352495346718917307049556649764142118356901358027430339567995346891960383701437124495187077864316811911389808737385793476867013399940738509921517424276566361364466907742093216341239767678472745068562007483424692698618103355649159556340810056512358769552333414615230502532186327508646006263307707741093494784	5764607523034235/576460752303423488
36	ticks-firing-ratio	0/202402253307310618352495346718917307049556649764142118356901358027430339567995346891960383701437124495187077864316811911389808737385793476867013399940738509921517424276566361364466907742093216341239767678472745068562007483424692698618103355649159556340810056512358769552333414615230502532186327508646006263307707741093494784	5764607523034235/576460752303423488
37	active-repo-ratio	0/202402253307310618352495346718917307049556649764142118356901358027430339567995346891960383701437124495187077864316811911389808737385793476867013399940738509921517424276566361364466907742093216341239767678472745068562007483424692698618103355649159556340810056512358769552333414615230502532186327508646006263307707741093494784	5764607523034235/576460752303423488
37	annotation-health	0/202402253307310618352495346718917307049556649764142118356901358027430339567995346891960383701437124495187077864316811911389808737385793476867013399940738509921517424276566361364466907742093216341239767678472745068562007483424692698618103355649159556340810056512358769552333414615230502532186327508646006263307707741093494784	5764607523034235/576460752303423488
37	attack-coverage	0/202402253307310618352495346718917307049556649764142118356901358027430339567995346891960383701437124495187077864316811911389808737385793476867013399940738509921517424276566361364466907742093216341239767678472745068562007483424692698618103355649159556340810056512358769552333414615230502532186327508646006263307707741093494784	5764607523034235/576460752303423488
37	consulting-pct	0/202402253307310618352495346718917307049556649764142118356901358027430339567995346891960383701437124495187077864316811911389808737385793476867013399940738509921517424276566361364466907742093216341239767678472745068562007483424692698618103355649159556340810056512358769552333414615230502532186327508646006263307707741093494784	5764607523034235/576460752303423488
37	coupling-density	0/202402253307310618352495346718917307049556649764142118356901358027430339567995346891960383701437124495187077864316811911389808737385793476867013399940738509921517424276566361364466907742093216341239767678472745068562007483424692698618103355649159556340810056512358769552333414615230502532186327508646006263307707741093494784	5764607523034235/576460752303423488
37	depositing-signal	0/202402253307310618352495346718917307049556649764142118356901358027430339567995346891960383701437124495187077864316811911389808737385793476867013399940738509921517424276566361364466907742093216341239767678472745068562007483424692698618103355649159556340810056512358769552333414615230502532186327508646006263307707741093494784	5764607523034235/576460752303423488
37	loop-health	6362720025837568/18446744073709551616	5764607523034235/576460752303423488
37	mathematics-pct	-6598686489419776/18889465931478580854784	5764607523034235/576460752303423488
37	mission-health	-5736725891095168/576460752303423488	8646911284551352/576460752303423488
37	portfolio-pct	-6598686489419776/9444732965739290427392	5764607523034235/576460752303423488
37	sorry-count-norm	0/202402253307310618352495346718917307049556649764142118356901358027430339567995346891960383701437124495187077864316811911389808737385793476867013399940738509921517424276566361364466907742093216341239767678472745068562007483424692698618103355649159556340810056512358769552333414615230502532186327508646006263307707741093494784	5764607523034235/576460752303423488
37	stack-pct	4949014866821120/4722366482869645213696	5764607523034235/576460752303423488
37	support-coverage	0/202402253307310618352495346718917307049556649764142118356901358027430339567995346891960383701437124495187077864316811911389808737385793476867013399940738509921517424276566361364466907742093216341239767678472745068562007483424692698618103355649159556340810056512358769552333414615230502532186327508646006263307707741093494784	5764607523034235/576460752303423488
37	ticks-firing-ratio	0/202402253307310618352495346718917307049556649764142118356901358027430339567995346891960383701437124495187077864316811911389808737385793476867013399940738509921517424276566361364466907742093216341239767678472745068562007483424692698618103355649159556340810056512358769552333414615230502532186327508646006263307707741093494784	5764607523034235/576460752303423488
38	active-repo-ratio	0/202402253307310618352495346718917307049556649764142118356901358027430339567995346891960383701437124495187077864316811911389808737385793476867013399940738509921517424276566361364466907742093216341239767678472745068562007483424692698618103355649159556340810056512358769552333414615230502532186327508646006263307707741093494784	5764607523034235/576460752303423488
38	annotation-health	0/202402253307310618352495346718917307049556649764142118356901358027430339567995346891960383701437124495187077864316811911389808737385793476867013399940738509921517424276566361364466907742093216341239767678472745068562007483424692698618103355649159556340810056512358769552333414615230502532186327508646006263307707741093494784	5764607523034235/576460752303423488
38	attack-coverage	0/202402253307310618352495346718917307049556649764142118356901358027430339567995346891960383701437124495187077864316811911389808737385793476867013399940738509921517424276566361364466907742093216341239767678472745068562007483424692698618103355649159556340810056512358769552333414615230502532186327508646006263307707741093494784	5764607523034235/576460752303423488
38	consulting-pct	0/202402253307310618352495346718917307049556649764142118356901358027430339567995346891960383701437124495187077864316811911389808737385793476867013399940738509921517424276566361364466907742093216341239767678472745068562007483424692698618103355649159556340810056512358769552333414615230502532186327508646006263307707741093494784	5764607523034235/576460752303423488
38	coupling-density	0/202402253307310618352495346718917307049556649764142118356901358027430339567995346891960383701437124495187077864316811911389808737385793476867013399940738509921517424276566361364466907742093216341239767678472745068562007483424692698618103355649159556340810056512358769552333414615230502532186327508646006263307707741093494784	5764607523034235/576460752303423488
38	depositing-signal	0/202402253307310618352495346718917307049556649764142118356901358027430339567995346891960383701437124495187077864316811911389808737385793476867013399940738509921517424276566361364466907742093216341239767678472745068562007483424692698618103355649159556340810056512358769552333414615230502532186327508646006263307707741093494784	5764607523034235/576460752303423488
38	loop-health	6362720025837568/18446744073709551616	5764607523034235/576460752303423488
38	mathematics-pct	-6598686489419776/18889465931478580854784	5764607523034235/576460752303423488
38	mission-health	-5660612240686792/576460752303423488	8646911284551352/576460752303423488
38	portfolio-pct	-6598686489419776/9444732965739290427392	5764607523034235/576460752303423488
38	sorry-count-norm	0/202402253307310618352495346718917307049556649764142118356901358027430339567995346891960383701437124495187077864316811911389808737385793476867013399940738509921517424276566361364466907742093216341239767678472745068562007483424692698618103355649159556340810056512358769552333414615230502532186327508646006263307707741093494784	5764607523034235/576460752303423488
38	stack-pct	4949014866821120/4722366482869645213696	5764607523034235/576460752303423488
38	support-coverage	0/202402253307310618352495346718917307049556649764142118356901358027430339567995346891960383701437124495187077864316811911389808737385793476867013399940738509921517424276566361364466907742093216341239767678472745068562007483424692698618103355649159556340810056512358769552333414615230502532186327508646006263307707741093494784	5764607523034235/576460752303423488
38	ticks-firing-ratio	0/202402253307310618352495346718917307049556649764142118356901358027430339567995346891960383701437124495187077864316811911389808737385793476867013399940738509921517424276566361364466907742093216341239767678472745068562007483424692698618103355649159556340810056512358769552333414615230502532186327508646006263307707741093494784	5764607523034235/576460752303423488
39	active-repo-ratio	0/202402253307310618352495346718917307049556649764142118356901358027430339567995346891960383701437124495187077864316811911389808737385793476867013399940738509921517424276566361364466907742093216341239767678472745068562007483424692698618103355649159556340810056512358769552333414615230502532186327508646006263307707741093494784	5764607523034235/576460752303423488
39	annotation-health	0/202402253307310618352495346718917307049556649764142118356901358027430339567995346891960383701437124495187077864316811911389808737385793476867013399940738509921517424276566361364466907742093216341239767678472745068562007483424692698618103355649159556340810056512358769552333414615230502532186327508646006263307707741093494784	5764607523034235/576460752303423488
39	attack-coverage	0/202402253307310618352495346718917307049556649764142118356901358027430339567995346891960383701437124495187077864316811911389808737385793476867013399940738509921517424276566361364466907742093216341239767678472745068562007483424692698618103355649159556340810056512358769552333414615230502532186327508646006263307707741093494784	5764607523034235/576460752303423488
39	consulting-pct	0/202402253307310618352495346718917307049556649764142118356901358027430339567995346891960383701437124495187077864316811911389808737385793476867013399940738509921517424276566361364466907742093216341239767678472745068562007483424692698618103355649159556340810056512358769552333414615230502532186327508646006263307707741093494784	5764607523034235/576460752303423488
39	coupling-density	0/202402253307310618352495346718917307049556649764142118356901358027430339567995346891960383701437124495187077864316811911389808737385793476867013399940738509921517424276566361364466907742093216341239767678472745068562007483424692698618103355649159556340810056512358769552333414615230502532186327508646006263307707741093494784	5764607523034235/576460752303423488
39	depositing-signal	0/202402253307310618352495346718917307049556649764142118356901358027430339567995346891960383701437124495187077864316811911389808737385793476867013399940738509921517424276566361364466907742093216341239767678472745068562007483424692698618103355649159556340810056512358769552333414615230502532186327508646006263307707741093494784	5764607523034235/576460752303423488
39	loop-health	6362720025837568/18446744073709551616	5764607523034235/576460752303423488
39	mathematics-pct	-6598686489419776/18889465931478580854784	5764607523034235/576460752303423488
39	mission-health	-5642585323484808/576460752303423488	8646911284551352/576460752303423488
39	portfolio-pct	-6598686489419776/9444732965739290427392	5764607523034235/576460752303423488
39	sorry-count-norm	0/202402253307310618352495346718917307049556649764142118356901358027430339567995346891960383701437124495187077864316811911389808737385793476867013399940738509921517424276566361364466907742093216341239767678472745068562007483424692698618103355649159556340810056512358769552333414615230502532186327508646006263307707741093494784	5764607523034235/576460752303423488
39	stack-pct	4949014866821120/4722366482869645213696	5764607523034235/576460752303423488
39	support-coverage	0/202402253307310618352495346718917307049556649764142118356901358027430339567995346891960383701437124495187077864316811911389808737385793476867013399940738509921517424276566361364466907742093216341239767678472745068562007483424692698618103355649159556340810056512358769552333414615230502532186327508646006263307707741093494784	5764607523034235/576460752303423488
39	ticks-firing-ratio	0/202402253307310618352495346718917307049556649764142118356901358027430339567995346891960383701437124495187077864316811911389808737385793476867013399940738509921517424276566361364466907742093216341239767678472745068562007483424692698618103355649159556340810056512358769552333414615230502532186327508646006263307707741093494784	5764607523034235/576460752303423488
40	active-repo-ratio	0/202402253307310618352495346718917307049556649764142118356901358027430339567995346891960383701437124495187077864316811911389808737385793476867013399940738509921517424276566361364466907742093216341239767678472745068562007483424692698618103355649159556340810056512358769552333414615230502532186327508646006263307707741093494784	5764607523034235/576460752303423488
40	annotation-health	0/202402253307310618352495346718917307049556649764142118356901358027430339567995346891960383701437124495187077864316811911389808737385793476867013399940738509921517424276566361364466907742093216341239767678472745068562007483424692698618103355649159556340810056512358769552333414615230502532186327508646006263307707741093494784	5764607523034235/576460752303423488
40	attack-coverage	0/202402253307310618352495346718917307049556649764142118356901358027430339567995346891960383701437124495187077864316811911389808737385793476867013399940738509921517424276566361364466907742093216341239767678472745068562007483424692698618103355649159556340810056512358769552333414615230502532186327508646006263307707741093494784	5764607523034235/576460752303423488
40	consulting-pct	0/202402253307310618352495346718917307049556649764142118356901358027430339567995346891960383701437124495187077864316811911389808737385793476867013399940738509921517424276566361364466907742093216341239767678472745068562007483424692698618103355649159556340810056512358769552333414615230502532186327508646006263307707741093494784	5764607523034235/576460752303423488
40	coupling-density	0/202402253307310618352495346718917307049556649764142118356901358027430339567995346891960383701437124495187077864316811911389808737385793476867013399940738509921517424276566361364466907742093216341239767678472745068562007483424692698618103355649159556340810056512358769552333414615230502532186327508646006263307707741093494784	5764607523034235/576460752303423488
40	depositing-signal	0/202402253307310618352495346718917307049556649764142118356901358027430339567995346891960383701437124495187077864316811911389808737385793476867013399940738509921517424276566361364466907742093216341239767678472745068562007483424692698618103355649159556340810056512358769552333414615230502532186327508646006263307707741093494784	5764607523034235/576460752303423488
40	loop-health	6362720025837568/18446744073709551616	5764607523034235/576460752303423488
40	mathematics-pct	-6598686489419776/18889465931478580854784	5764607523034235/576460752303423488
40	mission-health	-5602525507480404/576460752303423488	8646911284551352/576460752303423488
40	portfolio-pct	-6598686489419776/9444732965739290427392	5764607523034235/576460752303423488
40	sorry-count-norm	0/202402253307310618352495346718917307049556649764142118356901358027430339567995346891960383701437124495187077864316811911389808737385793476867013399940738509921517424276566361364466907742093216341239767678472745068562007483424692698618103355649159556340810056512358769552333414615230502532186327508646006263307707741093494784	5764607523034235/576460752303423488
40	stack-pct	4949014866821120/4722366482869645213696	5764607523034235/576460752303423488
40	support-coverage	0/202402253307310618352495346718917307049556649764142118356901358027430339567995346891960383701437124495187077864316811911389808737385793476867013399940738509921517424276566361364466907742093216341239767678472745068562007483424692698618103355649159556340810056512358769552333414615230502532186327508646006263307707741093494784	5764607523034235/576460752303423488
40	ticks-firing-ratio	0/202402253307310618352495346718917307049556649764142118356901358027430339567995346891960383701437124495187077864316811911389808737385793476867013399940738509921517424276566361364466907742093216341239767678472745068562007483424692698618103355649159556340810056512358769552333414615230502532186327508646006263307707741093494784	5764607523034235/576460752303423488
41	active-repo-ratio	0/202402253307310618352495346718917307049556649764142118356901358027430339567995346891960383701437124495187077864316811911389808737385793476867013399940738509921517424276566361364466907742093216341239767678472745068562007483424692698618103355649159556340810056512358769552333414615230502532186327508646006263307707741093494784	5764607523034235/576460752303423488
41	annotation-health	0/202402253307310618352495346718917307049556649764142118356901358027430339567995346891960383701437124495187077864316811911389808737385793476867013399940738509921517424276566361364466907742093216341239767678472745068562007483424692698618103355649159556340810056512358769552333414615230502532186327508646006263307707741093494784	5764607523034235/576460752303423488
41	attack-coverage	0/202402253307310618352495346718917307049556649764142118356901358027430339567995346891960383701437124495187077864316811911389808737385793476867013399940738509921517424276566361364466907742093216341239767678472745068562007483424692698618103355649159556340810056512358769552333414615230502532186327508646006263307707741093494784	5764607523034235/576460752303423488
41	consulting-pct	0/202402253307310618352495346718917307049556649764142118356901358027430339567995346891960383701437124495187077864316811911389808737385793476867013399940738509921517424276566361364466907742093216341239767678472745068562007483424692698618103355649159556340810056512358769552333414615230502532186327508646006263307707741093494784	5764607523034235/576460752303423488
41	coupling-density	0/202402253307310618352495346718917307049556649764142118356901358027430339567995346891960383701437124495187077864316811911389808737385793476867013399940738509921517424276566361364466907742093216341239767678472745068562007483424692698618103355649159556340810056512358769552333414615230502532186327508646006263307707741093494784	5764607523034235/576460752303423488
41	depositing-signal	0/202402253307310618352495346718917307049556649764142118356901358027430339567995346891960383701437124495187077864316811911389808737385793476867013399940738509921517424276566361364466907742093216341239767678472745068562007483424692698618103355649159556340810056512358769552333414615230502532186327508646006263307707741093494784	5764607523034235/576460752303423488
41	loop-health	6362720025837568/18446744073709551616	5764607523034235/576460752303423488
41	mathematics-pct	-6598686489419776/18889465931478580854784	5764607523034235/576460752303423488
41	mission-health	-5572480645477096/576460752303423488	8646911284551352/576460752303423488
41	portfolio-pct	-6598686489419776/9444732965739290427392	5764607523034235/576460752303423488
41	sorry-count-norm	0/202402253307310618352495346718917307049556649764142118356901358027430339567995346891960383701437124495187077864316811911389808737385793476867013399940738509921517424276566361364466907742093216341239767678472745068562007483424692698618103355649159556340810056512358769552333414615230502532186327508646006263307707741093494784	5764607523034235/576460752303423488
41	stack-pct	4949014866821120/4722366482869645213696	5764607523034235/576460752303423488
41	support-coverage	0/202402253307310618352495346718917307049556649764142118356901358027430339567995346891960383701437124495187077864316811911389808737385793476867013399940738509921517424276566361364466907742093216341239767678472745068562007483424692698618103355649159556340810056512358769552333414615230502532186327508646006263307707741093494784	5764607523034235/576460752303423488
41	ticks-firing-ratio	0/202402253307310618352495346718917307049556649764142118356901358027430339567995346891960383701437124495187077864316811911389808737385793476867013399940738509921517424276566361364466907742093216341239767678472745068562007483424692698618103355649159556340810056512358769552333414615230502532186327508646006263307707741093494784	5764607523034235/576460752303423488
42	active-repo-ratio	0/202402253307310618352495346718917307049556649764142118356901358027430339567995346891960383701437124495187077864316811911389808737385793476867013399940738509921517424276566361364466907742093216341239767678472745068562007483424692698618103355649159556340810056512358769552333414615230502532186327508646006263307707741093494784	5764607523034235/576460752303423488
42	annotation-health	0/202402253307310618352495346718917307049556649764142118356901358027430339567995346891960383701437124495187077864316811911389808737385793476867013399940738509921517424276566361364466907742093216341239767678472745068562007483424692698618103355649159556340810056512358769552333414615230502532186327508646006263307707741093494784	5764607523034235/576460752303423488
42	attack-coverage	0/202402253307310618352495346718917307049556649764142118356901358027430339567995346891960383701437124495187077864316811911389808737385793476867013399940738509921517424276566361364466907742093216341239767678472745068562007483424692698618103355649159556340810056512358769552333414615230502532186327508646006263307707741093494784	5764607523034235/576460752303423488
42	consulting-pct	0/202402253307310618352495346718917307049556649764142118356901358027430339567995346891960383701437124495187077864316811911389808737385793476867013399940738509921517424276566361364466907742093216341239767678472745068562007483424692698618103355649159556340810056512358769552333414615230502532186327508646006263307707741093494784	5764607523034235/576460752303423488
42	coupling-density	0/202402253307310618352495346718917307049556649764142118356901358027430339567995346891960383701437124495187077864316811911389808737385793476867013399940738509921517424276566361364466907742093216341239767678472745068562007483424692698618103355649159556340810056512358769552333414615230502532186327508646006263307707741093494784	5764607523034235/576460752303423488
42	depositing-signal	0/202402253307310618352495346718917307049556649764142118356901358027430339567995346891960383701437124495187077864316811911389808737385793476867013399940738509921517424276566361364466907742093216341239767678472745068562007483424692698618103355649159556340810056512358769552333414615230502532186327508646006263307707741093494784	5764607523034235/576460752303423488
42	loop-health	6362720025837568/18446744073709551616	5764607523034235/576460752303423488
42	mathematics-pct	-6598686489419776/18889465931478580854784	5764607523034235/576460752303423488
42	mission-health	-5534423820272912/576460752303423488	8646911284551352/576460752303423488
42	portfolio-pct	-6598686489419776/9444732965739290427392	5764607523034235/576460752303423488
42	sorry-count-norm	0/202402253307310618352495346718917307049556649764142118356901358027430339567995346891960383701437124495187077864316811911389808737385793476867013399940738509921517424276566361364466907742093216341239767678472745068562007483424692698618103355649159556340810056512358769552333414615230502532186327508646006263307707741093494784	5764607523034235/576460752303423488
42	stack-pct	4949014866821120/4722366482869645213696	5764607523034235/576460752303423488
42	support-coverage	0/202402253307310618352495346718917307049556649764142118356901358027430339567995346891960383701437124495187077864316811911389808737385793476867013399940738509921517424276566361364466907742093216341239767678472745068562007483424692698618103355649159556340810056512358769552333414615230502532186327508646006263307707741093494784	5764607523034235/576460752303423488
42	ticks-firing-ratio	0/202402253307310618352495346718917307049556649764142118356901358027430339567995346891960383701437124495187077864316811911389808737385793476867013399940738509921517424276566361364466907742093216341239767678472745068562007483424692698618103355649159556340810056512358769552333414615230502532186327508646006263307707741093494784	5764607523034235/576460752303423488
43	active-repo-ratio	0/202402253307310618352495346718917307049556649764142118356901358027430339567995346891960383701437124495187077864316811911389808737385793476867013399940738509921517424276566361364466907742093216341239767678472745068562007483424692698618103355649159556340810056512358769552333414615230502532186327508646006263307707741093494784	5764607523034235/576460752303423488
43	annotation-health	0/202402253307310618352495346718917307049556649764142118356901358027430339567995346891960383701437124495187077864316811911389808737385793476867013399940738509921517424276566361364466907742093216341239767678472745068562007483424692698618103355649159556340810056512358769552333414615230502532186327508646006263307707741093494784	5764607523034235/576460752303423488
43	attack-coverage	0/202402253307310618352495346718917307049556649764142118356901358027430339567995346891960383701437124495187077864316811911389808737385793476867013399940738509921517424276566361364466907742093216341239767678472745068562007483424692698618103355649159556340810056512358769552333414615230502532186327508646006263307707741093494784	5764607523034235/576460752303423488
43	consulting-pct	0/202402253307310618352495346718917307049556649764142118356901358027430339567995346891960383701437124495187077864316811911389808737385793476867013399940738509921517424276566361364466907742093216341239767678472745068562007483424692698618103355649159556340810056512358769552333414615230502532186327508646006263307707741093494784	5764607523034235/576460752303423488
43	coupling-density	0/202402253307310618352495346718917307049556649764142118356901358027430339567995346891960383701437124495187077864316811911389808737385793476867013399940738509921517424276566361364466907742093216341239767678472745068562007483424692698618103355649159556340810056512358769552333414615230502532186327508646006263307707741093494784	5764607523034235/576460752303423488
43	depositing-signal	0/202402253307310618352495346718917307049556649764142118356901358027430339567995346891960383701437124495187077864316811911389808737385793476867013399940738509921517424276566361364466907742093216341239767678472745068562007483424692698618103355649159556340810056512358769552333414615230502532186327508646006263307707741093494784	5764607523034235/576460752303423488
43	loop-health	6362720025837568/18446744073709551616	5764607523034235/576460752303423488
43	mathematics-pct	-6598686489419776/18889465931478580854784	5764607523034235/576460752303423488
43	mission-health	-5522405875471588/576460752303423488	8646911284551352/576460752303423488
43	portfolio-pct	-6598686489419776/9444732965739290427392	5764607523034235/576460752303423488
43	sorry-count-norm	0/202402253307310618352495346718917307049556649764142118356901358027430339567995346891960383701437124495187077864316811911389808737385793476867013399940738509921517424276566361364466907742093216341239767678472745068562007483424692698618103355649159556340810056512358769552333414615230502532186327508646006263307707741093494784	5764607523034235/576460752303423488
43	stack-pct	4949014866821120/4722366482869645213696	5764607523034235/576460752303423488
43	support-coverage	0/202402253307310618352495346718917307049556649764142118356901358027430339567995346891960383701437124495187077864316811911389808737385793476867013399940738509921517424276566361364466907742093216341239767678472745068562007483424692698618103355649159556340810056512358769552333414615230502532186327508646006263307707741093494784	5764607523034235/576460752303423488
43	ticks-firing-ratio	0/202402253307310618352495346718917307049556649764142118356901358027430339567995346891960383701437124495187077864316811911389808737385793476867013399940738509921517424276566361364466907742093216341239767678472745068562007483424692698618103355649159556340810056512358769552333414615230502532186327508646006263307707741093494784	5764607523034235/576460752303423488
44	active-repo-ratio	0/202402253307310618352495346718917307049556649764142118356901358027430339567995346891960383701437124495187077864316811911389808737385793476867013399940738509921517424276566361364466907742093216341239767678472745068562007483424692698618103355649159556340810056512358769552333414615230502532186327508646006263307707741093494784	5764607523034235/576460752303423488
44	annotation-health	0/202402253307310618352495346718917307049556649764142118356901358027430339567995346891960383701437124495187077864316811911389808737385793476867013399940738509921517424276566361364466907742093216341239767678472745068562007483424692698618103355649159556340810056512358769552333414615230502532186327508646006263307707741093494784	5764607523034235/576460752303423488
44	attack-coverage	0/202402253307310618352495346718917307049556649764142118356901358027430339567995346891960383701437124495187077864316811911389808737385793476867013399940738509921517424276566361364466907742093216341239767678472745068562007483424692698618103355649159556340810056512358769552333414615230502532186327508646006263307707741093494784	5764607523034235/576460752303423488
44	consulting-pct	0/202402253307310618352495346718917307049556649764142118356901358027430339567995346891960383701437124495187077864316811911389808737385793476867013399940738509921517424276566361364466907742093216341239767678472745068562007483424692698618103355649159556340810056512358769552333414615230502532186327508646006263307707741093494784	5764607523034235/576460752303423488
44	coupling-density	0/202402253307310618352495346718917307049556649764142118356901358027430339567995346891960383701437124495187077864316811911389808737385793476867013399940738509921517424276566361364466907742093216341239767678472745068562007483424692698618103355649159556340810056512358769552333414615230502532186327508646006263307707741093494784	5764607523034235/576460752303423488
44	depositing-signal	0/202402253307310618352495346718917307049556649764142118356901358027430339567995346891960383701437124495187077864316811911389808737385793476867013399940738509921517424276566361364466907742093216341239767678472745068562007483424692698618103355649159556340810056512358769552333414615230502532186327508646006263307707741093494784	5764607523034235/576460752303423488
44	loop-health	6362720025837568/18446744073709551616	5764607523034235/576460752303423488
44	mathematics-pct	-6598686489419776/18889465931478580854784	5764607523034235/576460752303423488
44	mission-health	-5490358022668064/576460752303423488	8646911284551352/576460752303423488
44	portfolio-pct	-6598686489419776/9444732965739290427392	5764607523034235/576460752303423488
44	sorry-count-norm	0/202402253307310618352495346718917307049556649764142118356901358027430339567995346891960383701437124495187077864316811911389808737385793476867013399940738509921517424276566361364466907742093216341239767678472745068562007483424692698618103355649159556340810056512358769552333414615230502532186327508646006263307707741093494784	5764607523034235/576460752303423488
44	stack-pct	4949014866821120/4722366482869645213696	5764607523034235/576460752303423488
44	support-coverage	0/202402253307310618352495346718917307049556649764142118356901358027430339567995346891960383701437124495187077864316811911389808737385793476867013399940738509921517424276566361364466907742093216341239767678472745068562007483424692698618103355649159556340810056512358769552333414615230502532186327508646006263307707741093494784	5764607523034235/576460752303423488
44	ticks-firing-ratio	0/202402253307310618352495346718917307049556649764142118356901358027430339567995346891960383701437124495187077864316811911389808737385793476867013399940738509921517424276566361364466907742093216341239767678472745068562007483424692698618103355649159556340810056512358769552333414615230502532186327508646006263307707741093494784	5764607523034235/576460752303423488
45	active-repo-ratio	0/202402253307310618352495346718917307049556649764142118356901358027430339567995346891960383701437124495187077864316811911389808737385793476867013399940738509921517424276566361364466907742093216341239767678472745068562007483424692698618103355649159556340810056512358769552333414615230502532186327508646006263307707741093494784	5764607523034235/576460752303423488
45	annotation-health	0/202402253307310618352495346718917307049556649764142118356901358027430339567995346891960383701437124495187077864316811911389808737385793476867013399940738509921517424276566361364466907742093216341239767678472745068562007483424692698618103355649159556340810056512358769552333414615230502532186327508646006263307707741093494784	5764607523034235/576460752303423488
45	attack-coverage	0/202402253307310618352495346718917307049556649764142118356901358027430339567995346891960383701437124495187077864316811911389808737385793476867013399940738509921517424276566361364466907742093216341239767678472745068562007483424692698618103355649159556340810056512358769552333414615230502532186327508646006263307707741093494784	5764607523034235/576460752303423488
45	consulting-pct	0/202402253307310618352495346718917307049556649764142118356901358027430339567995346891960383701437124495187077864316811911389808737385793476867013399940738509921517424276566361364466907742093216341239767678472745068562007483424692698618103355649159556340810056512358769552333414615230502532186327508646006263307707741093494784	5764607523034235/576460752303423488
45	coupling-density	0/202402253307310618352495346718917307049556649764142118356901358027430339567995346891960383701437124495187077864316811911389808737385793476867013399940738509921517424276566361364466907742093216341239767678472745068562007483424692698618103355649159556340810056512358769552333414615230502532186327508646006263307707741093494784	5764607523034235/576460752303423488
45	depositing-signal	0/202402253307310618352495346718917307049556649764142118356901358027430339567995346891960383701437124495187077864316811911389808737385793476867013399940738509921517424276566361364466907742093216341239767678472745068562007483424692698618103355649159556340810056512358769552333414615230502532186327508646006263307707741093494784	5764607523034235/576460752303423488
45	loop-health	6362720025837568/18446744073709551616	5764607523034235/576460752303423488
45	mathematics-pct	-6598686489419776/18889465931478580854784	5764607523034235/576460752303423488
45	mission-health	-5490358022668064/576460752303423488	8646911284551352/576460752303423488
45	portfolio-pct	-6598686489419776/9444732965739290427392	5764607523034235/576460752303423488
45	sorry-count-norm	0/202402253307310618352495346718917307049556649764142118356901358027430339567995346891960383701437124495187077864316811911389808737385793476867013399940738509921517424276566361364466907742093216341239767678472745068562007483424692698618103355649159556340810056512358769552333414615230502532186327508646006263307707741093494784	5764607523034235/576460752303423488
45	stack-pct	4949014866821120/4722366482869645213696	5764607523034235/576460752303423488
45	support-coverage	0/202402253307310618352495346718917307049556649764142118356901358027430339567995346891960383701437124495187077864316811911389808737385793476867013399940738509921517424276566361364466907742093216341239767678472745068562007483424692698618103355649159556340810056512358769552333414615230502532186327508646006263307707741093494784	5764607523034235/576460752303423488
45	ticks-firing-ratio	0/202402253307310618352495346718917307049556649764142118356901358027430339567995346891960383701437124495187077864316811911389808737385793476867013399940738509921517424276566361364466907742093216341239767678472745068562007483424692698618103355649159556340810056512358769552333414615230502532186327508646006263307707741093494784	5764607523034235/576460752303423488
46	active-repo-ratio	0/202402253307310618352495346718917307049556649764142118356901358027430339567995346891960383701437124495187077864316811911389808737385793476867013399940738509921517424276566361364466907742093216341239767678472745068562007483424692698618103355649159556340810056512358769552333414615230502532186327508646006263307707741093494784	5764607523034235/576460752303423488
46	annotation-health	0/202402253307310618352495346718917307049556649764142118356901358027430339567995346891960383701437124495187077864316811911389808737385793476867013399940738509921517424276566361364466907742093216341239767678472745068562007483424692698618103355649159556340810056512358769552333414615230502532186327508646006263307707741093494784	5764607523034235/576460752303423488
46	attack-coverage	0/202402253307310618352495346718917307049556649764142118356901358027430339567995346891960383701437124495187077864316811911389808737385793476867013399940738509921517424276566361364466907742093216341239767678472745068562007483424692698618103355649159556340810056512358769552333414615230502532186327508646006263307707741093494784	5764607523034235/576460752303423488
46	consulting-pct	0/202402253307310618352495346718917307049556649764142118356901358027430339567995346891960383701437124495187077864316811911389808737385793476867013399940738509921517424276566361364466907742093216341239767678472745068562007483424692698618103355649159556340810056512358769552333414615230502532186327508646006263307707741093494784	5764607523034235/576460752303423488
46	coupling-density	0/202402253307310618352495346718917307049556649764142118356901358027430339567995346891960383701437124495187077864316811911389808737385793476867013399940738509921517424276566361364466907742093216341239767678472745068562007483424692698618103355649159556340810056512358769552333414615230502532186327508646006263307707741093494784	5764607523034235/576460752303423488
46	depositing-signal	0/202402253307310618352495346718917307049556649764142118356901358027430339567995346891960383701437124495187077864316811911389808737385793476867013399940738509921517424276566361364466907742093216341239767678472745068562007483424692698618103355649159556340810056512358769552333414615230502532186327508646006263307707741093494784	5764607523034235/576460752303423488
46	loop-health	6362720025837568/18446744073709551616	5764607523034235/576460752303423488
46	mathematics-pct	-6598686489419776/18889465931478580854784	5764607523034235/576460752303423488
46	mission-health	-5468325123865636/576460752303423488	8646911284551352/576460752303423488
46	portfolio-pct	-6598686489419776/9444732965739290427392	5764607523034235/576460752303423488
46	sorry-count-norm	0/202402253307310618352495346718917307049556649764142118356901358027430339567995346891960383701437124495187077864316811911389808737385793476867013399940738509921517424276566361364466907742093216341239767678472745068562007483424692698618103355649159556340810056512358769552333414615230502532186327508646006263307707741093494784	5764607523034235/576460752303423488
46	stack-pct	4949014866821120/4722366482869645213696	5764607523034235/576460752303423488
46	support-coverage	0/202402253307310618352495346718917307049556649764142118356901358027430339567995346891960383701437124495187077864316811911389808737385793476867013399940738509921517424276566361364466907742093216341239767678472745068562007483424692698618103355649159556340810056512358769552333414615230502532186327508646006263307707741093494784	5764607523034235/576460752303423488
46	ticks-firing-ratio	0/202402253307310618352495346718917307049556649764142118356901358027430339567995346891960383701437124495187077864316811911389808737385793476867013399940738509921517424276566361364466907742093216341239767678472745068562007483424692698618103355649159556340810056512358769552333414615230502532186327508646006263307707741093494784	5764607523034235/576460752303423488
47	active-repo-ratio	0/202402253307310618352495346718917307049556649764142118356901358027430339567995346891960383701437124495187077864316811911389808737385793476867013399940738509921517424276566361364466907742093216341239767678472745068562007483424692698618103355649159556340810056512358769552333414615230502532186327508646006263307707741093494784	5764607523034235/576460752303423488
47	annotation-health	0/202402253307310618352495346718917307049556649764142118356901358027430339567995346891960383701437124495187077864316811911389808737385793476867013399940738509921517424276566361364466907742093216341239767678472745068562007483424692698618103355649159556340810056512358769552333414615230502532186327508646006263307707741093494784	5764607523034235/576460752303423488
47	attack-coverage	0/202402253307310618352495346718917307049556649764142118356901358027430339567995346891960383701437124495187077864316811911389808737385793476867013399940738509921517424276566361364466907742093216341239767678472745068562007483424692698618103355649159556340810056512358769552333414615230502532186327508646006263307707741093494784	5764607523034235/576460752303423488
47	consulting-pct	0/202402253307310618352495346718917307049556649764142118356901358027430339567995346891960383701437124495187077864316811911389808737385793476867013399940738509921517424276566361364466907742093216341239767678472745068562007483424692698618103355649159556340810056512358769552333414615230502532186327508646006263307707741093494784	5764607523034235/576460752303423488
47	coupling-density	0/202402253307310618352495346718917307049556649764142118356901358027430339567995346891960383701437124495187077864316811911389808737385793476867013399940738509921517424276566361364466907742093216341239767678472745068562007483424692698618103355649159556340810056512358769552333414615230502532186327508646006263307707741093494784	5764607523034235/576460752303423488
47	depositing-signal	0/202402253307310618352495346718917307049556649764142118356901358027430339567995346891960383701437124495187077864316811911389808737385793476867013399940738509921517424276566361364466907742093216341239767678472745068562007483424692698618103355649159556340810056512358769552333414615230502532186327508646006263307707741093494784	5764607523034235/576460752303423488
47	loop-health	6362720025837568/18446744073709551616	5764607523034235/576460752303423488
47	mathematics-pct	-6598686489419776/18889465931478580854784	5764607523034235/576460752303423488
47	mission-health	-5286052961045584/576460752303423488	8646911284551352/576460752303423488
47	portfolio-pct	-6598686489419776/9444732965739290427392	5764607523034235/576460752303423488
47	sorry-count-norm	0/202402253307310618352495346718917307049556649764142118356901358027430339567995346891960383701437124495187077864316811911389808737385793476867013399940738509921517424276566361364466907742093216341239767678472745068562007483424692698618103355649159556340810056512358769552333414615230502532186327508646006263307707741093494784	5764607523034235/576460752303423488
47	stack-pct	4949014866821120/4722366482869645213696	5764607523034235/576460752303423488
47	support-coverage	0/202402253307310618352495346718917307049556649764142118356901358027430339567995346891960383701437124495187077864316811911389808737385793476867013399940738509921517424276566361364466907742093216341239767678472745068562007483424692698618103355649159556340810056512358769552333414615230502532186327508646006263307707741093494784	5764607523034235/576460752303423488
47	ticks-firing-ratio	0/202402253307310618352495346718917307049556649764142118356901358027430339567995346891960383701437124495187077864316811911389808737385793476867013399940738509921517424276566361364466907742093216341239767678472745068562007483424692698618103355649159556340810056512358769552333414615230502532186327508646006263307707741093494784	5764607523034235/576460752303423488
48	active-repo-ratio	0/202402253307310618352495346718917307049556649764142118356901358027430339567995346891960383701437124495187077864316811911389808737385793476867013399940738509921517424276566361364466907742093216341239767678472745068562007483424692698618103355649159556340810056512358769552333414615230502532186327508646006263307707741093494784	5764607523034235/576460752303423488
48	annotation-health	0/202402253307310618352495346718917307049556649764142118356901358027430339567995346891960383701437124495187077864316811911389808737385793476867013399940738509921517424276566361364466907742093216341239767678472745068562007483424692698618103355649159556340810056512358769552333414615230502532186327508646006263307707741093494784	5764607523034235/576460752303423488
48	attack-coverage	0/202402253307310618352495346718917307049556649764142118356901358027430339567995346891960383701437124495187077864316811911389808737385793476867013399940738509921517424276566361364466907742093216341239767678472745068562007483424692698618103355649159556340810056512358769552333414615230502532186327508646006263307707741093494784	5764607523034235/576460752303423488
48	consulting-pct	0/202402253307310618352495346718917307049556649764142118356901358027430339567995346891960383701437124495187077864316811911389808737385793476867013399940738509921517424276566361364466907742093216341239767678472745068562007483424692698618103355649159556340810056512358769552333414615230502532186327508646006263307707741093494784	5764607523034235/576460752303423488
48	coupling-density	0/202402253307310618352495346718917307049556649764142118356901358027430339567995346891960383701437124495187077864316811911389808737385793476867013399940738509921517424276566361364466907742093216341239767678472745068562007483424692698618103355649159556340810056512358769552333414615230502532186327508646006263307707741093494784	5764607523034235/576460752303423488
48	depositing-signal	0/202402253307310618352495346718917307049556649764142118356901358027430339567995346891960383701437124495187077864316811911389808737385793476867013399940738509921517424276566361364466907742093216341239767678472745068562007483424692698618103355649159556340810056512358769552333414615230502532186327508646006263307707741093494784	5764607523034235/576460752303423488
48	loop-health	6362720025837568/18446744073709551616	5764607523034235/576460752303423488
48	mathematics-pct	-6598686489419776/18889465931478580854784	5764607523034235/576460752303423488
48	mission-health	-5191912393435224/576460752303423488	8646911284551352/576460752303423488
48	portfolio-pct	-6598686489419776/9444732965739290427392	5764607523034235/576460752303423488
48	sorry-count-norm	0/202402253307310618352495346718917307049556649764142118356901358027430339567995346891960383701437124495187077864316811911389808737385793476867013399940738509921517424276566361364466907742093216341239767678472745068562007483424692698618103355649159556340810056512358769552333414615230502532186327508646006263307707741093494784	5764607523034235/576460752303423488
48	stack-pct	4949014866821120/4722366482869645213696	5764607523034235/576460752303423488
48	support-coverage	0/202402253307310618352495346718917307049556649764142118356901358027430339567995346891960383701437124495187077864316811911389808737385793476867013399940738509921517424276566361364466907742093216341239767678472745068562007483424692698618103355649159556340810056512358769552333414615230502532186327508646006263307707741093494784	5764607523034235/576460752303423488
48	ticks-firing-ratio	0/202402253307310618352495346718917307049556649764142118356901358027430339567995346891960383701437124495187077864316811911389808737385793476867013399940738509921517424276566361364466907742093216341239767678472745068562007483424692698618103355649159556340810056512358769552333414615230502532186327508646006263307707741093494784	5764607523034235/576460752303423488
49	active-repo-ratio	0/202402253307310618352495346718917307049556649764142118356901358027430339567995346891960383701437124495187077864316811911389808737385793476867013399940738509921517424276566361364466907742093216341239767678472745068562007483424692698618103355649159556340810056512358769552333414615230502532186327508646006263307707741093494784	5764607523034235/576460752303423488
49	annotation-health	0/202402253307310618352495346718917307049556649764142118356901358027430339567995346891960383701437124495187077864316811911389808737385793476867013399940738509921517424276566361364466907742093216341239767678472745068562007483424692698618103355649159556340810056512358769552333414615230502532186327508646006263307707741093494784	5764607523034235/576460752303423488
49	attack-coverage	0/202402253307310618352495346718917307049556649764142118356901358027430339567995346891960383701437124495187077864316811911389808737385793476867013399940738509921517424276566361364466907742093216341239767678472745068562007483424692698618103355649159556340810056512358769552333414615230502532186327508646006263307707741093494784	5764607523034235/576460752303423488
49	consulting-pct	0/202402253307310618352495346718917307049556649764142118356901358027430339567995346891960383701437124495187077864316811911389808737385793476867013399940738509921517424276566361364466907742093216341239767678472745068562007483424692698618103355649159556340810056512358769552333414615230502532186327508646006263307707741093494784	5764607523034235/576460752303423488
49	coupling-density	0/202402253307310618352495346718917307049556649764142118356901358027430339567995346891960383701437124495187077864316811911389808737385793476867013399940738509921517424276566361364466907742093216341239767678472745068562007483424692698618103355649159556340810056512358769552333414615230502532186327508646006263307707741093494784	5764607523034235/576460752303423488
49	depositing-signal	0/202402253307310618352495346718917307049556649764142118356901358027430339567995346891960383701437124495187077864316811911389808737385793476867013399940738509921517424276566361364466907742093216341239767678472745068562007483424692698618103355649159556340810056512358769552333414615230502532186327508646006263307707741093494784	5764607523034235/576460752303423488
49	loop-health	6362720025837568/18446744073709551616	5764607523034235/576460752303423488
49	mathematics-pct	-6598686489419776/18889465931478580854784	5764607523034235/576460752303423488
49	mission-health	-5177891457833684/576460752303423488	8646911284551352/576460752303423488
49	portfolio-pct	-6598686489419776/9444732965739290427392	5764607523034235/576460752303423488
49	sorry-count-norm	0/202402253307310618352495346718917307049556649764142118356901358027430339567995346891960383701437124495187077864316811911389808737385793476867013399940738509921517424276566361364466907742093216341239767678472745068562007483424692698618103355649159556340810056512358769552333414615230502532186327508646006263307707741093494784	5764607523034235/576460752303423488
49	stack-pct	4949014866821120/4722366482869645213696	5764607523034235/576460752303423488
49	support-coverage	0/202402253307310618352495346718917307049556649764142118356901358027430339567995346891960383701437124495187077864316811911389808737385793476867013399940738509921517424276566361364466907742093216341239767678472745068562007483424692698618103355649159556340810056512358769552333414615230502532186327508646006263307707741093494784	5764607523034235/576460752303423488
49	ticks-firing-ratio	0/202402253307310618352495346718917307049556649764142118356901358027430339567995346891960383701437124495187077864316811911389808737385793476867013399940738509921517424276566361364466907742093216341239767678472745068562007483424692698618103355649159556340810056512358769552333414615230502532186327508646006263307707741093494784	5764607523034235/576460752303423488
50	active-repo-ratio	0/202402253307310618352495346718917307049556649764142118356901358027430339567995346891960383701437124495187077864316811911389808737385793476867013399940738509921517424276566361364466907742093216341239767678472745068562007483424692698618103355649159556340810056512358769552333414615230502532186327508646006263307707741093494784	5764607523034235/576460752303423488
50	annotation-health	0/202402253307310618352495346718917307049556649764142118356901358027430339567995346891960383701437124495187077864316811911389808737385793476867013399940738509921517424276566361364466907742093216341239767678472745068562007483424692698618103355649159556340810056512358769552333414615230502532186327508646006263307707741093494784	5764607523034235/576460752303423488
50	attack-coverage	0/202402253307310618352495346718917307049556649764142118356901358027430339567995346891960383701437124495187077864316811911389808737385793476867013399940738509921517424276566361364466907742093216341239767678472745068562007483424692698618103355649159556340810056512358769552333414615230502532186327508646006263307707741093494784	5764607523034235/576460752303423488
50	consulting-pct	0/202402253307310618352495346718917307049556649764142118356901358027430339567995346891960383701437124495187077864316811911389808737385793476867013399940738509921517424276566361364466907742093216341239767678472745068562007483424692698618103355649159556340810056512358769552333414615230502532186327508646006263307707741093494784	5764607523034235/576460752303423488
50	coupling-density	0/202402253307310618352495346718917307049556649764142118356901358027430339567995346891960383701437124495187077864316811911389808737385793476867013399940738509921517424276566361364466907742093216341239767678472745068562007483424692698618103355649159556340810056512358769552333414615230502532186327508646006263307707741093494784	5764607523034235/576460752303423488
50	depositing-signal	0/202402253307310618352495346718917307049556649764142118356901358027430339567995346891960383701437124495187077864316811911389808737385793476867013399940738509921517424276566361364466907742093216341239767678472745068562007483424692698618103355649159556340810056512358769552333414615230502532186327508646006263307707741093494784	5764607523034235/576460752303423488
50	loop-health	6362720025837568/18446744073709551616	5764607523034235/576460752303423488
50	mathematics-pct	-6598686489419776/18889465931478580854784	5764607523034235/576460752303423488
50	mission-health	-5117801733827072/576460752303423488	8646911284551352/576460752303423488
50	portfolio-pct	-6598686489419776/9444732965739290427392	5764607523034235/576460752303423488
50	sorry-count-norm	0/202402253307310618352495346718917307049556649764142118356901358027430339567995346891960383701437124495187077864316811911389808737385793476867013399940738509921517424276566361364466907742093216341239767678472745068562007483424692698618103355649159556340810056512358769552333414615230502532186327508646006263307707741093494784	5764607523034235/576460752303423488
50	stack-pct	4949014866821120/4722366482869645213696	5764607523034235/576460752303423488
50	support-coverage	0/202402253307310618352495346718917307049556649764142118356901358027430339567995346891960383701437124495187077864316811911389808737385793476867013399940738509921517424276566361364466907742093216341239767678472745068562007483424692698618103355649159556340810056512358769552333414615230502532186327508646006263307707741093494784	5764607523034235/576460752303423488
50	ticks-firing-ratio	0/202402253307310618352495346718917307049556649764142118356901358027430339567995346891960383701437124495187077864316811911389808737385793476867013399940738509921517424276566361364466907742093216341239767678472745068562007483424692698618103355649159556340810056512358769552333414615230502532186327508646006263307707741093494784	5764607523034235/576460752303423488
51	active-repo-ratio	0/202402253307310618352495346718917307049556649764142118356901358027430339567995346891960383701437124495187077864316811911389808737385793476867013399940738509921517424276566361364466907742093216341239767678472745068562007483424692698618103355649159556340810056512358769552333414615230502532186327508646006263307707741093494784	5764607523034235/576460752303423488
51	annotation-health	0/202402253307310618352495346718917307049556649764142118356901358027430339567995346891960383701437124495187077864316811911389808737385793476867013399940738509921517424276566361364466907742093216341239767678472745068562007483424692698618103355649159556340810056512358769552333414615230502532186327508646006263307707741093494784	5764607523034235/576460752303423488
51	attack-coverage	0/202402253307310618352495346718917307049556649764142118356901358027430339567995346891960383701437124495187077864316811911389808737385793476867013399940738509921517424276566361364466907742093216341239767678472745068562007483424692698618103355649159556340810056512358769552333414615230502532186327508646006263307707741093494784	5764607523034235/576460752303423488
51	consulting-pct	0/202402253307310618352495346718917307049556649764142118356901358027430339567995346891960383701437124495187077864316811911389808737385793476867013399940738509921517424276566361364466907742093216341239767678472745068562007483424692698618103355649159556340810056512358769552333414615230502532186327508646006263307707741093494784	5764607523034235/576460752303423488
51	coupling-density	0/202402253307310618352495346718917307049556649764142118356901358027430339567995346891960383701437124495187077864316811911389808737385793476867013399940738509921517424276566361364466907742093216341239767678472745068562007483424692698618103355649159556340810056512358769552333414615230502532186327508646006263307707741093494784	5764607523034235/576460752303423488
51	depositing-signal	0/202402253307310618352495346718917307049556649764142118356901358027430339567995346891960383701437124495187077864316811911389808737385793476867013399940738509921517424276566361364466907742093216341239767678472745068562007483424692698618103355649159556340810056512358769552333414615230502532186327508646006263307707741093494784	5764607523034235/576460752303423488
51	loop-health	6362720025837568/18446744073709551616	5764607523034235/576460752303423488
51	mathematics-pct	-6598686489419776/18889465931478580854784	5764607523034235/576460752303423488
51	mission-health	-5107786779825968/576460752303423488	8646911284551352/576460752303423488
51	portfolio-pct	-6598686489419776/9444732965739290427392	5764607523034235/576460752303423488
51	sorry-count-norm	0/202402253307310618352495346718917307049556649764142118356901358027430339567995346891960383701437124495187077864316811911389808737385793476867013399940738509921517424276566361364466907742093216341239767678472745068562007483424692698618103355649159556340810056512358769552333414615230502532186327508646006263307707741093494784	5764607523034235/576460752303423488
51	stack-pct	4949014866821120/4722366482869645213696	5764607523034235/576460752303423488
51	support-coverage	0/202402253307310618352495346718917307049556649764142118356901358027430339567995346891960383701437124495187077864316811911389808737385793476867013399940738509921517424276566361364466907742093216341239767678472745068562007483424692698618103355649159556340810056512358769552333414615230502532186327508646006263307707741093494784	5764607523034235/576460752303423488
51	ticks-firing-ratio	0/202402253307310618352495346718917307049556649764142118356901358027430339567995346891960383701437124495187077864316811911389808737385793476867013399940738509921517424276566361364466907742093216341239767678472745068562007483424692698618103355649159556340810056512358769552333414615230502532186327508646006263307707741093494784	5764607523034235/576460752303423488
52	active-repo-ratio	0/202402253307310618352495346718917307049556649764142118356901358027430339567995346891960383701437124495187077864316811911389808737385793476867013399940738509921517424276566361364466907742093216341239767678472745068562007483424692698618103355649159556340810056512358769552333414615230502532186327508646006263307707741093494784	5764607523034235/576460752303423488
52	annotation-health	0/202402253307310618352495346718917307049556649764142118356901358027430339567995346891960383701437124495187077864316811911389808737385793476867013399940738509921517424276566361364466907742093216341239767678472745068562007483424692698618103355649159556340810056512358769552333414615230502532186327508646006263307707741093494784	5764607523034235/576460752303423488
52	attack-coverage	0/202402253307310618352495346718917307049556649764142118356901358027430339567995346891960383701437124495187077864316811911389808737385793476867013399940738509921517424276566361364466907742093216341239767678472745068562007483424692698618103355649159556340810056512358769552333414615230502532186327508646006263307707741093494784	5764607523034235/576460752303423488
52	consulting-pct	0/202402253307310618352495346718917307049556649764142118356901358027430339567995346891960383701437124495187077864316811911389808737385793476867013399940738509921517424276566361364466907742093216341239767678472745068562007483424692698618103355649159556340810056512358769552333414615230502532186327508646006263307707741093494784	5764607523034235/576460752303423488
52	coupling-density	0/202402253307310618352495346718917307049556649764142118356901358027430339567995346891960383701437124495187077864316811911389808737385793476867013399940738509921517424276566361364466907742093216341239767678472745068562007483424692698618103355649159556340810056512358769552333414615230502532186327508646006263307707741093494784	5764607523034235/576460752303423488
52	depositing-signal	0/202402253307310618352495346718917307049556649764142118356901358027430339567995346891960383701437124495187077864316811911389808737385793476867013399940738509921517424276566361364466907742093216341239767678472745068562007483424692698618103355649159556340810056512358769552333414615230502532186327508646006263307707741093494784	5764607523034235/576460752303423488
52	loop-health	6362720025837568/18446744073709551616	5764607523034235/576460752303423488
52	mathematics-pct	-6598686489419776/18889465931478580854784	5764607523034235/576460752303423488
52	mission-health	-5045694065019136/576460752303423488	8646911284551352/576460752303423488
52	portfolio-pct	-6598686489419776/9444732965739290427392	5764607523034235/576460752303423488
52	sorry-count-norm	0/202402253307310618352495346718917307049556649764142118356901358027430339567995346891960383701437124495187077864316811911389808737385793476867013399940738509921517424276566361364466907742093216341239767678472745068562007483424692698618103355649159556340810056512358769552333414615230502532186327508646006263307707741093494784	5764607523034235/576460752303423488
52	stack-pct	4949014866821120/4722366482869645213696	5764607523034235/576460752303423488
52	support-coverage	0/202402253307310618352495346718917307049556649764142118356901358027430339567995346891960383701437124495187077864316811911389808737385793476867013399940738509921517424276566361364466907742093216341239767678472745068562007483424692698618103355649159556340810056512358769552333414615230502532186327508646006263307707741093494784	5764607523034235/576460752303423488
52	ticks-firing-ratio	0/202402253307310618352495346718917307049556649764142118356901358027430339567995346891960383701437124495187077864316811911389808737385793476867013399940738509921517424276566361364466907742093216341239767678472745068562007483424692698618103355649159556340810056512358769552333414615230502532186327508646006263307707741093494784	5764607523034235/576460752303423488
53	active-repo-ratio	0/202402253307310618352495346718917307049556649764142118356901358027430339567995346891960383701437124495187077864316811911389808737385793476867013399940738509921517424276566361364466907742093216341239767678472745068562007483424692698618103355649159556340810056512358769552333414615230502532186327508646006263307707741093494784	5764607523034235/576460752303423488
53	annotation-health	0/202402253307310618352495346718917307049556649764142118356901358027430339567995346891960383701437124495187077864316811911389808737385793476867013399940738509921517424276566361364466907742093216341239767678472745068562007483424692698618103355649159556340810056512358769552333414615230502532186327508646006263307707741093494784	5764607523034235/576460752303423488
53	attack-coverage	0/202402253307310618352495346718917307049556649764142118356901358027430339567995346891960383701437124495187077864316811911389808737385793476867013399940738509921517424276566361364466907742093216341239767678472745068562007483424692698618103355649159556340810056512358769552333414615230502532186327508646006263307707741093494784	5764607523034235/576460752303423488
53	consulting-pct	0/202402253307310618352495346718917307049556649764142118356901358027430339567995346891960383701437124495187077864316811911389808737385793476867013399940738509921517424276566361364466907742093216341239767678472745068562007483424692698618103355649159556340810056512358769552333414615230502532186327508646006263307707741093494784	5764607523034235/576460752303423488
53	coupling-density	0/202402253307310618352495346718917307049556649764142118356901358027430339567995346891960383701437124495187077864316811911389808737385793476867013399940738509921517424276566361364466907742093216341239767678472745068562007483424692698618103355649159556340810056512358769552333414615230502532186327508646006263307707741093494784	5764607523034235/576460752303423488
53	depositing-signal	0/202402253307310618352495346718917307049556649764142118356901358027430339567995346891960383701437124495187077864316811911389808737385793476867013399940738509921517424276566361364466907742093216341239767678472745068562007483424692698618103355649159556340810056512358769552333414615230502532186327508646006263307707741093494784	5764607523034235/576460752303423488
53	loop-health	6362720025837568/18446744073709551616	5764607523034235/576460752303423488
53	mathematics-pct	-6598686489419776/18889465931478580854784	5764607523034235/576460752303423488
53	mission-health	-5031673129417596/576460752303423488	8646911284551352/576460752303423488
53	portfolio-pct	-6598686489419776/9444732965739290427392	5764607523034235/576460752303423488
53	sorry-count-norm	0/202402253307310618352495346718917307049556649764142118356901358027430339567995346891960383701437124495187077864316811911389808737385793476867013399940738509921517424276566361364466907742093216341239767678472745068562007483424692698618103355649159556340810056512358769552333414615230502532186327508646006263307707741093494784	5764607523034235/576460752303423488
53	stack-pct	4949014866821120/4722366482869645213696	5764607523034235/576460752303423488
53	support-coverage	0/202402253307310618352495346718917307049556649764142118356901358027430339567995346891960383701437124495187077864316811911389808737385793476867013399940738509921517424276566361364466907742093216341239767678472745068562007483424692698618103355649159556340810056512358769552333414615230502532186327508646006263307707741093494784	5764607523034235/576460752303423488
53	ticks-firing-ratio	0/202402253307310618352495346718917307049556649764142118356901358027430339567995346891960383701437124495187077864316811911389808737385793476867013399940738509921517424276566361364466907742093216341239767678472745068562007483424692698618103355649159556340810056512358769552333414615230502532186327508646006263307707741093494784	5764607523034235/576460752303423488
54	active-repo-ratio	0/202402253307310618352495346718917307049556649764142118356901358027430339567995346891960383701437124495187077864316811911389808737385793476867013399940738509921517424276566361364466907742093216341239767678472745068562007483424692698618103355649159556340810056512358769552333414615230502532186327508646006263307707741093494784	5764607523034235/576460752303423488
54	annotation-health	0/202402253307310618352495346718917307049556649764142118356901358027430339567995346891960383701437124495187077864316811911389808737385793476867013399940738509921517424276566361364466907742093216341239767678472745068562007483424692698618103355649159556340810056512358769552333414615230502532186327508646006263307707741093494784	5764607523034235/576460752303423488
54	attack-coverage	0/202402253307310618352495346718917307049556649764142118356901358027430339567995346891960383701437124495187077864316811911389808737385793476867013399940738509921517424276566361364466907742093216341239767678472745068562007483424692698618103355649159556340810056512358769552333414615230502532186327508646006263307707741093494784	5764607523034235/576460752303423488
54	consulting-pct	0/202402253307310618352495346718917307049556649764142118356901358027430339567995346891960383701437124495187077864316811911389808737385793476867013399940738509921517424276566361364466907742093216341239767678472745068562007483424692698618103355649159556340810056512358769552333414615230502532186327508646006263307707741093494784	5764607523034235/576460752303423488
54	coupling-density	0/202402253307310618352495346718917307049556649764142118356901358027430339567995346891960383701437124495187077864316811911389808737385793476867013399940738509921517424276566361364466907742093216341239767678472745068562007483424692698618103355649159556340810056512358769552333414615230502532186327508646006263307707741093494784	5764607523034235/576460752303423488
54	depositing-signal	0/202402253307310618352495346718917307049556649764142118356901358027430339567995346891960383701437124495187077864316811911389808737385793476867013399940738509921517424276566361364466907742093216341239767678472745068562007483424692698618103355649159556340810056512358769552333414615230502532186327508646006263307707741093494784	5764607523034235/576460752303423488
54	loop-health	6362720025837568/18446744073709551616	5764607523034235/576460752303423488
54	mathematics-pct	-6598686489419776/18889465931478580854784	5764607523034235/576460752303423488
54	mission-health	-4929520598606356/576460752303423488	8646911284551352/576460752303423488
54	portfolio-pct	-6598686489419776/9444732965739290427392	5764607523034235/576460752303423488
54	sorry-count-norm	0/202402253307310618352495346718917307049556649764142118356901358027430339567995346891960383701437124495187077864316811911389808737385793476867013399940738509921517424276566361364466907742093216341239767678472745068562007483424692698618103355649159556340810056512358769552333414615230502532186327508646006263307707741093494784	5764607523034235/576460752303423488
54	stack-pct	4949014866821120/4722366482869645213696	5764607523034235/576460752303423488
54	support-coverage	0/202402253307310618352495346718917307049556649764142118356901358027430339567995346891960383701437124495187077864316811911389808737385793476867013399940738509921517424276566361364466907742093216341239767678472745068562007483424692698618103355649159556340810056512358769552333414615230502532186327508646006263307707741093494784	5764607523034235/576460752303423488
54	ticks-firing-ratio	0/202402253307310618352495346718917307049556649764142118356901358027430339567995346891960383701437124495187077864316811911389808737385793476867013399940738509921517424276566361364466907742093216341239767678472745068562007483424692698618103355649159556340810056512358769552333414615230502532186327508646006263307707741093494784	5764607523034235/576460752303423488
55	active-repo-ratio	0/202402253307310618352495346718917307049556649764142118356901358027430339567995346891960383701437124495187077864316811911389808737385793476867013399940738509921517424276566361364466907742093216341239767678472745068562007483424692698618103355649159556340810056512358769552333414615230502532186327508646006263307707741093494784	5764607523034235/576460752303423488
55	annotation-health	0/202402253307310618352495346718917307049556649764142118356901358027430339567995346891960383701437124495187077864316811911389808737385793476867013399940738509921517424276566361364466907742093216341239767678472745068562007483424692698618103355649159556340810056512358769552333414615230502532186327508646006263307707741093494784	5764607523034235/576460752303423488
55	attack-coverage	0/202402253307310618352495346718917307049556649764142118356901358027430339567995346891960383701437124495187077864316811911389808737385793476867013399940738509921517424276566361364466907742093216341239767678472745068562007483424692698618103355649159556340810056512358769552333414615230502532186327508646006263307707741093494784	5764607523034235/576460752303423488
55	consulting-pct	0/202402253307310618352495346718917307049556649764142118356901358027430339567995346891960383701437124495187077864316811911389808737385793476867013399940738509921517424276566361364466907742093216341239767678472745068562007483424692698618103355649159556340810056512358769552333414615230502532186327508646006263307707741093494784	5764607523034235/576460752303423488
55	coupling-density	0/202402253307310618352495346718917307049556649764142118356901358027430339567995346891960383701437124495187077864316811911389808737385793476867013399940738509921517424276566361364466907742093216341239767678472745068562007483424692698618103355649159556340810056512358769552333414615230502532186327508646006263307707741093494784	5764607523034235/576460752303423488
55	depositing-signal	0/202402253307310618352495346718917307049556649764142118356901358027430339567995346891960383701437124495187077864316811911389808737385793476867013399940738509921517424276566361364466907742093216341239767678472745068562007483424692698618103355649159556340810056512358769552333414615230502532186327508646006263307707741093494784	5764607523034235/576460752303423488
55	loop-health	6362720025837568/18446744073709551616	5764607523034235/576460752303423488
55	mathematics-pct	-6598686489419776/18889465931478580854784	5764607523034235/576460752303423488
55	mission-health	-4885454801001508/576460752303423488	8646911284551352/576460752303423488
55	portfolio-pct	-6598686489419776/9444732965739290427392	5764607523034235/576460752303423488
55	sorry-count-norm	0/202402253307310618352495346718917307049556649764142118356901358027430339567995346891960383701437124495187077864316811911389808737385793476867013399940738509921517424276566361364466907742093216341239767678472745068562007483424692698618103355649159556340810056512358769552333414615230502532186327508646006263307707741093494784	5764607523034235/576460752303423488
55	stack-pct	4949014866821120/4722366482869645213696	5764607523034235/576460752303423488
55	support-coverage	0/202402253307310618352495346718917307049556649764142118356901358027430339567995346891960383701437124495187077864316811911389808737385793476867013399940738509921517424276566361364466907742093216341239767678472745068562007483424692698618103355649159556340810056512358769552333414615230502532186327508646006263307707741093494784	5764607523034235/576460752303423488
55	ticks-firing-ratio	0/202402253307310618352495346718917307049556649764142118356901358027430339567995346891960383701437124495187077864316811911389808737385793476867013399940738509921517424276566361364466907742093216341239767678472745068562007483424692698618103355649159556340810056512358769552333414615230502532186327508646006263307707741093494784	5764607523034235/576460752303423488
56	active-repo-ratio	0/202402253307310618352495346718917307049556649764142118356901358027430339567995346891960383701437124495187077864316811911389808737385793476867013399940738509921517424276566361364466907742093216341239767678472745068562007483424692698618103355649159556340810056512358769552333414615230502532186327508646006263307707741093494784	5764607523034235/576460752303423488
56	annotation-health	0/202402253307310618352495346718917307049556649764142118356901358027430339567995346891960383701437124495187077864316811911389808737385793476867013399940738509921517424276566361364466907742093216341239767678472745068562007483424692698618103355649159556340810056512358769552333414615230502532186327508646006263307707741093494784	5764607523034235/576460752303423488
56	attack-coverage	0/202402253307310618352495346718917307049556649764142118356901358027430339567995346891960383701437124495187077864316811911389808737385793476867013399940738509921517424276566361364466907742093216341239767678472745068562007483424692698618103355649159556340810056512358769552333414615230502532186327508646006263307707741093494784	5764607523034235/576460752303423488
56	consulting-pct	0/202402253307310618352495346718917307049556649764142118356901358027430339567995346891960383701437124495187077864316811911389808737385793476867013399940738509921517424276566361364466907742093216341239767678472745068562007483424692698618103355649159556340810056512358769552333414615230502532186327508646006263307707741093494784	5764607523034235/576460752303423488
56	coupling-density	0/202402253307310618352495346718917307049556649764142118356901358027430339567995346891960383701437124495187077864316811911389808737385793476867013399940738509921517424276566361364466907742093216341239767678472745068562007483424692698618103355649159556340810056512358769552333414615230502532186327508646006263307707741093494784	5764607523034235/576460752303423488
56	depositing-signal	0/202402253307310618352495346718917307049556649764142118356901358027430339567995346891960383701437124495187077864316811911389808737385793476867013399940738509921517424276566361364466907742093216341239767678472745068562007483424692698618103355649159556340810056512358769552333414615230502532186327508646006263307707741093494784	5764607523034235/576460752303423488
56	loop-health	6362720025837568/18446744073709551616	5764607523034235/576460752303423488
56	mathematics-pct	-6598686489419776/18889465931478580854784	5764607523034235/576460752303423488
56	mission-health	-4875439847000408/576460752303423488	8646911284551352/576460752303423488
56	portfolio-pct	-6598686489419776/9444732965739290427392	5764607523034235/576460752303423488
56	sorry-count-norm	0/202402253307310618352495346718917307049556649764142118356901358027430339567995346891960383701437124495187077864316811911389808737385793476867013399940738509921517424276566361364466907742093216341239767678472745068562007483424692698618103355649159556340810056512358769552333414615230502532186327508646006263307707741093494784	5764607523034235/576460752303423488
56	stack-pct	4949014866821120/4722366482869645213696	5764607523034235/576460752303423488
56	support-coverage	0/202402253307310618352495346718917307049556649764142118356901358027430339567995346891960383701437124495187077864316811911389808737385793476867013399940738509921517424276566361364466907742093216341239767678472745068562007483424692698618103355649159556340810056512358769552333414615230502532186327508646006263307707741093494784	5764607523034235/576460752303423488
56	ticks-firing-ratio	0/202402253307310618352495346718917307049556649764142118356901358027430339567995346891960383701437124495187077864316811911389808737385793476867013399940738509921517424276566361364466907742093216341239767678472745068562007483424692698618103355649159556340810056512358769552333414615230502532186327508646006263307707741093494784	5764607523034235/576460752303423488
57	active-repo-ratio	0/202402253307310618352495346718917307049556649764142118356901358027430339567995346891960383701437124495187077864316811911389808737385793476867013399940738509921517424276566361364466907742093216341239767678472745068562007483424692698618103355649159556340810056512358769552333414615230502532186327508646006263307707741093494784	5764607523034235/576460752303423488
57	annotation-health	0/202402253307310618352495346718917307049556649764142118356901358027430339567995346891960383701437124495187077864316811911389808737385793476867013399940738509921517424276566361364466907742093216341239767678472745068562007483424692698618103355649159556340810056512358769552333414615230502532186327508646006263307707741093494784	5764607523034235/576460752303423488
57	attack-coverage	0/202402253307310618352495346718917307049556649764142118356901358027430339567995346891960383701437124495187077864316811911389808737385793476867013399940738509921517424276566361364466907742093216341239767678472745068562007483424692698618103355649159556340810056512358769552333414615230502532186327508646006263307707741093494784	5764607523034235/576460752303423488
57	consulting-pct	0/202402253307310618352495346718917307049556649764142118356901358027430339567995346891960383701437124495187077864316811911389808737385793476867013399940738509921517424276566361364466907742093216341239767678472745068562007483424692698618103355649159556340810056512358769552333414615230502532186327508646006263307707741093494784	5764607523034235/576460752303423488
57	coupling-density	0/202402253307310618352495346718917307049556649764142118356901358027430339567995346891960383701437124495187077864316811911389808737385793476867013399940738509921517424276566361364466907742093216341239767678472745068562007483424692698618103355649159556340810056512358769552333414615230502532186327508646006263307707741093494784	5764607523034235/576460752303423488
57	depositing-signal	0/202402253307310618352495346718917307049556649764142118356901358027430339567995346891960383701437124495187077864316811911389808737385793476867013399940738509921517424276566361364466907742093216341239767678472745068562007483424692698618103355649159556340810056512358769552333414615230502532186327508646006263307707741093494784	5764607523034235/576460752303423488
57	loop-health	6362720025837568/18446744073709551616	5764607523034235/576460752303423488
57	mathematics-pct	-6598686489419776/18889465931478580854784	5764607523034235/576460752303423488
57	mission-health	-4823362086194676/576460752303423488	8646911284551352/576460752303423488
57	portfolio-pct	-6598686489419776/9444732965739290427392	5764607523034235/576460752303423488
57	sorry-count-norm	0/202402253307310618352495346718917307049556649764142118356901358027430339567995346891960383701437124495187077864316811911389808737385793476867013399940738509921517424276566361364466907742093216341239767678472745068562007483424692698618103355649159556340810056512358769552333414615230502532186327508646006263307707741093494784	5764607523034235/576460752303423488
57	stack-pct	4949014866821120/4722366482869645213696	5764607523034235/576460752303423488
57	support-coverage	0/202402253307310618352495346718917307049556649764142118356901358027430339567995346891960383701437124495187077864316811911389808737385793476867013399940738509921517424276566361364466907742093216341239767678472745068562007483424692698618103355649159556340810056512358769552333414615230502532186327508646006263307707741093494784	5764607523034235/576460752303423488
57	ticks-firing-ratio	0/202402253307310618352495346718917307049556649764142118356901358027430339567995346891960383701437124495187077864316811911389808737385793476867013399940738509921517424276566361364466907742093216341239767678472745068562007483424692698618103355649159556340810056512358769552333414615230502532186327508646006263307707741093494784	5764607523034235/576460752303423488
58	active-repo-ratio	0/202402253307310618352495346718917307049556649764142118356901358027430339567995346891960383701437124495187077864316811911389808737385793476867013399940738509921517424276566361364466907742093216341239767678472745068562007483424692698618103355649159556340810056512358769552333414615230502532186327508646006263307707741093494784	5764607523034235/576460752303423488
58	annotation-health	0/202402253307310618352495346718917307049556649764142118356901358027430339567995346891960383701437124495187077864316811911389808737385793476867013399940738509921517424276566361364466907742093216341239767678472745068562007483424692698618103355649159556340810056512358769552333414615230502532186327508646006263307707741093494784	5764607523034235/576460752303423488
58	attack-coverage	0/202402253307310618352495346718917307049556649764142118356901358027430339567995346891960383701437124495187077864316811911389808737385793476867013399940738509921517424276566361364466907742093216341239767678472745068562007483424692698618103355649159556340810056512358769552333414615230502532186327508646006263307707741093494784	5764607523034235/576460752303423488
58	consulting-pct	0/202402253307310618352495346718917307049556649764142118356901358027430339567995346891960383701437124495187077864316811911389808737385793476867013399940738509921517424276566361364466907742093216341239767678472745068562007483424692698618103355649159556340810056512358769552333414615230502532186327508646006263307707741093494784	5764607523034235/576460752303423488
58	coupling-density	0/202402253307310618352495346718917307049556649764142118356901358027430339567995346891960383701437124495187077864316811911389808737385793476867013399940738509921517424276566361364466907742093216341239767678472745068562007483424692698618103355649159556340810056512358769552333414615230502532186327508646006263307707741093494784	5764607523034235/576460752303423488
58	depositing-signal	0/202402253307310618352495346718917307049556649764142118356901358027430339567995346891960383701437124495187077864316811911389808737385793476867013399940738509921517424276566361364466907742093216341239767678472745068562007483424692698618103355649159556340810056512358769552333414615230502532186327508646006263307707741093494784	5764607523034235/576460752303423488
58	loop-health	6362720025837568/18446744073709551616	5764607523034235/576460752303423488
58	mathematics-pct	-6598686489419776/18889465931478580854784	5764607523034235/576460752303423488
58	mission-health	-4781299279390048/576460752303423488	8646911284551352/576460752303423488
58	portfolio-pct	-6598686489419776/9444732965739290427392	5764607523034235/576460752303423488
58	sorry-count-norm	0/202402253307310618352495346718917307049556649764142118356901358027430339567995346891960383701437124495187077864316811911389808737385793476867013399940738509921517424276566361364466907742093216341239767678472745068562007483424692698618103355649159556340810056512358769552333414615230502532186327508646006263307707741093494784	5764607523034235/576460752303423488
58	stack-pct	4949014866821120/4722366482869645213696	5764607523034235/576460752303423488
58	support-coverage	0/202402253307310618352495346718917307049556649764142118356901358027430339567995346891960383701437124495187077864316811911389808737385793476867013399940738509921517424276566361364466907742093216341239767678472745068562007483424692698618103355649159556340810056512358769552333414615230502532186327508646006263307707741093494784	5764607523034235/576460752303423488
58	ticks-firing-ratio	0/202402253307310618352495346718917307049556649764142118356901358027430339567995346891960383701437124495187077864316811911389808737385793476867013399940738509921517424276566361364466907742093216341239767678472745068562007483424692698618103355649159556340810056512358769552333414615230502532186327508646006263307707741093494784	5764607523034235/576460752303423488
59	active-repo-ratio	0/202402253307310618352495346718917307049556649764142118356901358027430339567995346891960383701437124495187077864316811911389808737385793476867013399940738509921517424276566361364466907742093216341239767678472745068562007483424692698618103355649159556340810056512358769552333414615230502532186327508646006263307707741093494784	5764607523034235/576460752303423488
59	annotation-health	0/202402253307310618352495346718917307049556649764142118356901358027430339567995346891960383701437124495187077864316811911389808737385793476867013399940738509921517424276566361364466907742093216341239767678472745068562007483424692698618103355649159556340810056512358769552333414615230502532186327508646006263307707741093494784	5764607523034235/576460752303423488
59	attack-coverage	0/202402253307310618352495346718917307049556649764142118356901358027430339567995346891960383701437124495187077864316811911389808737385793476867013399940738509921517424276566361364466907742093216341239767678472745068562007483424692698618103355649159556340810056512358769552333414615230502532186327508646006263307707741093494784	5764607523034235/576460752303423488
59	consulting-pct	0/202402253307310618352495346718917307049556649764142118356901358027430339567995346891960383701437124495187077864316811911389808737385793476867013399940738509921517424276566361364466907742093216341239767678472745068562007483424692698618103355649159556340810056512358769552333414615230502532186327508646006263307707741093494784	5764607523034235/576460752303423488
59	coupling-density	0/202402253307310618352495346718917307049556649764142118356901358027430339567995346891960383701437124495187077864316811911389808737385793476867013399940738509921517424276566361364466907742093216341239767678472745068562007483424692698618103355649159556340810056512358769552333414615230502532186327508646006263307707741093494784	5764607523034235/576460752303423488
59	depositing-signal	0/202402253307310618352495346718917307049556649764142118356901358027430339567995346891960383701437124495187077864316811911389808737385793476867013399940738509921517424276566361364466907742093216341239767678472745068562007483424692698618103355649159556340810056512358769552333414615230502532186327508646006263307707741093494784	5764607523034235/576460752303423488
59	loop-health	6362720025837568/18446744073709551616	5764607523034235/576460752303423488
59	mathematics-pct	-6598686489419776/18889465931478580854784	5764607523034235/576460752303423488
59	mission-health	-4691164693380132/576460752303423488	8646911284551352/576460752303423488
59	portfolio-pct	-6598686489419776/9444732965739290427392	5764607523034235/576460752303423488
59	sorry-count-norm	0/202402253307310618352495346718917307049556649764142118356901358027430339567995346891960383701437124495187077864316811911389808737385793476867013399940738509921517424276566361364466907742093216341239767678472745068562007483424692698618103355649159556340810056512358769552333414615230502532186327508646006263307707741093494784	5764607523034235/576460752303423488
59	stack-pct	4949014866821120/4722366482869645213696	5764607523034235/576460752303423488
59	support-coverage	0/202402253307310618352495346718917307049556649764142118356901358027430339567995346891960383701437124495187077864316811911389808737385793476867013399940738509921517424276566361364466907742093216341239767678472745068562007483424692698618103355649159556340810056512358769552333414615230502532186327508646006263307707741093494784	5764607523034235/576460752303423488
59	ticks-firing-ratio	0/202402253307310618352495346718917307049556649764142118356901358027430339567995346891960383701437124495187077864316811911389808737385793476867013399940738509921517424276566361364466907742093216341239767678472745068562007483424692698618103355649159556340810056512358769552333414615230502532186327508646006263307707741093494784	5764607523034235/576460752303423488
60	active-repo-ratio	0/202402253307310618352495346718917307049556649764142118356901358027430339567995346891960383701437124495187077864316811911389808737385793476867013399940738509921517424276566361364466907742093216341239767678472745068562007483424692698618103355649159556340810056512358769552333414615230502532186327508646006263307707741093494784	5764607523034235/576460752303423488
60	annotation-health	0/202402253307310618352495346718917307049556649764142118356901358027430339567995346891960383701437124495187077864316811911389808737385793476867013399940738509921517424276566361364466907742093216341239767678472745068562007483424692698618103355649159556340810056512358769552333414615230502532186327508646006263307707741093494784	5764607523034235/576460752303423488
60	attack-coverage	0/202402253307310618352495346718917307049556649764142118356901358027430339567995346891960383701437124495187077864316811911389808737385793476867013399940738509921517424276566361364466907742093216341239767678472745068562007483424692698618103355649159556340810056512358769552333414615230502532186327508646006263307707741093494784	5764607523034235/576460752303423488
60	consulting-pct	0/202402253307310618352495346718917307049556649764142118356901358027430339567995346891960383701437124495187077864316811911389808737385793476867013399940738509921517424276566361364466907742093216341239767678472745068562007483424692698618103355649159556340810056512358769552333414615230502532186327508646006263307707741093494784	5764607523034235/576460752303423488
60	coupling-density	0/202402253307310618352495346718917307049556649764142118356901358027430339567995346891960383701437124495187077864316811911389808737385793476867013399940738509921517424276566361364466907742093216341239767678472745068562007483424692698618103355649159556340810056512358769552333414615230502532186327508646006263307707741093494784	5764607523034235/576460752303423488
60	depositing-signal	0/202402253307310618352495346718917307049556649764142118356901358027430339567995346891960383701437124495187077864316811911389808737385793476867013399940738509921517424276566361364466907742093216341239767678472745068562007483424692698618103355649159556340810056512358769552333414615230502532186327508646006263307707741093494784	5764607523034235/576460752303423488
60	loop-health	6362720025837568/18446744073709551616	5764607523034235/576460752303423488
60	mathematics-pct	-6598686489419776/18889465931478580854784	5764607523034235/576460752303423488
60	mission-health	-4617054033771976/576460752303423488	8646911284551352/576460752303423488
60	portfolio-pct	-6598686489419776/9444732965739290427392	5764607523034235/576460752303423488
60	sorry-count-norm	0/202402253307310618352495346718917307049556649764142118356901358027430339567995346891960383701437124495187077864316811911389808737385793476867013399940738509921517424276566361364466907742093216341239767678472745068562007483424692698618103355649159556340810056512358769552333414615230502532186327508646006263307707741093494784	5764607523034235/576460752303423488
60	stack-pct	4949014866821120/4722366482869645213696	5764607523034235/576460752303423488
60	support-coverage	0/202402253307310618352495346718917307049556649764142118356901358027430339567995346891960383701437124495187077864316811911389808737385793476867013399940738509921517424276566361364466907742093216341239767678472745068562007483424692698618103355649159556340810056512358769552333414615230502532186327508646006263307707741093494784	5764607523034235/576460752303423488
60	ticks-firing-ratio	0/202402253307310618352495346718917307049556649764142118356901358027430339567995346891960383701437124495187077864316811911389808737385793476867013399940738509921517424276566361364466907742093216341239767678472745068562007483424692698618103355649159556340810056512358769552333414615230502532186327508646006263307707741093494784	5764607523034235/576460752303423488
61	active-repo-ratio	0/202402253307310618352495346718917307049556649764142118356901358027430339567995346891960383701437124495187077864316811911389808737385793476867013399940738509921517424276566361364466907742093216341239767678472745068562007483424692698618103355649159556340810056512358769552333414615230502532186327508646006263307707741093494784	5764607523034235/576460752303423488
61	annotation-health	0/202402253307310618352495346718917307049556649764142118356901358027430339567995346891960383701437124495187077864316811911389808737385793476867013399940738509921517424276566361364466907742093216341239767678472745068562007483424692698618103355649159556340810056512358769552333414615230502532186327508646006263307707741093494784	5764607523034235/576460752303423488
61	attack-coverage	0/202402253307310618352495346718917307049556649764142118356901358027430339567995346891960383701437124495187077864316811911389808737385793476867013399940738509921517424276566361364466907742093216341239767678472745068562007483424692698618103355649159556340810056512358769552333414615230502532186327508646006263307707741093494784	5764607523034235/576460752303423488
61	consulting-pct	0/202402253307310618352495346718917307049556649764142118356901358027430339567995346891960383701437124495187077864316811911389808737385793476867013399940738509921517424276566361364466907742093216341239767678472745068562007483424692698618103355649159556340810056512358769552333414615230502532186327508646006263307707741093494784	5764607523034235/576460752303423488
61	coupling-density	0/202402253307310618352495346718917307049556649764142118356901358027430339567995346891960383701437124495187077864316811911389808737385793476867013399940738509921517424276566361364466907742093216341239767678472745068562007483424692698618103355649159556340810056512358769552333414615230502532186327508646006263307707741093494784	5764607523034235/576460752303423488
61	depositing-signal	0/202402253307310618352495346718917307049556649764142118356901358027430339567995346891960383701437124495187077864316811911389808737385793476867013399940738509921517424276566361364466907742093216341239767678472745068562007483424692698618103355649159556340810056512358769552333414615230502532186327508646006263307707741093494784	5764607523034235/576460752303423488
61	loop-health	6362720025837568/18446744073709551616	5764607523034235/576460752303423488
61	mathematics-pct	-6598686489419776/18889465931478580854784	5764607523034235/576460752303423488
61	mission-health	-4583003190168232/576460752303423488	8646911284551352/576460752303423488
61	portfolio-pct	-6598686489419776/9444732965739290427392	5764607523034235/576460752303423488
61	sorry-count-norm	0/202402253307310618352495346718917307049556649764142118356901358027430339567995346891960383701437124495187077864316811911389808737385793476867013399940738509921517424276566361364466907742093216341239767678472745068562007483424692698618103355649159556340810056512358769552333414615230502532186327508646006263307707741093494784	5764607523034235/576460752303423488
61	stack-pct	4949014866821120/4722366482869645213696	5764607523034235/576460752303423488
61	support-coverage	0/202402253307310618352495346718917307049556649764142118356901358027430339567995346891960383701437124495187077864316811911389808737385793476867013399940738509921517424276566361364466907742093216341239767678472745068562007483424692698618103355649159556340810056512358769552333414615230502532186327508646006263307707741093494784	5764607523034235/576460752303423488
61	ticks-firing-ratio	0/202402253307310618352495346718917307049556649764142118356901358027430339567995346891960383701437124495187077864316811911389808737385793476867013399940738509921517424276566361364466907742093216341239767678472745068562007483424692698618103355649159556340810056512358769552333414615230502532186327508646006263307707741093494784	5764607523034235/576460752303423488
62	active-repo-ratio	0/202402253307310618352495346718917307049556649764142118356901358027430339567995346891960383701437124495187077864316811911389808737385793476867013399940738509921517424276566361364466907742093216341239767678472745068562007483424692698618103355649159556340810056512358769552333414615230502532186327508646006263307707741093494784	5764607523034235/576460752303423488
62	annotation-health	0/202402253307310618352495346718917307049556649764142118356901358027430339567995346891960383701437124495187077864316811911389808737385793476867013399940738509921517424276566361364466907742093216341239767678472745068562007483424692698618103355649159556340810056512358769552333414615230502532186327508646006263307707741093494784	5764607523034235/576460752303423488
62	attack-coverage	0/202402253307310618352495346718917307049556649764142118356901358027430339567995346891960383701437124495187077864316811911389808737385793476867013399940738509921517424276566361364466907742093216341239767678472745068562007483424692698618103355649159556340810056512358769552333414615230502532186327508646006263307707741093494784	5764607523034235/576460752303423488
62	consulting-pct	0/202402253307310618352495346718917307049556649764142118356901358027430339567995346891960383701437124495187077864316811911389808737385793476867013399940738509921517424276566361364466907742093216341239767678472745068562007483424692698618103355649159556340810056512358769552333414615230502532186327508646006263307707741093494784	5764607523034235/576460752303423488
62	coupling-density	0/202402253307310618352495346718917307049556649764142118356901358027430339567995346891960383701437124495187077864316811911389808737385793476867013399940738509921517424276566361364466907742093216341239767678472745068562007483424692698618103355649159556340810056512358769552333414615230502532186327508646006263307707741093494784	5764607523034235/576460752303423488
62	depositing-signal	0/202402253307310618352495346718917307049556649764142118356901358027430339567995346891960383701437124495187077864316811911389808737385793476867013399940738509921517424276566361364466907742093216341239767678472745068562007483424692698618103355649159556340810056512358769552333414615230502532186327508646006263307707741093494784	5764607523034235/576460752303423488
62	loop-health	6362720025837568/18446744073709551616	5764607523034235/576460752303423488
62	mathematics-pct	-6598686489419776/18889465931478580854784	5764607523034235/576460752303423488
62	mission-health	-4574991226967352/576460752303423488	8646911284551352/576460752303423488
62	portfolio-pct	-6598686489419776/9444732965739290427392	5764607523034235/576460752303423488
62	sorry-count-norm	0/202402253307310618352495346718917307049556649764142118356901358027430339567995346891960383701437124495187077864316811911389808737385793476867013399940738509921517424276566361364466907742093216341239767678472745068562007483424692698618103355649159556340810056512358769552333414615230502532186327508646006263307707741093494784	5764607523034235/576460752303423488
62	stack-pct	4949014866821120/4722366482869645213696	5764607523034235/576460752303423488
62	support-coverage	0/202402253307310618352495346718917307049556649764142118356901358027430339567995346891960383701437124495187077864316811911389808737385793476867013399940738509921517424276566361364466907742093216341239767678472745068562007483424692698618103355649159556340810056512358769552333414615230502532186327508646006263307707741093494784	5764607523034235/576460752303423488
62	ticks-firing-ratio	0/202402253307310618352495346718917307049556649764142118356901358027430339567995346891960383701437124495187077864316811911389808737385793476867013399940738509921517424276566361364466907742093216341239767678472745068562007483424692698618103355649159556340810056512358769552333414615230502532186327508646006263307707741093494784	5764607523034235/576460752303423488
63	active-repo-ratio	0/202402253307310618352495346718917307049556649764142118356901358027430339567995346891960383701437124495187077864316811911389808737385793476867013399940738509921517424276566361364466907742093216341239767678472745068562007483424692698618103355649159556340810056512358769552333414615230502532186327508646006263307707741093494784	5764607523034235/576460752303423488
63	annotation-health	0/202402253307310618352495346718917307049556649764142118356901358027430339567995346891960383701437124495187077864316811911389808737385793476867013399940738509921517424276566361364466907742093216341239767678472745068562007483424692698618103355649159556340810056512358769552333414615230502532186327508646006263307707741093494784	5764607523034235/576460752303423488
63	attack-coverage	0/202402253307310618352495346718917307049556649764142118356901358027430339567995346891960383701437124495187077864316811911389808737385793476867013399940738509921517424276566361364466907742093216341239767678472745068562007483424692698618103355649159556340810056512358769552333414615230502532186327508646006263307707741093494784	5764607523034235/576460752303423488
63	consulting-pct	0/202402253307310618352495346718917307049556649764142118356901358027430339567995346891960383701437124495187077864316811911389808737385793476867013399940738509921517424276566361364466907742093216341239767678472745068562007483424692698618103355649159556340810056512358769552333414615230502532186327508646006263307707741093494784	5764607523034235/576460752303423488
63	coupling-density	0/202402253307310618352495346718917307049556649764142118356901358027430339567995346891960383701437124495187077864316811911389808737385793476867013399940738509921517424276566361364466907742093216341239767678472745068562007483424692698618103355649159556340810056512358769552333414615230502532186327508646006263307707741093494784	5764607523034235/576460752303423488
63	depositing-signal	0/202402253307310618352495346718917307049556649764142118356901358027430339567995346891960383701437124495187077864316811911389808737385793476867013399940738509921517424276566361364466907742093216341239767678472745068562007483424692698618103355649159556340810056512358769552333414615230502532186327508646006263307707741093494784	5764607523034235/576460752303423488
63	loop-health	6362720025837568/18446744073709551616	5764607523034235/576460752303423488
63	mathematics-pct	-6598686489419776/18889465931478580854784	5764607523034235/576460752303423488
63	mission-health	-4512898512160520/576460752303423488	8646911284551352/576460752303423488
63	portfolio-pct	-6598686489419776/9444732965739290427392	5764607523034235/576460752303423488
63	sorry-count-norm	0/202402253307310618352495346718917307049556649764142118356901358027430339567995346891960383701437124495187077864316811911389808737385793476867013399940738509921517424276566361364466907742093216341239767678472745068562007483424692698618103355649159556340810056512358769552333414615230502532186327508646006263307707741093494784	5764607523034235/576460752303423488
63	stack-pct	4949014866821120/4722366482869645213696	5764607523034235/576460752303423488
63	support-coverage	0/202402253307310618352495346718917307049556649764142118356901358027430339567995346891960383701437124495187077864316811911389808737385793476867013399940738509921517424276566361364466907742093216341239767678472745068562007483424692698618103355649159556340810056512358769552333414615230502532186327508646006263307707741093494784	5764607523034235/576460752303423488
63	ticks-firing-ratio	0/202402253307310618352495346718917307049556649764142118356901358027430339567995346891960383701437124495187077864316811911389808737385793476867013399940738509921517424276566361364466907742093216341239767678472745068562007483424692698618103355649159556340810056512358769552333414615230502532186327508646006263307707741093494784	5764607523034235/576460752303423488
64	active-repo-ratio	0/202402253307310618352495346718917307049556649764142118356901358027430339567995346891960383701437124495187077864316811911389808737385793476867013399940738509921517424276566361364466907742093216341239767678472745068562007483424692698618103355649159556340810056512358769552333414615230502532186327508646006263307707741093494784	5764607523034235/576460752303423488
64	annotation-health	0/202402253307310618352495346718917307049556649764142118356901358027430339567995346891960383701437124495187077864316811911389808737385793476867013399940738509921517424276566361364466907742093216341239767678472745068562007483424692698618103355649159556340810056512358769552333414615230502532186327508646006263307707741093494784	5764607523034235/576460752303423488
64	attack-coverage	0/202402253307310618352495346718917307049556649764142118356901358027430339567995346891960383701437124495187077864316811911389808737385793476867013399940738509921517424276566361364466907742093216341239767678472745068562007483424692698618103355649159556340810056512358769552333414615230502532186327508646006263307707741093494784	5764607523034235/576460752303423488
64	consulting-pct	0/202402253307310618352495346718917307049556649764142118356901358027430339567995346891960383701437124495187077864316811911389808737385793476867013399940738509921517424276566361364466907742093216341239767678472745068562007483424692698618103355649159556340810056512358769552333414615230502532186327508646006263307707741093494784	5764607523034235/576460752303423488
64	coupling-density	0/202402253307310618352495346718917307049556649764142118356901358027430339567995346891960383701437124495187077864316811911389808737385793476867013399940738509921517424276566361364466907742093216341239767678472745068562007483424692698618103355649159556340810056512358769552333414615230502532186327508646006263307707741093494784	5764607523034235/576460752303423488
64	depositing-signal	0/202402253307310618352495346718917307049556649764142118356901358027430339567995346891960383701437124495187077864316811911389808737385793476867013399940738509921517424276566361364466907742093216341239767678472745068562007483424692698618103355649159556340810056512358769552333414615230502532186327508646006263307707741093494784	5764607523034235/576460752303423488
64	loop-health	6362720025837568/18446744073709551616	5764607523034235/576460752303423488
64	mathematics-pct	-6598686489419776/18889465931478580854784	5764607523034235/576460752303423488
64	mission-health	-8817485981098120/1152921504606846976	8646911284551352/576460752303423488
64	portfolio-pct	-6598686489419776/9444732965739290427392	5764607523034235/576460752303423488
64	sorry-count-norm	0/202402253307310618352495346718917307049556649764142118356901358027430339567995346891960383701437124495187077864316811911389808737385793476867013399940738509921517424276566361364466907742093216341239767678472745068562007483424692698618103355649159556340810056512358769552333414615230502532186327508646006263307707741093494784	5764607523034235/576460752303423488
64	stack-pct	4949014866821120/4722366482869645213696	5764607523034235/576460752303423488
64	support-coverage	0/202402253307310618352495346718917307049556649764142118356901358027430339567995346891960383701437124495187077864316811911389808737385793476867013399940738509921517424276566361364466907742093216341239767678472745068562007483424692698618103355649159556340810056512358769552333414615230502532186327508646006263307707741093494784	5764607523034235/576460752303423488
64	ticks-firing-ratio	0/202402253307310618352495346718917307049556649764142118356901358027430339567995346891960383701437124495187077864316811911389808737385793476867013399940738509921517424276566361364466907742093216341239767678472745068562007483424692698618103355649159556340810056512358769552333414615230502532186327508646006263307707741093494784	5764607523034235/576460752303423488
65	active-repo-ratio	0/202402253307310618352495346718917307049556649764142118356901358027430339567995346891960383701437124495187077864316811911389808737385793476867013399940738509921517424276566361364466907742093216341239767678472745068562007483424692698618103355649159556340810056512358769552333414615230502532186327508646006263307707741093494784	5764607523034235/576460752303423488
65	annotation-health	0/202402253307310618352495346718917307049556649764142118356901358027430339567995346891960383701437124495187077864316811911389808737385793476867013399940738509921517424276566361364466907742093216341239767678472745068562007483424692698618103355649159556340810056512358769552333414615230502532186327508646006263307707741093494784	5764607523034235/576460752303423488
65	attack-coverage	0/202402253307310618352495346718917307049556649764142118356901358027430339567995346891960383701437124495187077864316811911389808737385793476867013399940738509921517424276566361364466907742093216341239767678472745068562007483424692698618103355649159556340810056512358769552333414615230502532186327508646006263307707741093494784	5764607523034235/576460752303423488
65	consulting-pct	0/202402253307310618352495346718917307049556649764142118356901358027430339567995346891960383701437124495187077864316811911389808737385793476867013399940738509921517424276566361364466907742093216341239767678472745068562007483424692698618103355649159556340810056512358769552333414615230502532186327508646006263307707741093494784	5764607523034235/576460752303423488
65	coupling-density	0/202402253307310618352495346718917307049556649764142118356901358027430339567995346891960383701437124495187077864316811911389808737385793476867013399940738509921517424276566361364466907742093216341239767678472745068562007483424692698618103355649159556340810056512358769552333414615230502532186327508646006263307707741093494784	5764607523034235/576460752303423488
65	depositing-signal	0/202402253307310618352495346718917307049556649764142118356901358027430339567995346891960383701437124495187077864316811911389808737385793476867013399940738509921517424276566361364466907742093216341239767678472745068562007483424692698618103355649159556340810056512358769552333414615230502532186327508646006263307707741093494784	5764607523034235/576460752303423488
65	loop-health	6362720025837568/18446744073709551616	5764607523034235/576460752303423488
65	mathematics-pct	-6598686489419776/18889465931478580854784	5764607523034235/576460752303423488
65	mission-health	-8785438128294592/1152921504606846976	8646911284551352/576460752303423488
65	portfolio-pct	-6598686489419776/9444732965739290427392	5764607523034235/576460752303423488
65	sorry-count-norm	0/202402253307310618352495346718917307049556649764142118356901358027430339567995346891960383701437124495187077864316811911389808737385793476867013399940738509921517424276566361364466907742093216341239767678472745068562007483424692698618103355649159556340810056512358769552333414615230502532186327508646006263307707741093494784	5764607523034235/576460752303423488
65	stack-pct	4949014866821120/4722366482869645213696	5764607523034235/576460752303423488
65	support-coverage	0/202402253307310618352495346718917307049556649764142118356901358027430339567995346891960383701437124495187077864316811911389808737385793476867013399940738509921517424276566361364466907742093216341239767678472745068562007483424692698618103355649159556340810056512358769552333414615230502532186327508646006263307707741093494784	5764607523034235/576460752303423488
65	ticks-firing-ratio	0/202402253307310618352495346718917307049556649764142118356901358027430339567995346891960383701437124495187077864316811911389808737385793476867013399940738509921517424276566361364466907742093216341239767678472745068562007483424692698618103355649159556340810056512358769552333414615230502532186327508646006263307707741093494784	5764607523034235/576460752303423488
66	active-repo-ratio	0/202402253307310618352495346718917307049556649764142118356901358027430339567995346891960383701437124495187077864316811911389808737385793476867013399940738509921517424276566361364466907742093216341239767678472745068562007483424692698618103355649159556340810056512358769552333414615230502532186327508646006263307707741093494784	5764607523034235/576460752303423488
66	annotation-health	0/202402253307310618352495346718917307049556649764142118356901358027430339567995346891960383701437124495187077864316811911389808737385793476867013399940738509921517424276566361364466907742093216341239767678472745068562007483424692698618103355649159556340810056512358769552333414615230502532186327508646006263307707741093494784	5764607523034235/576460752303423488
66	attack-coverage	0/202402253307310618352495346718917307049556649764142118356901358027430339567995346891960383701437124495187077864316811911389808737385793476867013399940738509921517424276566361364466907742093216341239767678472745068562007483424692698618103355649159556340810056512358769552333414615230502532186327508646006263307707741093494784	5764607523034235/576460752303423488
66	consulting-pct	0/202402253307310618352495346718917307049556649764142118356901358027430339567995346891960383701437124495187077864316811911389808737385793476867013399940738509921517424276566361364466907742093216341239767678472745068562007483424692698618103355649159556340810056512358769552333414615230502532186327508646006263307707741093494784	5764607523034235/576460752303423488
66	coupling-density	0/202402253307310618352495346718917307049556649764142118356901358027430339567995346891960383701437124495187077864316811911389808737385793476867013399940738509921517424276566361364466907742093216341239767678472745068562007483424692698618103355649159556340810056512358769552333414615230502532186327508646006263307707741093494784	5764607523034235/576460752303423488
66	depositing-signal	0/202402253307310618352495346718917307049556649764142118356901358027430339567995346891960383701437124495187077864316811911389808737385793476867013399940738509921517424276566361364466907742093216341239767678472745068562007483424692698618103355649159556340810056512358769552333414615230502532186327508646006263307707741093494784	5764607523034235/576460752303423488
66	loop-health	6362720025837568/18446744073709551616	5764607523034235/576460752303423488
66	mathematics-pct	-6598686489419776/18889465931478580854784	5764607523034235/576460752303423488
66	mission-health	-8605168956274760/1152921504606846976	8646911284551352/576460752303423488
66	portfolio-pct	-6598686489419776/9444732965739290427392	5764607523034235/576460752303423488
66	sorry-count-norm	0/202402253307310618352495346718917307049556649764142118356901358027430339567995346891960383701437124495187077864316811911389808737385793476867013399940738509921517424276566361364466907742093216341239767678472745068562007483424692698618103355649159556340810056512358769552333414615230502532186327508646006263307707741093494784	5764607523034235/576460752303423488
66	stack-pct	4949014866821120/4722366482869645213696	5764607523034235/576460752303423488
66	support-coverage	0/202402253307310618352495346718917307049556649764142118356901358027430339567995346891960383701437124495187077864316811911389808737385793476867013399940738509921517424276566361364466907742093216341239767678472745068562007483424692698618103355649159556340810056512358769552333414615230502532186327508646006263307707741093494784	5764607523034235/576460752303423488
66	ticks-firing-ratio	0/202402253307310618352495346718917307049556649764142118356901358027430339567995346891960383701437124495187077864316811911389808737385793476867013399940738509921517424276566361364466907742093216341239767678472745068562007483424692698618103355649159556340810056512358769552333414615230502532186327508646006263307707741093494784	5764607523034235/576460752303423488
67	active-repo-ratio	0/202402253307310618352495346718917307049556649764142118356901358027430339567995346891960383701437124495187077864316811911389808737385793476867013399940738509921517424276566361364466907742093216341239767678472745068562007483424692698618103355649159556340810056512358769552333414615230502532186327508646006263307707741093494784	5764607523034235/576460752303423488
67	annotation-health	0/202402253307310618352495346718917307049556649764142118356901358027430339567995346891960383701437124495187077864316811911389808737385793476867013399940738509921517424276566361364466907742093216341239767678472745068562007483424692698618103355649159556340810056512358769552333414615230502532186327508646006263307707741093494784	5764607523034235/576460752303423488
67	attack-coverage	0/202402253307310618352495346718917307049556649764142118356901358027430339567995346891960383701437124495187077864316811911389808737385793476867013399940738509921517424276566361364466907742093216341239767678472745068562007483424692698618103355649159556340810056512358769552333414615230502532186327508646006263307707741093494784	5764607523034235/576460752303423488
67	consulting-pct	0/202402253307310618352495346718917307049556649764142118356901358027430339567995346891960383701437124495187077864316811911389808737385793476867013399940738509921517424276566361364466907742093216341239767678472745068562007483424692698618103355649159556340810056512358769552333414615230502532186327508646006263307707741093494784	5764607523034235/576460752303423488
67	coupling-density	0/202402253307310618352495346718917307049556649764142118356901358027430339567995346891960383701437124495187077864316811911389808737385793476867013399940738509921517424276566361364466907742093216341239767678472745068562007483424692698618103355649159556340810056512358769552333414615230502532186327508646006263307707741093494784	5764607523034235/576460752303423488
67	depositing-signal	0/202402253307310618352495346718917307049556649764142118356901358027430339567995346891960383701437124495187077864316811911389808737385793476867013399940738509921517424276566361364466907742093216341239767678472745068562007483424692698618103355649159556340810056512358769552333414615230502532186327508646006263307707741093494784	5764607523034235/576460752303423488
67	loop-health	6362720025837568/18446744073709551616	5764607523034235/576460752303423488
67	mathematics-pct	-6598686489419776/18889465931478580854784	5764607523034235/576460752303423488
67	mission-health	-8525049324265944/1152921504606846976	8646911284551352/576460752303423488
67	portfolio-pct	-6598686489419776/9444732965739290427392	5764607523034235/576460752303423488
67	sorry-count-norm	0/202402253307310618352495346718917307049556649764142118356901358027430339567995346891960383701437124495187077864316811911389808737385793476867013399940738509921517424276566361364466907742093216341239767678472745068562007483424692698618103355649159556340810056512358769552333414615230502532186327508646006263307707741093494784	5764607523034235/576460752303423488
67	stack-pct	4949014866821120/4722366482869645213696	5764607523034235/576460752303423488
67	support-coverage	0/202402253307310618352495346718917307049556649764142118356901358027430339567995346891960383701437124495187077864316811911389808737385793476867013399940738509921517424276566361364466907742093216341239767678472745068562007483424692698618103355649159556340810056512358769552333414615230502532186327508646006263307707741093494784	5764607523034235/576460752303423488
67	ticks-firing-ratio	0/202402253307310618352495346718917307049556649764142118356901358027430339567995346891960383701437124495187077864316811911389808737385793476867013399940738509921517424276566361364466907742093216341239767678472745068562007483424692698618103355649159556340810056512358769552333414615230502532186327508646006263307707741093494784	5764607523034235/576460752303423488
68	active-repo-ratio	0/202402253307310618352495346718917307049556649764142118356901358027430339567995346891960383701437124495187077864316811911389808737385793476867013399940738509921517424276566361364466907742093216341239767678472745068562007483424692698618103355649159556340810056512358769552333414615230502532186327508646006263307707741093494784	5764607523034235/576460752303423488
68	annotation-health	0/202402253307310618352495346718917307049556649764142118356901358027430339567995346891960383701437124495187077864316811911389808737385793476867013399940738509921517424276566361364466907742093216341239767678472745068562007483424692698618103355649159556340810056512358769552333414615230502532186327508646006263307707741093494784	5764607523034235/576460752303423488
68	attack-coverage	0/202402253307310618352495346718917307049556649764142118356901358027430339567995346891960383701437124495187077864316811911389808737385793476867013399940738509921517424276566361364466907742093216341239767678472745068562007483424692698618103355649159556340810056512358769552333414615230502532186327508646006263307707741093494784	5764607523034235/576460752303423488
68	consulting-pct	0/202402253307310618352495346718917307049556649764142118356901358027430339567995346891960383701437124495187077864316811911389808737385793476867013399940738509921517424276566361364466907742093216341239767678472745068562007483424692698618103355649159556340810056512358769552333414615230502532186327508646006263307707741093494784	5764607523034235/576460752303423488
68	coupling-density	0/202402253307310618352495346718917307049556649764142118356901358027430339567995346891960383701437124495187077864316811911389808737385793476867013399940738509921517424276566361364466907742093216341239767678472745068562007483424692698618103355649159556340810056512358769552333414615230502532186327508646006263307707741093494784	5764607523034235/576460752303423488
68	depositing-signal	0/202402253307310618352495346718917307049556649764142118356901358027430339567995346891960383701437124495187077864316811911389808737385793476867013399940738509921517424276566361364466907742093216341239767678472745068562007483424692698618103355649159556340810056512358769552333414615230502532186327508646006263307707741093494784	5764607523034235/576460752303423488
68	loop-health	6362720025837568/18446744073709551616	5764607523034235/576460752303423488
68	mathematics-pct	-6598686489419776/18889465931478580854784	5764607523034235/576460752303423488
68	mission-health	-8068367421815700/1152921504606846976	8646911284551352/576460752303423488
68	portfolio-pct	-6598686489419776/9444732965739290427392	5764607523034235/576460752303423488
68	sorry-count-norm	0/202402253307310618352495346718917307049556649764142118356901358027430339567995346891960383701437124495187077864316811911389808737385793476867013399940738509921517424276566361364466907742093216341239767678472745068562007483424692698618103355649159556340810056512358769552333414615230502532186327508646006263307707741093494784	5764607523034235/576460752303423488
68	stack-pct	4949014866821120/4722366482869645213696	5764607523034235/576460752303423488
68	support-coverage	0/202402253307310618352495346718917307049556649764142118356901358027430339567995346891960383701437124495187077864316811911389808737385793476867013399940738509921517424276566361364466907742093216341239767678472745068562007483424692698618103355649159556340810056512358769552333414615230502532186327508646006263307707741093494784	5764607523034235/576460752303423488
68	ticks-firing-ratio	0/202402253307310618352495346718917307049556649764142118356901358027430339567995346891960383701437124495187077864316811911389808737385793476867013399940738509921517424276566361364466907742093216341239767678472745068562007483424692698618103355649159556340810056512358769552333414615230502532186327508646006263307707741093494784	5764607523034235/576460752303423488
69	active-repo-ratio	0/202402253307310618352495346718917307049556649764142118356901358027430339567995346891960383701437124495187077864316811911389808737385793476867013399940738509921517424276566361364466907742093216341239767678472745068562007483424692698618103355649159556340810056512358769552333414615230502532186327508646006263307707741093494784	5764607523034235/576460752303423488
69	annotation-health	0/202402253307310618352495346718917307049556649764142118356901358027430339567995346891960383701437124495187077864316811911389808737385793476867013399940738509921517424276566361364466907742093216341239767678472745068562007483424692698618103355649159556340810056512358769552333414615230502532186327508646006263307707741093494784	5764607523034235/576460752303423488
69	attack-coverage	0/202402253307310618352495346718917307049556649764142118356901358027430339567995346891960383701437124495187077864316811911389808737385793476867013399940738509921517424276566361364466907742093216341239767678472745068562007483424692698618103355649159556340810056512358769552333414615230502532186327508646006263307707741093494784	5764607523034235/576460752303423488
69	consulting-pct	0/202402253307310618352495346718917307049556649764142118356901358027430339567995346891960383701437124495187077864316811911389808737385793476867013399940738509921517424276566361364466907742093216341239767678472745068562007483424692698618103355649159556340810056512358769552333414615230502532186327508646006263307707741093494784	5764607523034235/576460752303423488
69	coupling-density	0/202402253307310618352495346718917307049556649764142118356901358027430339567995346891960383701437124495187077864316811911389808737385793476867013399940738509921517424276566361364466907742093216341239767678472745068562007483424692698618103355649159556340810056512358769552333414615230502532186327508646006263307707741093494784	5764607523034235/576460752303423488
69	depositing-signal	0/202402253307310618352495346718917307049556649764142118356901358027430339567995346891960383701437124495187077864316811911389808737385793476867013399940738509921517424276566361364466907742093216341239767678472745068562007483424692698618103355649159556340810056512358769552333414615230502532186327508646006263307707741093494784	5764607523034235/576460752303423488
69	loop-health	6362720025837568/18446744073709551616	5764607523034235/576460752303423488
69	mathematics-pct	-6598686489419776/18889465931478580854784	5764607523034235/576460752303423488
69	mission-health	-7860056378592780/1152921504606846976	8646911284551352/576460752303423488
69	portfolio-pct	-6598686489419776/9444732965739290427392	5764607523034235/576460752303423488
69	sorry-count-norm	0/202402253307310618352495346718917307049556649764142118356901358027430339567995346891960383701437124495187077864316811911389808737385793476867013399940738509921517424276566361364466907742093216341239767678472745068562007483424692698618103355649159556340810056512358769552333414615230502532186327508646006263307707741093494784	5764607523034235/576460752303423488
69	stack-pct	4949014866821120/4722366482869645213696	5764607523034235/576460752303423488
69	support-coverage	0/202402253307310618352495346718917307049556649764142118356901358027430339567995346891960383701437124495187077864316811911389808737385793476867013399940738509921517424276566361364466907742093216341239767678472745068562007483424692698618103355649159556340810056512358769552333414615230502532186327508646006263307707741093494784	5764607523034235/576460752303423488
69	ticks-firing-ratio	0/202402253307310618352495346718917307049556649764142118356901358027430339567995346891960383701437124495187077864316811911389808737385793476867013399940738509921517424276566361364466907742093216341239767678472745068562007483424692698618103355649159556340810056512358769552333414615230502532186327508646006263307707741093494784	5764607523034235/576460752303423488
70	active-repo-ratio	0/202402253307310618352495346718917307049556649764142118356901358027430339567995346891960383701437124495187077864316811911389808737385793476867013399940738509921517424276566361364466907742093216341239767678472745068562007483424692698618103355649159556340810056512358769552333414615230502532186327508646006263307707741093494784	5764607523034235/576460752303423488
70	annotation-health	0/202402253307310618352495346718917307049556649764142118356901358027430339567995346891960383701437124495187077864316811911389808737385793476867013399940738509921517424276566361364466907742093216341239767678472745068562007483424692698618103355649159556340810056512358769552333414615230502532186327508646006263307707741093494784	5764607523034235/576460752303423488
70	attack-coverage	0/202402253307310618352495346718917307049556649764142118356901358027430339567995346891960383701437124495187077864316811911389808737385793476867013399940738509921517424276566361364466907742093216341239767678472745068562007483424692698618103355649159556340810056512358769552333414615230502532186327508646006263307707741093494784	5764607523034235/576460752303423488
70	consulting-pct	0/202402253307310618352495346718917307049556649764142118356901358027430339567995346891960383701437124495187077864316811911389808737385793476867013399940738509921517424276566361364466907742093216341239767678472745068562007483424692698618103355649159556340810056512358769552333414615230502532186327508646006263307707741093494784	5764607523034235/576460752303423488
70	coupling-density	0/202402253307310618352495346718917307049556649764142118356901358027430339567995346891960383701437124495187077864316811911389808737385793476867013399940738509921517424276566361364466907742093216341239767678472745068562007483424692698618103355649159556340810056512358769552333414615230502532186327508646006263307707741093494784	5764607523034235/576460752303423488
70	depositing-signal	0/202402253307310618352495346718917307049556649764142118356901358027430339567995346891960383701437124495187077864316811911389808737385793476867013399940738509921517424276566361364466907742093216341239767678472745068562007483424692698618103355649159556340810056512358769552333414615230502532186327508646006263307707741093494784	5764607523034235/576460752303423488
70	loop-health	6362720025837568/18446744073709551616	5764607523034235/576460752303423488
70	mathematics-pct	-6598686489419776/18889465931478580854784	5764607523034235/576460752303423488
70	mission-health	-7579637666561928/1152921504606846976	8646911284551352/576460752303423488
70	portfolio-pct	-6598686489419776/9444732965739290427392	5764607523034235/576460752303423488
70	sorry-count-norm	0/202402253307310618352495346718917307049556649764142118356901358027430339567995346891960383701437124495187077864316811911389808737385793476867013399940738509921517424276566361364466907742093216341239767678472745068562007483424692698618103355649159556340810056512358769552333414615230502532186327508646006263307707741093494784	5764607523034235/576460752303423488
70	stack-pct	4949014866821120/4722366482869645213696	5764607523034235/576460752303423488
70	support-coverage	0/202402253307310618352495346718917307049556649764142118356901358027430339567995346891960383701437124495187077864316811911389808737385793476867013399940738509921517424276566361364466907742093216341239767678472745068562007483424692698618103355649159556340810056512358769552333414615230502532186327508646006263307707741093494784	5764607523034235/576460752303423488
70	ticks-firing-ratio	0/202402253307310618352495346718917307049556649764142118356901358027430339567995346891960383701437124495187077864316811911389808737385793476867013399940738509921517424276566361364466907742093216341239767678472745068562007483424692698618103355649159556340810056512358769552333414615230502532186327508646006263307707741093494784	5764607523034235/576460752303423488
71	active-repo-ratio	0/202402253307310618352495346718917307049556649764142118356901358027430339567995346891960383701437124495187077864316811911389808737385793476867013399940738509921517424276566361364466907742093216341239767678472745068562007483424692698618103355649159556340810056512358769552333414615230502532186327508646006263307707741093494784	5764607523034235/576460752303423488
71	annotation-health	0/202402253307310618352495346718917307049556649764142118356901358027430339567995346891960383701437124495187077864316811911389808737385793476867013399940738509921517424276566361364466907742093216341239767678472745068562007483424692698618103355649159556340810056512358769552333414615230502532186327508646006263307707741093494784	5764607523034235/576460752303423488
71	attack-coverage	0/202402253307310618352495346718917307049556649764142118356901358027430339567995346891960383701437124495187077864316811911389808737385793476867013399940738509921517424276566361364466907742093216341239767678472745068562007483424692698618103355649159556340810056512358769552333414615230502532186327508646006263307707741093494784	5764607523034235/576460752303423488
71	consulting-pct	0/202402253307310618352495346718917307049556649764142118356901358027430339567995346891960383701437124495187077864316811911389808737385793476867013399940738509921517424276566361364466907742093216341239767678472745068562007483424692698618103355649159556340810056512358769552333414615230502532186327508646006263307707741093494784	5764607523034235/576460752303423488
71	coupling-density	0/202402253307310618352495346718917307049556649764142118356901358027430339567995346891960383701437124495187077864316811911389808737385793476867013399940738509921517424276566361364466907742093216341239767678472745068562007483424692698618103355649159556340810056512358769552333414615230502532186327508646006263307707741093494784	5764607523034235/576460752303423488
71	depositing-signal	0/202402253307310618352495346718917307049556649764142118356901358027430339567995346891960383701437124495187077864316811911389808737385793476867013399940738509921517424276566361364466907742093216341239767678472745068562007483424692698618103355649159556340810056512358769552333414615230502532186327508646006263307707741093494784	5764607523034235/576460752303423488
71	loop-health	6362720025837568/18446744073709551616	5764607523034235/576460752303423488
71	mathematics-pct	-6598686489419776/18889465931478580854784	5764607523034235/576460752303423488
71	mission-health	-6778441346473780/1152921504606846976	8646911284551352/576460752303423488
71	portfolio-pct	-6598686489419776/9444732965739290427392	5764607523034235/576460752303423488
71	sorry-count-norm	0/202402253307310618352495346718917307049556649764142118356901358027430339567995346891960383701437124495187077864316811911389808737385793476867013399940738509921517424276566361364466907742093216341239767678472745068562007483424692698618103355649159556340810056512358769552333414615230502532186327508646006263307707741093494784	5764607523034235/576460752303423488
71	stack-pct	4949014866821120/4722366482869645213696	5764607523034235/576460752303423488
71	support-coverage	0/202402253307310618352495346718917307049556649764142118356901358027430339567995346891960383701437124495187077864316811911389808737385793476867013399940738509921517424276566361364466907742093216341239767678472745068562007483424692698618103355649159556340810056512358769552333414615230502532186327508646006263307707741093494784	5764607523034235/576460752303423488
71	ticks-firing-ratio	0/202402253307310618352495346718917307049556649764142118356901358027430339567995346891960383701437124495187077864316811911389808737385793476867013399940738509921517424276566361364466907742093216341239767678472745068562007483424692698618103355649159556340810056512358769552333414615230502532186327508646006263307707741093494784	5764607523034235/576460752303423488
72	active-repo-ratio	0/202402253307310618352495346718917307049556649764142118356901358027430339567995346891960383701437124495187077864316811911389808737385793476867013399940738509921517424276566361364466907742093216341239767678472745068562007483424692698618103355649159556340810056512358769552333414615230502532186327508646006263307707741093494784	5764607523034235/576460752303423488
72	annotation-health	0/202402253307310618352495346718917307049556649764142118356901358027430339567995346891960383701437124495187077864316811911389808737385793476867013399940738509921517424276566361364466907742093216341239767678472745068562007483424692698618103355649159556340810056512358769552333414615230502532186327508646006263307707741093494784	5764607523034235/576460752303423488
72	attack-coverage	0/202402253307310618352495346718917307049556649764142118356901358027430339567995346891960383701437124495187077864316811911389808737385793476867013399940738509921517424276566361364466907742093216341239767678472745068562007483424692698618103355649159556340810056512358769552333414615230502532186327508646006263307707741093494784	5764607523034235/576460752303423488
72	consulting-pct	0/202402253307310618352495346718917307049556649764142118356901358027430339567995346891960383701437124495187077864316811911389808737385793476867013399940738509921517424276566361364466907742093216341239767678472745068562007483424692698618103355649159556340810056512358769552333414615230502532186327508646006263307707741093494784	5764607523034235/576460752303423488
72	coupling-density	0/202402253307310618352495346718917307049556649764142118356901358027430339567995346891960383701437124495187077864316811911389808737385793476867013399940738509921517424276566361364466907742093216341239767678472745068562007483424692698618103355649159556340810056512358769552333414615230502532186327508646006263307707741093494784	5764607523034235/576460752303423488
72	depositing-signal	0/202402253307310618352495346718917307049556649764142118356901358027430339567995346891960383701437124495187077864316811911389808737385793476867013399940738509921517424276566361364466907742093216341239767678472745068562007483424692698618103355649159556340810056512358769552333414615230502532186327508646006263307707741093494784	5764607523034235/576460752303423488
72	loop-health	6362720025837568/18446744073709551616	5764607523034235/576460752303423488
72	mathematics-pct	-6598686489419776/18889465931478580854784	5764607523034235/576460752303423488
72	mission-health	-6566124321650420/1152921504606846976	8646911284551352/576460752303423488
72	portfolio-pct	-6598686489419776/9444732965739290427392	5764607523034235/576460752303423488
72	sorry-count-norm	0/202402253307310618352495346718917307049556649764142118356901358027430339567995346891960383701437124495187077864316811911389808737385793476867013399940738509921517424276566361364466907742093216341239767678472745068562007483424692698618103355649159556340810056512358769552333414615230502532186327508646006263307707741093494784	5764607523034235/576460752303423488
72	stack-pct	4949014866821120/4722366482869645213696	5764607523034235/576460752303423488
72	support-coverage	0/202402253307310618352495346718917307049556649764142118356901358027430339567995346891960383701437124495187077864316811911389808737385793476867013399940738509921517424276566361364466907742093216341239767678472745068562007483424692698618103355649159556340810056512358769552333414615230502532186327508646006263307707741093494784	5764607523034235/576460752303423488
72	ticks-firing-ratio	0/202402253307310618352495346718917307049556649764142118356901358027430339567995346891960383701437124495187077864316811911389808737385793476867013399940738509921517424276566361364466907742093216341239767678472745068562007483424692698618103355649159556340810056512358769552333414615230502532186327508646006263307707741093494784	5764607523034235/576460752303423488
73	active-repo-ratio	0/202402253307310618352495346718917307049556649764142118356901358027430339567995346891960383701437124495187077864316811911389808737385793476867013399940738509921517424276566361364466907742093216341239767678472745068562007483424692698618103355649159556340810056512358769552333414615230502532186327508646006263307707741093494784	5764607523034235/576460752303423488
73	annotation-health	0/202402253307310618352495346718917307049556649764142118356901358027430339567995346891960383701437124495187077864316811911389808737385793476867013399940738509921517424276566361364466907742093216341239767678472745068562007483424692698618103355649159556340810056512358769552333414615230502532186327508646006263307707741093494784	5764607523034235/576460752303423488
73	attack-coverage	0/202402253307310618352495346718917307049556649764142118356901358027430339567995346891960383701437124495187077864316811911389808737385793476867013399940738509921517424276566361364466907742093216341239767678472745068562007483424692698618103355649159556340810056512358769552333414615230502532186327508646006263307707741093494784	5764607523034235/576460752303423488
73	consulting-pct	0/202402253307310618352495346718917307049556649764142118356901358027430339567995346891960383701437124495187077864316811911389808737385793476867013399940738509921517424276566361364466907742093216341239767678472745068562007483424692698618103355649159556340810056512358769552333414615230502532186327508646006263307707741093494784	5764607523034235/576460752303423488
73	coupling-density	0/202402253307310618352495346718917307049556649764142118356901358027430339567995346891960383701437124495187077864316811911389808737385793476867013399940738509921517424276566361364466907742093216341239767678472745068562007483424692698618103355649159556340810056512358769552333414615230502532186327508646006263307707741093494784	5764607523034235/576460752303423488
73	depositing-signal	0/202402253307310618352495346718917307049556649764142118356901358027430339567995346891960383701437124495187077864316811911389808737385793476867013399940738509921517424276566361364466907742093216341239767678472745068562007483424692698618103355649159556340810056512358769552333414615230502532186327508646006263307707741093494784	5764607523034235/576460752303423488
73	loop-health	6362720025837568/18446744073709551616	5764607523034235/576460752303423488
73	mathematics-pct	-6598686489419776/18889465931478580854784	5764607523034235/576460752303423488
73	mission-health	-8301034833169296/2305843009213693952	8646911284551352/576460752303423488
73	portfolio-pct	-6598686489419776/9444732965739290427392	5764607523034235/576460752303423488
73	sorry-count-norm	0/202402253307310618352495346718917307049556649764142118356901358027430339567995346891960383701437124495187077864316811911389808737385793476867013399940738509921517424276566361364466907742093216341239767678472745068562007483424692698618103355649159556340810056512358769552333414615230502532186327508646006263307707741093494784	5764607523034235/576460752303423488
73	stack-pct	4949014866821120/4722366482869645213696	5764607523034235/576460752303423488
73	support-coverage	0/202402253307310618352495346718917307049556649764142118356901358027430339567995346891960383701437124495187077864316811911389808737385793476867013399940738509921517424276566361364466907742093216341239767678472745068562007483424692698618103355649159556340810056512358769552333414615230502532186327508646006263307707741093494784	5764607523034235/576460752303423488
73	ticks-firing-ratio	0/202402253307310618352495346718917307049556649764142118356901358027430339567995346891960383701437124495187077864316811911389808737385793476867013399940738509921517424276566361364466907742093216341239767678472745068562007483424692698618103355649159556340810056512358769552333414615230502532186327508646006263307707741093494784	5764607523034235/576460752303423488
74	active-repo-ratio	0/202402253307310618352495346718917307049556649764142118356901358027430339567995346891960383701437124495187077864316811911389808737385793476867013399940738509921517424276566361364466907742093216341239767678472745068562007483424692698618103355649159556340810056512358769552333414615230502532186327508646006263307707741093494784	5764607523034235/576460752303423488
74	annotation-health	0/202402253307310618352495346718917307049556649764142118356901358027430339567995346891960383701437124495187077864316811911389808737385793476867013399940738509921517424276566361364466907742093216341239767678472745068562007483424692698618103355649159556340810056512358769552333414615230502532186327508646006263307707741093494784	5764607523034235/576460752303423488
74	attack-coverage	0/202402253307310618352495346718917307049556649764142118356901358027430339567995346891960383701437124495187077864316811911389808737385793476867013399940738509921517424276566361364466907742093216341239767678472745068562007483424692698618103355649159556340810056512358769552333414615230502532186327508646006263307707741093494784	5764607523034235/576460752303423488
74	consulting-pct	0/202402253307310618352495346718917307049556649764142118356901358027430339567995346891960383701437124495187077864316811911389808737385793476867013399940738509921517424276566361364466907742093216341239767678472745068562007483424692698618103355649159556340810056512358769552333414615230502532186327508646006263307707741093494784	5764607523034235/576460752303423488
74	coupling-density	0/202402253307310618352495346718917307049556649764142118356901358027430339567995346891960383701437124495187077864316811911389808737385793476867013399940738509921517424276566361364466907742093216341239767678472745068562007483424692698618103355649159556340810056512358769552333414615230502532186327508646006263307707741093494784	5764607523034235/576460752303423488
74	depositing-signal	0/202402253307310618352495346718917307049556649764142118356901358027430339567995346891960383701437124495187077864316811911389808737385793476867013399940738509921517424276566361364466907742093216341239767678472745068562007483424692698618103355649159556340810056512358769552333414615230502532186327508646006263307707741093494784	5764607523034235/576460752303423488
74	loop-health	6362720025837568/18446744073709551616	5764607523034235/576460752303423488
74	mathematics-pct	-6598686489419776/18889465931478580854784	5764607523034235/576460752303423488
74	mission-health	-8301034833169296/2305843009213693952	8646911284551352/576460752303423488
74	portfolio-pct	-6598686489419776/9444732965739290427392	5764607523034235/576460752303423488
74	sorry-count-norm	0/202402253307310618352495346718917307049556649764142118356901358027430339567995346891960383701437124495187077864316811911389808737385793476867013399940738509921517424276566361364466907742093216341239767678472745068562007483424692698618103355649159556340810056512358769552333414615230502532186327508646006263307707741093494784	5764607523034235/576460752303423488
74	stack-pct	4949014866821120/4722366482869645213696	5764607523034235/576460752303423488
74	support-coverage	0/202402253307310618352495346718917307049556649764142118356901358027430339567995346891960383701437124495187077864316811911389808737385793476867013399940738509921517424276566361364466907742093216341239767678472745068562007483424692698618103355649159556340810056512358769552333414615230502532186327508646006263307707741093494784	5764607523034235/576460752303423488
74	ticks-firing-ratio	0/202402253307310618352495346718917307049556649764142118356901358027430339567995346891960383701437124495187077864316811911389808737385793476867013399940738509921517424276566361364466907742093216341239767678472745068562007483424692698618103355649159556340810056512358769552333414615230502532186327508646006263307707741093494784	5764607523034235/576460752303423488
75	active-repo-ratio	0/202402253307310618352495346718917307049556649764142118356901358027430339567995346891960383701437124495187077864316811911389808737385793476867013399940738509921517424276566361364466907742093216341239767678472745068562007483424692698618103355649159556340810056512358769552333414615230502532186327508646006263307707741093494784	5764607523034235/576460752303423488
75	annotation-health	0/202402253307310618352495346718917307049556649764142118356901358027430339567995346891960383701437124495187077864316811911389808737385793476867013399940738509921517424276566361364466907742093216341239767678472745068562007483424692698618103355649159556340810056512358769552333414615230502532186327508646006263307707741093494784	5764607523034235/576460752303423488
75	attack-coverage	0/202402253307310618352495346718917307049556649764142118356901358027430339567995346891960383701437124495187077864316811911389808737385793476867013399940738509921517424276566361364466907742093216341239767678472745068562007483424692698618103355649159556340810056512358769552333414615230502532186327508646006263307707741093494784	5764607523034235/576460752303423488
75	consulting-pct	0/202402253307310618352495346718917307049556649764142118356901358027430339567995346891960383701437124495187077864316811911389808737385793476867013399940738509921517424276566361364466907742093216341239767678472745068562007483424692698618103355649159556340810056512358769552333414615230502532186327508646006263307707741093494784	5764607523034235/576460752303423488
75	coupling-density	0/202402253307310618352495346718917307049556649764142118356901358027430339567995346891960383701437124495187077864316811911389808737385793476867013399940738509921517424276566361364466907742093216341239767678472745068562007483424692698618103355649159556340810056512358769552333414615230502532186327508646006263307707741093494784	5764607523034235/576460752303423488
75	depositing-signal	0/202402253307310618352495346718917307049556649764142118356901358027430339567995346891960383701437124495187077864316811911389808737385793476867013399940738509921517424276566361364466907742093216341239767678472745068562007483424692698618103355649159556340810056512358769552333414615230502532186327508646006263307707741093494784	5764607523034235/576460752303423488
75	loop-health	6362720025837568/18446744073709551616	5764607523034235/576460752303423488
75	mathematics-pct	-6598686489419776/18889465931478580854784	5764607523034235/576460752303423488
75	mission-health	-8301034833169296/2305843009213693952	8646911284551352/576460752303423488
75	portfolio-pct	-6598686489419776/9444732965739290427392	5764607523034235/576460752303423488
75	sorry-count-norm	0/202402253307310618352495346718917307049556649764142118356901358027430339567995346891960383701437124495187077864316811911389808737385793476867013399940738509921517424276566361364466907742093216341239767678472745068562007483424692698618103355649159556340810056512358769552333414615230502532186327508646006263307707741093494784	5764607523034235/576460752303423488
75	stack-pct	4949014866821120/4722366482869645213696	5764607523034235/576460752303423488
75	support-coverage	0/202402253307310618352495346718917307049556649764142118356901358027430339567995346891960383701437124495187077864316811911389808737385793476867013399940738509921517424276566361364466907742093216341239767678472745068562007483424692698618103355649159556340810056512358769552333414615230502532186327508646006263307707741093494784	5764607523034235/576460752303423488
75	ticks-firing-ratio	0/202402253307310618352495346718917307049556649764142118356901358027430339567995346891960383701437124495187077864316811911389808737385793476867013399940738509921517424276566361364466907742093216341239767678472745068562007483424692698618103355649159556340810056512358769552333414615230502532186327508646006263307707741093494784	5764607523034235/576460752303423488
76	active-repo-ratio	0/202402253307310618352495346718917307049556649764142118356901358027430339567995346891960383701437124495187077864316811911389808737385793476867013399940738509921517424276566361364466907742093216341239767678472745068562007483424692698618103355649159556340810056512358769552333414615230502532186327508646006263307707741093494784	5764607523034235/576460752303423488
76	annotation-health	0/202402253307310618352495346718917307049556649764142118356901358027430339567995346891960383701437124495187077864316811911389808737385793476867013399940738509921517424276566361364466907742093216341239767678472745068562007483424692698618103355649159556340810056512358769552333414615230502532186327508646006263307707741093494784	5764607523034235/576460752303423488
76	attack-coverage	0/202402253307310618352495346718917307049556649764142118356901358027430339567995346891960383701437124495187077864316811911389808737385793476867013399940738509921517424276566361364466907742093216341239767678472745068562007483424692698618103355649159556340810056512358769552333414615230502532186327508646006263307707741093494784	5764607523034235/576460752303423488
76	consulting-pct	0/202402253307310618352495346718917307049556649764142118356901358027430339567995346891960383701437124495187077864316811911389808737385793476867013399940738509921517424276566361364466907742093216341239767678472745068562007483424692698618103355649159556340810056512358769552333414615230502532186327508646006263307707741093494784	5764607523034235/576460752303423488
76	coupling-density	0/202402253307310618352495346718917307049556649764142118356901358027430339567995346891960383701437124495187077864316811911389808737385793476867013399940738509921517424276566361364466907742093216341239767678472745068562007483424692698618103355649159556340810056512358769552333414615230502532186327508646006263307707741093494784	5764607523034235/576460752303423488
76	depositing-signal	0/202402253307310618352495346718917307049556649764142118356901358027430339567995346891960383701437124495187077864316811911389808737385793476867013399940738509921517424276566361364466907742093216341239767678472745068562007483424692698618103355649159556340810056512358769552333414615230502532186327508646006263307707741093494784	5764607523034235/576460752303423488
76	loop-health	6362720025837568/18446744073709551616	5764607523034235/576460752303423488
76	mathematics-pct	-6598686489419776/18889465931478580854784	5764607523034235/576460752303423488
76	mission-health	-8301034833169296/2305843009213693952	8646911284551352/576460752303423488
76	portfolio-pct	-6598686489419776/9444732965739290427392	5764607523034235/576460752303423488
76	sorry-count-norm	0/202402253307310618352495346718917307049556649764142118356901358027430339567995346891960383701437124495187077864316811911389808737385793476867013399940738509921517424276566361364466907742093216341239767678472745068562007483424692698618103355649159556340810056512358769552333414615230502532186327508646006263307707741093494784	5764607523034235/576460752303423488
76	stack-pct	4949014866821120/4722366482869645213696	5764607523034235/576460752303423488
76	support-coverage	0/202402253307310618352495346718917307049556649764142118356901358027430339567995346891960383701437124495187077864316811911389808737385793476867013399940738509921517424276566361364466907742093216341239767678472745068562007483424692698618103355649159556340810056512358769552333414615230502532186327508646006263307707741093494784	5764607523034235/576460752303423488
76	ticks-firing-ratio	0/202402253307310618352495346718917307049556649764142118356901358027430339567995346891960383701437124495187077864316811911389808737385793476867013399940738509921517424276566361364466907742093216341239767678472745068562007483424692698618103355649159556340810056512358769552333414615230502532186327508646006263307707741093494784	5764607523034235/576460752303423488
77	active-repo-ratio	0/202402253307310618352495346718917307049556649764142118356901358027430339567995346891960383701437124495187077864316811911389808737385793476867013399940738509921517424276566361364466907742093216341239767678472745068562007483424692698618103355649159556340810056512358769552333414615230502532186327508646006263307707741093494784	5764607523034235/576460752303423488
77	annotation-health	0/202402253307310618352495346718917307049556649764142118356901358027430339567995346891960383701437124495187077864316811911389808737385793476867013399940738509921517424276566361364466907742093216341239767678472745068562007483424692698618103355649159556340810056512358769552333414615230502532186327508646006263307707741093494784	5764607523034235/576460752303423488
77	attack-coverage	0/202402253307310618352495346718917307049556649764142118356901358027430339567995346891960383701437124495187077864316811911389808737385793476867013399940738509921517424276566361364466907742093216341239767678472745068562007483424692698618103355649159556340810056512358769552333414615230502532186327508646006263307707741093494784	5764607523034235/576460752303423488
77	consulting-pct	0/202402253307310618352495346718917307049556649764142118356901358027430339567995346891960383701437124495187077864316811911389808737385793476867013399940738509921517424276566361364466907742093216341239767678472745068562007483424692698618103355649159556340810056512358769552333414615230502532186327508646006263307707741093494784	5764607523034235/576460752303423488
77	coupling-density	0/202402253307310618352495346718917307049556649764142118356901358027430339567995346891960383701437124495187077864316811911389808737385793476867013399940738509921517424276566361364466907742093216341239767678472745068562007483424692698618103355649159556340810056512358769552333414615230502532186327508646006263307707741093494784	5764607523034235/576460752303423488
77	depositing-signal	0/202402253307310618352495346718917307049556649764142118356901358027430339567995346891960383701437124495187077864316811911389808737385793476867013399940738509921517424276566361364466907742093216341239767678472745068562007483424692698618103355649159556340810056512358769552333414615230502532186327508646006263307707741093494784	5764607523034235/576460752303423488
77	loop-health	6362720025837568/18446744073709551616	5764607523034235/576460752303423488
77	mathematics-pct	-6598686489419776/18889465931478580854784	5764607523034235/576460752303423488
77	mission-health	-8301034833169296/2305843009213693952	8646911284551352/576460752303423488
77	portfolio-pct	-6598686489419776/9444732965739290427392	5764607523034235/576460752303423488
77	sorry-count-norm	0/202402253307310618352495346718917307049556649764142118356901358027430339567995346891960383701437124495187077864316811911389808737385793476867013399940738509921517424276566361364466907742093216341239767678472745068562007483424692698618103355649159556340810056512358769552333414615230502532186327508646006263307707741093494784	5764607523034235/576460752303423488
77	stack-pct	4949014866821120/4722366482869645213696	5764607523034235/576460752303423488
77	support-coverage	0/202402253307310618352495346718917307049556649764142118356901358027430339567995346891960383701437124495187077864316811911389808737385793476867013399940738509921517424276566361364466907742093216341239767678472745068562007483424692698618103355649159556340810056512358769552333414615230502532186327508646006263307707741093494784	5764607523034235/576460752303423488
77	ticks-firing-ratio	0/202402253307310618352495346718917307049556649764142118356901358027430339567995346891960383701437124495187077864316811911389808737385793476867013399940738509921517424276566361364466907742093216341239767678472745068562007483424692698618103355649159556340810056512358769552333414615230502532186327508646006263307707741093494784	5764607523034235/576460752303423488
78	active-repo-ratio	0/202402253307310618352495346718917307049556649764142118356901358027430339567995346891960383701437124495187077864316811911389808737385793476867013399940738509921517424276566361364466907742093216341239767678472745068562007483424692698618103355649159556340810056512358769552333414615230502532186327508646006263307707741093494784	5764607523034235/576460752303423488
78	annotation-health	0/202402253307310618352495346718917307049556649764142118356901358027430339567995346891960383701437124495187077864316811911389808737385793476867013399940738509921517424276566361364466907742093216341239767678472745068562007483424692698618103355649159556340810056512358769552333414615230502532186327508646006263307707741093494784	5764607523034235/576460752303423488
78	attack-coverage	0/202402253307310618352495346718917307049556649764142118356901358027430339567995346891960383701437124495187077864316811911389808737385793476867013399940738509921517424276566361364466907742093216341239767678472745068562007483424692698618103355649159556340810056512358769552333414615230502532186327508646006263307707741093494784	5764607523034235/576460752303423488
78	consulting-pct	0/202402253307310618352495346718917307049556649764142118356901358027430339567995346891960383701437124495187077864316811911389808737385793476867013399940738509921517424276566361364466907742093216341239767678472745068562007483424692698618103355649159556340810056512358769552333414615230502532186327508646006263307707741093494784	5764607523034235/576460752303423488
78	coupling-density	0/202402253307310618352495346718917307049556649764142118356901358027430339567995346891960383701437124495187077864316811911389808737385793476867013399940738509921517424276566361364466907742093216341239767678472745068562007483424692698618103355649159556340810056512358769552333414615230502532186327508646006263307707741093494784	5764607523034235/576460752303423488
78	depositing-signal	0/202402253307310618352495346718917307049556649764142118356901358027430339567995346891960383701437124495187077864316811911389808737385793476867013399940738509921517424276566361364466907742093216341239767678472745068562007483424692698618103355649159556340810056512358769552333414615230502532186327508646006263307707741093494784	5764607523034235/576460752303423488
78	loop-health	6362720025837568/18446744073709551616	5764607523034235/576460752303423488
78	mathematics-pct	-6598686489419776/18889465931478580854784	5764607523034235/576460752303423488
78	mission-health	-8301034833169296/2305843009213693952	8646911284551352/576460752303423488
78	portfolio-pct	-6598686489419776/9444732965739290427392	5764607523034235/576460752303423488
78	sorry-count-norm	0/202402253307310618352495346718917307049556649764142118356901358027430339567995346891960383701437124495187077864316811911389808737385793476867013399940738509921517424276566361364466907742093216341239767678472745068562007483424692698618103355649159556340810056512358769552333414615230502532186327508646006263307707741093494784	5764607523034235/576460752303423488
78	stack-pct	4949014866821120/4722366482869645213696	5764607523034235/576460752303423488
78	support-coverage	0/202402253307310618352495346718917307049556649764142118356901358027430339567995346891960383701437124495187077864316811911389808737385793476867013399940738509921517424276566361364466907742093216341239767678472745068562007483424692698618103355649159556340810056512358769552333414615230502532186327508646006263307707741093494784	5764607523034235/576460752303423488
78	ticks-firing-ratio	0/202402253307310618352495346718917307049556649764142118356901358027430339567995346891960383701437124495187077864316811911389808737385793476867013399940738509921517424276566361364466907742093216341239767678472745068562007483424692698618103355649159556340810056512358769552333414615230502532186327508646006263307707741093494784	5764607523034235/576460752303423488
79	active-repo-ratio	0/202402253307310618352495346718917307049556649764142118356901358027430339567995346891960383701437124495187077864316811911389808737385793476867013399940738509921517424276566361364466907742093216341239767678472745068562007483424692698618103355649159556340810056512358769552333414615230502532186327508646006263307707741093494784	5764607523034235/576460752303423488
79	annotation-health	0/202402253307310618352495346718917307049556649764142118356901358027430339567995346891960383701437124495187077864316811911389808737385793476867013399940738509921517424276566361364466907742093216341239767678472745068562007483424692698618103355649159556340810056512358769552333414615230502532186327508646006263307707741093494784	5764607523034235/576460752303423488
79	attack-coverage	0/202402253307310618352495346718917307049556649764142118356901358027430339567995346891960383701437124495187077864316811911389808737385793476867013399940738509921517424276566361364466907742093216341239767678472745068562007483424692698618103355649159556340810056512358769552333414615230502532186327508646006263307707741093494784	5764607523034235/576460752303423488
79	consulting-pct	0/202402253307310618352495346718917307049556649764142118356901358027430339567995346891960383701437124495187077864316811911389808737385793476867013399940738509921517424276566361364466907742093216341239767678472745068562007483424692698618103355649159556340810056512358769552333414615230502532186327508646006263307707741093494784	5764607523034235/576460752303423488
79	coupling-density	0/202402253307310618352495346718917307049556649764142118356901358027430339567995346891960383701437124495187077864316811911389808737385793476867013399940738509921517424276566361364466907742093216341239767678472745068562007483424692698618103355649159556340810056512358769552333414615230502532186327508646006263307707741093494784	5764607523034235/576460752303423488
79	depositing-signal	0/202402253307310618352495346718917307049556649764142118356901358027430339567995346891960383701437124495187077864316811911389808737385793476867013399940738509921517424276566361364466907742093216341239767678472745068562007483424692698618103355649159556340810056512358769552333414615230502532186327508646006263307707741093494784	5764607523034235/576460752303423488
79	loop-health	6362720025837568/18446744073709551616	5764607523034235/576460752303423488
79	mathematics-pct	-6598686489419776/18889465931478580854784	5764607523034235/576460752303423488
79	mission-health	-8301034833169296/2305843009213693952	8646911284551352/576460752303423488
79	portfolio-pct	-6598686489419776/9444732965739290427392	5764607523034235/576460752303423488
79	sorry-count-norm	0/202402253307310618352495346718917307049556649764142118356901358027430339567995346891960383701437124495187077864316811911389808737385793476867013399940738509921517424276566361364466907742093216341239767678472745068562007483424692698618103355649159556340810056512358769552333414615230502532186327508646006263307707741093494784	5764607523034235/576460752303423488
79	stack-pct	4949014866821120/4722366482869645213696	5764607523034235/576460752303423488
79	support-coverage	0/202402253307310618352495346718917307049556649764142118356901358027430339567995346891960383701437124495187077864316811911389808737385793476867013399940738509921517424276566361364466907742093216341239767678472745068562007483424692698618103355649159556340810056512358769552333414615230502532186327508646006263307707741093494784	5764607523034235/576460752303423488
79	ticks-firing-ratio	0/202402253307310618352495346718917307049556649764142118356901358027430339567995346891960383701437124495187077864316811911389808737385793476867013399940738509921517424276566361364466907742093216341239767678472745068562007483424692698618103355649159556340810056512358769552333414615230502532186327508646006263307707741093494784	5764607523034235/576460752303423488
80	active-repo-ratio	0/202402253307310618352495346718917307049556649764142118356901358027430339567995346891960383701437124495187077864316811911389808737385793476867013399940738509921517424276566361364466907742093216341239767678472745068562007483424692698618103355649159556340810056512358769552333414615230502532186327508646006263307707741093494784	5764607523034235/576460752303423488
80	annotation-health	0/202402253307310618352495346718917307049556649764142118356901358027430339567995346891960383701437124495187077864316811911389808737385793476867013399940738509921517424276566361364466907742093216341239767678472745068562007483424692698618103355649159556340810056512358769552333414615230502532186327508646006263307707741093494784	5764607523034235/576460752303423488
80	attack-coverage	0/202402253307310618352495346718917307049556649764142118356901358027430339567995346891960383701437124495187077864316811911389808737385793476867013399940738509921517424276566361364466907742093216341239767678472745068562007483424692698618103355649159556340810056512358769552333414615230502532186327508646006263307707741093494784	5764607523034235/576460752303423488
80	consulting-pct	0/202402253307310618352495346718917307049556649764142118356901358027430339567995346891960383701437124495187077864316811911389808737385793476867013399940738509921517424276566361364466907742093216341239767678472745068562007483424692698618103355649159556340810056512358769552333414615230502532186327508646006263307707741093494784	5764607523034235/576460752303423488
80	coupling-density	0/202402253307310618352495346718917307049556649764142118356901358027430339567995346891960383701437124495187077864316811911389808737385793476867013399940738509921517424276566361364466907742093216341239767678472745068562007483424692698618103355649159556340810056512358769552333414615230502532186327508646006263307707741093494784	5764607523034235/576460752303423488
80	depositing-signal	0/202402253307310618352495346718917307049556649764142118356901358027430339567995346891960383701437124495187077864316811911389808737385793476867013399940738509921517424276566361364466907742093216341239767678472745068562007483424692698618103355649159556340810056512358769552333414615230502532186327508646006263307707741093494784	5764607523034235/576460752303423488
80	loop-health	6362720025837568/18446744073709551616	5764607523034235/576460752303423488
80	mathematics-pct	-6598686489419776/18889465931478580854784	5764607523034235/576460752303423488
80	mission-health	-8301034833169296/2305843009213693952	8646911284551352/576460752303423488
80	portfolio-pct	-6598686489419776/9444732965739290427392	5764607523034235/576460752303423488
80	sorry-count-norm	0/202402253307310618352495346718917307049556649764142118356901358027430339567995346891960383701437124495187077864316811911389808737385793476867013399940738509921517424276566361364466907742093216341239767678472745068562007483424692698618103355649159556340810056512358769552333414615230502532186327508646006263307707741093494784	5764607523034235/576460752303423488
80	stack-pct	4949014866821120/4722366482869645213696	5764607523034235/576460752303423488
80	support-coverage	0/202402253307310618352495346718917307049556649764142118356901358027430339567995346891960383701437124495187077864316811911389808737385793476867013399940738509921517424276566361364466907742093216341239767678472745068562007483424692698618103355649159556340810056512358769552333414615230502532186327508646006263307707741093494784	5764607523034235/576460752303423488
80	ticks-firing-ratio	0/202402253307310618352495346718917307049556649764142118356901358027430339567995346891960383701437124495187077864316811911389808737385793476867013399940738509921517424276566361364466907742093216341239767678472745068562007483424692698618103355649159556340810056512358769552333414615230502532186327508646006263307707741093494784	5764607523034235/576460752303423488
81	active-repo-ratio	0/202402253307310618352495346718917307049556649764142118356901358027430339567995346891960383701437124495187077864316811911389808737385793476867013399940738509921517424276566361364466907742093216341239767678472745068562007483424692698618103355649159556340810056512358769552333414615230502532186327508646006263307707741093494784	5764607523034235/576460752303423488
81	annotation-health	0/202402253307310618352495346718917307049556649764142118356901358027430339567995346891960383701437124495187077864316811911389808737385793476867013399940738509921517424276566361364466907742093216341239767678472745068562007483424692698618103355649159556340810056512358769552333414615230502532186327508646006263307707741093494784	5764607523034235/576460752303423488
81	attack-coverage	0/202402253307310618352495346718917307049556649764142118356901358027430339567995346891960383701437124495187077864316811911389808737385793476867013399940738509921517424276566361364466907742093216341239767678472745068562007483424692698618103355649159556340810056512358769552333414615230502532186327508646006263307707741093494784	5764607523034235/576460752303423488
81	consulting-pct	0/202402253307310618352495346718917307049556649764142118356901358027430339567995346891960383701437124495187077864316811911389808737385793476867013399940738509921517424276566361364466907742093216341239767678472745068562007483424692698618103355649159556340810056512358769552333414615230502532186327508646006263307707741093494784	5764607523034235/576460752303423488
81	coupling-density	0/202402253307310618352495346718917307049556649764142118356901358027430339567995346891960383701437124495187077864316811911389808737385793476867013399940738509921517424276566361364466907742093216341239767678472745068562007483424692698618103355649159556340810056512358769552333414615230502532186327508646006263307707741093494784	5764607523034235/576460752303423488
81	depositing-signal	0/202402253307310618352495346718917307049556649764142118356901358027430339567995346891960383701437124495187077864316811911389808737385793476867013399940738509921517424276566361364466907742093216341239767678472745068562007483424692698618103355649159556340810056512358769552333414615230502532186327508646006263307707741093494784	5764607523034235/576460752303423488
81	loop-health	6362720025837568/18446744073709551616	5764607523034235/576460752303423488
81	mathematics-pct	-6598686489419776/18889465931478580854784	5764607523034235/576460752303423488
81	mission-health	-8301034833169296/2305843009213693952	8646911284551352/576460752303423488
81	portfolio-pct	-6598686489419776/9444732965739290427392	5764607523034235/576460752303423488
81	sorry-count-norm	0/202402253307310618352495346718917307049556649764142118356901358027430339567995346891960383701437124495187077864316811911389808737385793476867013399940738509921517424276566361364466907742093216341239767678472745068562007483424692698618103355649159556340810056512358769552333414615230502532186327508646006263307707741093494784	5764607523034235/576460752303423488
81	stack-pct	4949014866821120/4722366482869645213696	5764607523034235/576460752303423488
81	support-coverage	0/202402253307310618352495346718917307049556649764142118356901358027430339567995346891960383701437124495187077864316811911389808737385793476867013399940738509921517424276566361364466907742093216341239767678472745068562007483424692698618103355649159556340810056512358769552333414615230502532186327508646006263307707741093494784	5764607523034235/576460752303423488
81	ticks-firing-ratio	0/202402253307310618352495346718917307049556649764142118356901358027430339567995346891960383701437124495187077864316811911389808737385793476867013399940738509921517424276566361364466907742093216341239767678472745068562007483424692698618103355649159556340810056512358769552333414615230502532186327508646006263307707741093494784	5764607523034235/576460752303423488
82	active-repo-ratio	0/202402253307310618352495346718917307049556649764142118356901358027430339567995346891960383701437124495187077864316811911389808737385793476867013399940738509921517424276566361364466907742093216341239767678472745068562007483424692698618103355649159556340810056512358769552333414615230502532186327508646006263307707741093494784	5764607523034235/576460752303423488
82	annotation-health	0/202402253307310618352495346718917307049556649764142118356901358027430339567995346891960383701437124495187077864316811911389808737385793476867013399940738509921517424276566361364466907742093216341239767678472745068562007483424692698618103355649159556340810056512358769552333414615230502532186327508646006263307707741093494784	5764607523034235/576460752303423488
82	attack-coverage	0/202402253307310618352495346718917307049556649764142118356901358027430339567995346891960383701437124495187077864316811911389808737385793476867013399940738509921517424276566361364466907742093216341239767678472745068562007483424692698618103355649159556340810056512358769552333414615230502532186327508646006263307707741093494784	5764607523034235/576460752303423488
82	consulting-pct	0/202402253307310618352495346718917307049556649764142118356901358027430339567995346891960383701437124495187077864316811911389808737385793476867013399940738509921517424276566361364466907742093216341239767678472745068562007483424692698618103355649159556340810056512358769552333414615230502532186327508646006263307707741093494784	5764607523034235/576460752303423488
82	coupling-density	0/202402253307310618352495346718917307049556649764142118356901358027430339567995346891960383701437124495187077864316811911389808737385793476867013399940738509921517424276566361364466907742093216341239767678472745068562007483424692698618103355649159556340810056512358769552333414615230502532186327508646006263307707741093494784	5764607523034235/576460752303423488
82	depositing-signal	0/202402253307310618352495346718917307049556649764142118356901358027430339567995346891960383701437124495187077864316811911389808737385793476867013399940738509921517424276566361364466907742093216341239767678472745068562007483424692698618103355649159556340810056512358769552333414615230502532186327508646006263307707741093494784	5764607523034235/576460752303423488
82	loop-health	6362720025837568/18446744073709551616	5764607523034235/576460752303423488
82	mathematics-pct	-6598686489419776/18889465931478580854784	5764607523034235/576460752303423488
82	mission-health	-8301034833169296/2305843009213693952	8646911284551352/576460752303423488
82	portfolio-pct	-6598686489419776/9444732965739290427392	5764607523034235/576460752303423488
82	sorry-count-norm	0/202402253307310618352495346718917307049556649764142118356901358027430339567995346891960383701437124495187077864316811911389808737385793476867013399940738509921517424276566361364466907742093216341239767678472745068562007483424692698618103355649159556340810056512358769552333414615230502532186327508646006263307707741093494784	5764607523034235/576460752303423488
82	stack-pct	4949014866821120/4722366482869645213696	5764607523034235/576460752303423488
82	support-coverage	0/202402253307310618352495346718917307049556649764142118356901358027430339567995346891960383701437124495187077864316811911389808737385793476867013399940738509921517424276566361364466907742093216341239767678472745068562007483424692698618103355649159556340810056512358769552333414615230502532186327508646006263307707741093494784	5764607523034235/576460752303423488
82	ticks-firing-ratio	0/202402253307310618352495346718917307049556649764142118356901358027430339567995346891960383701437124495187077864316811911389808737385793476867013399940738509921517424276566361364466907742093216341239767678472745068562007483424692698618103355649159556340810056512358769552333414615230502532186327508646006263307707741093494784	5764607523034235/576460752303423488
83	active-repo-ratio	0/202402253307310618352495346718917307049556649764142118356901358027430339567995346891960383701437124495187077864316811911389808737385793476867013399940738509921517424276566361364466907742093216341239767678472745068562007483424692698618103355649159556340810056512358769552333414615230502532186327508646006263307707741093494784	5764607523034235/576460752303423488
83	annotation-health	0/202402253307310618352495346718917307049556649764142118356901358027430339567995346891960383701437124495187077864316811911389808737385793476867013399940738509921517424276566361364466907742093216341239767678472745068562007483424692698618103355649159556340810056512358769552333414615230502532186327508646006263307707741093494784	5764607523034235/576460752303423488
83	attack-coverage	0/202402253307310618352495346718917307049556649764142118356901358027430339567995346891960383701437124495187077864316811911389808737385793476867013399940738509921517424276566361364466907742093216341239767678472745068562007483424692698618103355649159556340810056512358769552333414615230502532186327508646006263307707741093494784	5764607523034235/576460752303423488
83	consulting-pct	0/202402253307310618352495346718917307049556649764142118356901358027430339567995346891960383701437124495187077864316811911389808737385793476867013399940738509921517424276566361364466907742093216341239767678472745068562007483424692698618103355649159556340810056512358769552333414615230502532186327508646006263307707741093494784	5764607523034235/576460752303423488
83	coupling-density	0/202402253307310618352495346718917307049556649764142118356901358027430339567995346891960383701437124495187077864316811911389808737385793476867013399940738509921517424276566361364466907742093216341239767678472745068562007483424692698618103355649159556340810056512358769552333414615230502532186327508646006263307707741093494784	5764607523034235/576460752303423488
83	depositing-signal	0/202402253307310618352495346718917307049556649764142118356901358027430339567995346891960383701437124495187077864316811911389808737385793476867013399940738509921517424276566361364466907742093216341239767678472745068562007483424692698618103355649159556340810056512358769552333414615230502532186327508646006263307707741093494784	5764607523034235/576460752303423488
83	loop-health	6362720025837568/18446744073709551616	5764607523034235/576460752303423488
83	mathematics-pct	-6598686489419776/18889465931478580854784	5764607523034235/576460752303423488
83	mission-health	-8301034833169296/2305843009213693952	8646911284551352/576460752303423488
83	portfolio-pct	-6598686489419776/9444732965739290427392	5764607523034235/576460752303423488
83	sorry-count-norm	0/202402253307310618352495346718917307049556649764142118356901358027430339567995346891960383701437124495187077864316811911389808737385793476867013399940738509921517424276566361364466907742093216341239767678472745068562007483424692698618103355649159556340810056512358769552333414615230502532186327508646006263307707741093494784	5764607523034235/576460752303423488
83	stack-pct	4949014866821120/4722366482869645213696	5764607523034235/576460752303423488
83	support-coverage	0/202402253307310618352495346718917307049556649764142118356901358027430339567995346891960383701437124495187077864316811911389808737385793476867013399940738509921517424276566361364466907742093216341239767678472745068562007483424692698618103355649159556340810056512358769552333414615230502532186327508646006263307707741093494784	5764607523034235/576460752303423488
83	ticks-firing-ratio	0/202402253307310618352495346718917307049556649764142118356901358027430339567995346891960383701437124495187077864316811911389808737385793476867013399940738509921517424276566361364466907742093216341239767678472745068562007483424692698618103355649159556340810056512358769552333414615230502532186327508646006263307707741093494784	5764607523034235/576460752303423488
84	active-repo-ratio	0/202402253307310618352495346718917307049556649764142118356901358027430339567995346891960383701437124495187077864316811911389808737385793476867013399940738509921517424276566361364466907742093216341239767678472745068562007483424692698618103355649159556340810056512358769552333414615230502532186327508646006263307707741093494784	5764607523034235/576460752303423488
84	annotation-health	0/202402253307310618352495346718917307049556649764142118356901358027430339567995346891960383701437124495187077864316811911389808737385793476867013399940738509921517424276566361364466907742093216341239767678472745068562007483424692698618103355649159556340810056512358769552333414615230502532186327508646006263307707741093494784	5764607523034235/576460752303423488
84	attack-coverage	0/202402253307310618352495346718917307049556649764142118356901358027430339567995346891960383701437124495187077864316811911389808737385793476867013399940738509921517424276566361364466907742093216341239767678472745068562007483424692698618103355649159556340810056512358769552333414615230502532186327508646006263307707741093494784	5764607523034235/576460752303423488
84	consulting-pct	0/202402253307310618352495346718917307049556649764142118356901358027430339567995346891960383701437124495187077864316811911389808737385793476867013399940738509921517424276566361364466907742093216341239767678472745068562007483424692698618103355649159556340810056512358769552333414615230502532186327508646006263307707741093494784	5764607523034235/576460752303423488
84	coupling-density	0/202402253307310618352495346718917307049556649764142118356901358027430339567995346891960383701437124495187077864316811911389808737385793476867013399940738509921517424276566361364466907742093216341239767678472745068562007483424692698618103355649159556340810056512358769552333414615230502532186327508646006263307707741093494784	5764607523034235/576460752303423488
84	depositing-signal	0/202402253307310618352495346718917307049556649764142118356901358027430339567995346891960383701437124495187077864316811911389808737385793476867013399940738509921517424276566361364466907742093216341239767678472745068562007483424692698618103355649159556340810056512358769552333414615230502532186327508646006263307707741093494784	5764607523034235/576460752303423488
84	loop-health	6362720025837568/18446744073709551616	5764607523034235/576460752303423488
84	mathematics-pct	-6598686489419776/18889465931478580854784	5764607523034235/576460752303423488
84	mission-health	-8301034833169296/2305843009213693952	8646911284551352/576460752303423488
84	portfolio-pct	-6598686489419776/9444732965739290427392	5764607523034235/576460752303423488
84	sorry-count-norm	0/202402253307310618352495346718917307049556649764142118356901358027430339567995346891960383701437124495187077864316811911389808737385793476867013399940738509921517424276566361364466907742093216341239767678472745068562007483424692698618103355649159556340810056512358769552333414615230502532186327508646006263307707741093494784	5764607523034235/576460752303423488
84	stack-pct	4949014866821120/4722366482869645213696	5764607523034235/576460752303423488
84	support-coverage	0/202402253307310618352495346718917307049556649764142118356901358027430339567995346891960383701437124495187077864316811911389808737385793476867013399940738509921517424276566361364466907742093216341239767678472745068562007483424692698618103355649159556340810056512358769552333414615230502532186327508646006263307707741093494784	5764607523034235/576460752303423488
84	ticks-firing-ratio	0/202402253307310618352495346718917307049556649764142118356901358027430339567995346891960383701437124495187077864316811911389808737385793476867013399940738509921517424276566361364466907742093216341239767678472745068562007483424692698618103355649159556340810056512358769552333414615230502532186327508646006263307707741093494784	5764607523034235/576460752303423488
85	active-repo-ratio	0/202402253307310618352495346718917307049556649764142118356901358027430339567995346891960383701437124495187077864316811911389808737385793476867013399940738509921517424276566361364466907742093216341239767678472745068562007483424692698618103355649159556340810056512358769552333414615230502532186327508646006263307707741093494784	5764607523034235/576460752303423488
85	annotation-health	0/202402253307310618352495346718917307049556649764142118356901358027430339567995346891960383701437124495187077864316811911389808737385793476867013399940738509921517424276566361364466907742093216341239767678472745068562007483424692698618103355649159556340810056512358769552333414615230502532186327508646006263307707741093494784	5764607523034235/576460752303423488
85	attack-coverage	0/202402253307310618352495346718917307049556649764142118356901358027430339567995346891960383701437124495187077864316811911389808737385793476867013399940738509921517424276566361364466907742093216341239767678472745068562007483424692698618103355649159556340810056512358769552333414615230502532186327508646006263307707741093494784	5764607523034235/576460752303423488
85	consulting-pct	0/202402253307310618352495346718917307049556649764142118356901358027430339567995346891960383701437124495187077864316811911389808737385793476867013399940738509921517424276566361364466907742093216341239767678472745068562007483424692698618103355649159556340810056512358769552333414615230502532186327508646006263307707741093494784	5764607523034235/576460752303423488
85	coupling-density	0/202402253307310618352495346718917307049556649764142118356901358027430339567995346891960383701437124495187077864316811911389808737385793476867013399940738509921517424276566361364466907742093216341239767678472745068562007483424692698618103355649159556340810056512358769552333414615230502532186327508646006263307707741093494784	5764607523034235/576460752303423488
85	depositing-signal	0/202402253307310618352495346718917307049556649764142118356901358027430339567995346891960383701437124495187077864316811911389808737385793476867013399940738509921517424276566361364466907742093216341239767678472745068562007483424692698618103355649159556340810056512358769552333414615230502532186327508646006263307707741093494784	5764607523034235/576460752303423488
85	loop-health	6362720025837568/18446744073709551616	5764607523034235/576460752303423488
85	mathematics-pct	-6598686489419776/18889465931478580854784	5764607523034235/576460752303423488
85	mission-health	-8301034833169296/2305843009213693952	8646911284551352/576460752303423488
85	portfolio-pct	-6598686489419776/9444732965739290427392	5764607523034235/576460752303423488
85	sorry-count-norm	0/202402253307310618352495346718917307049556649764142118356901358027430339567995346891960383701437124495187077864316811911389808737385793476867013399940738509921517424276566361364466907742093216341239767678472745068562007483424692698618103355649159556340810056512358769552333414615230502532186327508646006263307707741093494784	5764607523034235/576460752303423488
85	stack-pct	4949014866821120/4722366482869645213696	5764607523034235/576460752303423488
85	support-coverage	0/202402253307310618352495346718917307049556649764142118356901358027430339567995346891960383701437124495187077864316811911389808737385793476867013399940738509921517424276566361364466907742093216341239767678472745068562007483424692698618103355649159556340810056512358769552333414615230502532186327508646006263307707741093494784	5764607523034235/576460752303423488
85	ticks-firing-ratio	0/202402253307310618352495346718917307049556649764142118356901358027430339567995346891960383701437124495187077864316811911389808737385793476867013399940738509921517424276566361364466907742093216341239767678472745068562007483424692698618103355649159556340810056512358769552333414615230502532186327508646006263307707741093494784	5764607523034235/576460752303423488
86	active-repo-ratio	0/202402253307310618352495346718917307049556649764142118356901358027430339567995346891960383701437124495187077864316811911389808737385793476867013399940738509921517424276566361364466907742093216341239767678472745068562007483424692698618103355649159556340810056512358769552333414615230502532186327508646006263307707741093494784	5764607523034235/576460752303423488
86	annotation-health	0/202402253307310618352495346718917307049556649764142118356901358027430339567995346891960383701437124495187077864316811911389808737385793476867013399940738509921517424276566361364466907742093216341239767678472745068562007483424692698618103355649159556340810056512358769552333414615230502532186327508646006263307707741093494784	5764607523034235/576460752303423488
86	attack-coverage	0/202402253307310618352495346718917307049556649764142118356901358027430339567995346891960383701437124495187077864316811911389808737385793476867013399940738509921517424276566361364466907742093216341239767678472745068562007483424692698618103355649159556340810056512358769552333414615230502532186327508646006263307707741093494784	5764607523034235/576460752303423488
86	consulting-pct	0/202402253307310618352495346718917307049556649764142118356901358027430339567995346891960383701437124495187077864316811911389808737385793476867013399940738509921517424276566361364466907742093216341239767678472745068562007483424692698618103355649159556340810056512358769552333414615230502532186327508646006263307707741093494784	5764607523034235/576460752303423488
86	coupling-density	0/202402253307310618352495346718917307049556649764142118356901358027430339567995346891960383701437124495187077864316811911389808737385793476867013399940738509921517424276566361364466907742093216341239767678472745068562007483424692698618103355649159556340810056512358769552333414615230502532186327508646006263307707741093494784	5764607523034235/576460752303423488
86	depositing-signal	0/202402253307310618352495346718917307049556649764142118356901358027430339567995346891960383701437124495187077864316811911389808737385793476867013399940738509921517424276566361364466907742093216341239767678472745068562007483424692698618103355649159556340810056512358769552333414615230502532186327508646006263307707741093494784	5764607523034235/576460752303423488
86	loop-health	6362720025837568/18446744073709551616	5764607523034235/576460752303423488
86	mathematics-pct	-6598686489419776/18889465931478580854784	5764607523034235/576460752303423488
86	mission-health	-8301034833169296/2305843009213693952	8646911284551352/576460752303423488
86	portfolio-pct	-6598686489419776/9444732965739290427392	5764607523034235/576460752303423488
86	sorry-count-norm	0/202402253307310618352495346718917307049556649764142118356901358027430339567995346891960383701437124495187077864316811911389808737385793476867013399940738509921517424276566361364466907742093216341239767678472745068562007483424692698618103355649159556340810056512358769552333414615230502532186327508646006263307707741093494784	5764607523034235/576460752303423488
86	stack-pct	4949014866821120/4722366482869645213696	5764607523034235/576460752303423488
86	support-coverage	0/202402253307310618352495346718917307049556649764142118356901358027430339567995346891960383701437124495187077864316811911389808737385793476867013399940738509921517424276566361364466907742093216341239767678472745068562007483424692698618103355649159556340810056512358769552333414615230502532186327508646006263307707741093494784	5764607523034235/576460752303423488
86	ticks-firing-ratio	0/202402253307310618352495346718917307049556649764142118356901358027430339567995346891960383701437124495187077864316811911389808737385793476867013399940738509921517424276566361364466907742093216341239767678472745068562007483424692698618103355649159556340810056512358769552333414615230502532186327508646006263307707741093494784	5764607523034235/576460752303423488
87	active-repo-ratio	0/202402253307310618352495346718917307049556649764142118356901358027430339567995346891960383701437124495187077864316811911389808737385793476867013399940738509921517424276566361364466907742093216341239767678472745068562007483424692698618103355649159556340810056512358769552333414615230502532186327508646006263307707741093494784	5764607523034235/576460752303423488
87	annotation-health	0/202402253307310618352495346718917307049556649764142118356901358027430339567995346891960383701437124495187077864316811911389808737385793476867013399940738509921517424276566361364466907742093216341239767678472745068562007483424692698618103355649159556340810056512358769552333414615230502532186327508646006263307707741093494784	5764607523034235/576460752303423488
87	attack-coverage	0/202402253307310618352495346718917307049556649764142118356901358027430339567995346891960383701437124495187077864316811911389808737385793476867013399940738509921517424276566361364466907742093216341239767678472745068562007483424692698618103355649159556340810056512358769552333414615230502532186327508646006263307707741093494784	5764607523034235/576460752303423488
87	consulting-pct	0/202402253307310618352495346718917307049556649764142118356901358027430339567995346891960383701437124495187077864316811911389808737385793476867013399940738509921517424276566361364466907742093216341239767678472745068562007483424692698618103355649159556340810056512358769552333414615230502532186327508646006263307707741093494784	5764607523034235/576460752303423488
87	coupling-density	0/202402253307310618352495346718917307049556649764142118356901358027430339567995346891960383701437124495187077864316811911389808737385793476867013399940738509921517424276566361364466907742093216341239767678472745068562007483424692698618103355649159556340810056512358769552333414615230502532186327508646006263307707741093494784	5764607523034235/576460752303423488
87	depositing-signal	0/202402253307310618352495346718917307049556649764142118356901358027430339567995346891960383701437124495187077864316811911389808737385793476867013399940738509921517424276566361364466907742093216341239767678472745068562007483424692698618103355649159556340810056512358769552333414615230502532186327508646006263307707741093494784	5764607523034235/576460752303423488
87	loop-health	6362720025837568/18446744073709551616	5764607523034235/576460752303423488
87	mathematics-pct	-6598686489419776/18889465931478580854784	5764607523034235/576460752303423488
87	mission-health	-8301034833169296/2305843009213693952	8646911284551352/576460752303423488
87	portfolio-pct	-6598686489419776/9444732965739290427392	5764607523034235/576460752303423488
87	sorry-count-norm	0/202402253307310618352495346718917307049556649764142118356901358027430339567995346891960383701437124495187077864316811911389808737385793476867013399940738509921517424276566361364466907742093216341239767678472745068562007483424692698618103355649159556340810056512358769552333414615230502532186327508646006263307707741093494784	5764607523034235/576460752303423488
87	stack-pct	4949014866821120/4722366482869645213696	5764607523034235/576460752303423488
87	support-coverage	0/202402253307310618352495346718917307049556649764142118356901358027430339567995346891960383701437124495187077864316811911389808737385793476867013399940738509921517424276566361364466907742093216341239767678472745068562007483424692698618103355649159556340810056512358769552333414615230502532186327508646006263307707741093494784	5764607523034235/576460752303423488
87	ticks-firing-ratio	0/202402253307310618352495346718917307049556649764142118356901358027430339567995346891960383701437124495187077864316811911389808737385793476867013399940738509921517424276566361364466907742093216341239767678472745068562007483424692698618103355649159556340810056512358769552333414615230502532186327508646006263307707741093494784	5764607523034235/576460752303423488
88	active-repo-ratio	0/202402253307310618352495346718917307049556649764142118356901358027430339567995346891960383701437124495187077864316811911389808737385793476867013399940738509921517424276566361364466907742093216341239767678472745068562007483424692698618103355649159556340810056512358769552333414615230502532186327508646006263307707741093494784	5764607523034235/576460752303423488
88	annotation-health	0/202402253307310618352495346718917307049556649764142118356901358027430339567995346891960383701437124495187077864316811911389808737385793476867013399940738509921517424276566361364466907742093216341239767678472745068562007483424692698618103355649159556340810056512358769552333414615230502532186327508646006263307707741093494784	5764607523034235/576460752303423488
88	attack-coverage	0/202402253307310618352495346718917307049556649764142118356901358027430339567995346891960383701437124495187077864316811911389808737385793476867013399940738509921517424276566361364466907742093216341239767678472745068562007483424692698618103355649159556340810056512358769552333414615230502532186327508646006263307707741093494784	5764607523034235/576460752303423488
88	consulting-pct	0/202402253307310618352495346718917307049556649764142118356901358027430339567995346891960383701437124495187077864316811911389808737385793476867013399940738509921517424276566361364466907742093216341239767678472745068562007483424692698618103355649159556340810056512358769552333414615230502532186327508646006263307707741093494784	5764607523034235/576460752303423488
88	coupling-density	0/202402253307310618352495346718917307049556649764142118356901358027430339567995346891960383701437124495187077864316811911389808737385793476867013399940738509921517424276566361364466907742093216341239767678472745068562007483424692698618103355649159556340810056512358769552333414615230502532186327508646006263307707741093494784	5764607523034235/576460752303423488
88	depositing-signal	0/202402253307310618352495346718917307049556649764142118356901358027430339567995346891960383701437124495187077864316811911389808737385793476867013399940738509921517424276566361364466907742093216341239767678472745068562007483424692698618103355649159556340810056512358769552333414615230502532186327508646006263307707741093494784	5764607523034235/576460752303423488
88	loop-health	6362720025837568/18446744073709551616	5764607523034235/576460752303423488
88	mathematics-pct	-6598686489419776/18889465931478580854784	5764607523034235/576460752303423488
88	mission-health	-8301034833169296/2305843009213693952	8646911284551352/576460752303423488
88	portfolio-pct	-6598686489419776/9444732965739290427392	5764607523034235/576460752303423488
88	sorry-count-norm	0/202402253307310618352495346718917307049556649764142118356901358027430339567995346891960383701437124495187077864316811911389808737385793476867013399940738509921517424276566361364466907742093216341239767678472745068562007483424692698618103355649159556340810056512358769552333414615230502532186327508646006263307707741093494784	5764607523034235/576460752303423488
88	stack-pct	4949014866821120/4722366482869645213696	5764607523034235/576460752303423488
88	support-coverage	0/202402253307310618352495346718917307049556649764142118356901358027430339567995346891960383701437124495187077864316811911389808737385793476867013399940738509921517424276566361364466907742093216341239767678472745068562007483424692698618103355649159556340810056512358769552333414615230502532186327508646006263307707741093494784	5764607523034235/576460752303423488
88	ticks-firing-ratio	0/202402253307310618352495346718917307049556649764142118356901358027430339567995346891960383701437124495187077864316811911389808737385793476867013399940738509921517424276566361364466907742093216341239767678472745068562007483424692698618103355649159556340810056512358769552333414615230502532186327508646006263307707741093494784	5764607523034235/576460752303423488
89	active-repo-ratio	0/202402253307310618352495346718917307049556649764142118356901358027430339567995346891960383701437124495187077864316811911389808737385793476867013399940738509921517424276566361364466907742093216341239767678472745068562007483424692698618103355649159556340810056512358769552333414615230502532186327508646006263307707741093494784	5764607523034235/576460752303423488
89	annotation-health	0/202402253307310618352495346718917307049556649764142118356901358027430339567995346891960383701437124495187077864316811911389808737385793476867013399940738509921517424276566361364466907742093216341239767678472745068562007483424692698618103355649159556340810056512358769552333414615230502532186327508646006263307707741093494784	5764607523034235/576460752303423488
89	attack-coverage	0/202402253307310618352495346718917307049556649764142118356901358027430339567995346891960383701437124495187077864316811911389808737385793476867013399940738509921517424276566361364466907742093216341239767678472745068562007483424692698618103355649159556340810056512358769552333414615230502532186327508646006263307707741093494784	5764607523034235/576460752303423488
89	consulting-pct	0/202402253307310618352495346718917307049556649764142118356901358027430339567995346891960383701437124495187077864316811911389808737385793476867013399940738509921517424276566361364466907742093216341239767678472745068562007483424692698618103355649159556340810056512358769552333414615230502532186327508646006263307707741093494784	5764607523034235/576460752303423488
89	coupling-density	0/202402253307310618352495346718917307049556649764142118356901358027430339567995346891960383701437124495187077864316811911389808737385793476867013399940738509921517424276566361364466907742093216341239767678472745068562007483424692698618103355649159556340810056512358769552333414615230502532186327508646006263307707741093494784	5764607523034235/576460752303423488
89	depositing-signal	0/202402253307310618352495346718917307049556649764142118356901358027430339567995346891960383701437124495187077864316811911389808737385793476867013399940738509921517424276566361364466907742093216341239767678472745068562007483424692698618103355649159556340810056512358769552333414615230502532186327508646006263307707741093494784	5764607523034235/576460752303423488
89	loop-health	6362720025837568/18446744073709551616	5764607523034235/576460752303423488
89	mathematics-pct	-6598686489419776/18889465931478580854784	5764607523034235/576460752303423488
89	mission-health	-8301034833169296/2305843009213693952	8646911284551352/576460752303423488
89	portfolio-pct	-6598686489419776/9444732965739290427392	5764607523034235/576460752303423488
89	sorry-count-norm	0/202402253307310618352495346718917307049556649764142118356901358027430339567995346891960383701437124495187077864316811911389808737385793476867013399940738509921517424276566361364466907742093216341239767678472745068562007483424692698618103355649159556340810056512358769552333414615230502532186327508646006263307707741093494784	5764607523034235/576460752303423488
89	stack-pct	4949014866821120/4722366482869645213696	5764607523034235/576460752303423488
89	support-coverage	0/202402253307310618352495346718917307049556649764142118356901358027430339567995346891960383701437124495187077864316811911389808737385793476867013399940738509921517424276566361364466907742093216341239767678472745068562007483424692698618103355649159556340810056512358769552333414615230502532186327508646006263307707741093494784	5764607523034235/576460752303423488
89	ticks-firing-ratio	0/202402253307310618352495346718917307049556649764142118356901358027430339567995346891960383701437124495187077864316811911389808737385793476867013399940738509921517424276566361364466907742093216341239767678472745068562007483424692698618103355649159556340810056512358769552333414615230502532186327508646006263307707741093494784	5764607523034235/576460752303423488
90	active-repo-ratio	0/202402253307310618352495346718917307049556649764142118356901358027430339567995346891960383701437124495187077864316811911389808737385793476867013399940738509921517424276566361364466907742093216341239767678472745068562007483424692698618103355649159556340810056512358769552333414615230502532186327508646006263307707741093494784	5764607523034235/576460752303423488
90	annotation-health	0/202402253307310618352495346718917307049556649764142118356901358027430339567995346891960383701437124495187077864316811911389808737385793476867013399940738509921517424276566361364466907742093216341239767678472745068562007483424692698618103355649159556340810056512358769552333414615230502532186327508646006263307707741093494784	5764607523034235/576460752303423488
90	attack-coverage	0/202402253307310618352495346718917307049556649764142118356901358027430339567995346891960383701437124495187077864316811911389808737385793476867013399940738509921517424276566361364466907742093216341239767678472745068562007483424692698618103355649159556340810056512358769552333414615230502532186327508646006263307707741093494784	5764607523034235/576460752303423488
90	consulting-pct	0/202402253307310618352495346718917307049556649764142118356901358027430339567995346891960383701437124495187077864316811911389808737385793476867013399940738509921517424276566361364466907742093216341239767678472745068562007483424692698618103355649159556340810056512358769552333414615230502532186327508646006263307707741093494784	5764607523034235/576460752303423488
90	coupling-density	0/202402253307310618352495346718917307049556649764142118356901358027430339567995346891960383701437124495187077864316811911389808737385793476867013399940738509921517424276566361364466907742093216341239767678472745068562007483424692698618103355649159556340810056512358769552333414615230502532186327508646006263307707741093494784	5764607523034235/576460752303423488
90	depositing-signal	0/202402253307310618352495346718917307049556649764142118356901358027430339567995346891960383701437124495187077864316811911389808737385793476867013399940738509921517424276566361364466907742093216341239767678472745068562007483424692698618103355649159556340810056512358769552333414615230502532186327508646006263307707741093494784	5764607523034235/576460752303423488
90	loop-health	6362720025837568/18446744073709551616	5764607523034235/576460752303423488
90	mathematics-pct	-6598686489419776/18889465931478580854784	5764607523034235/576460752303423488
90	mission-health	-8301034833169296/2305843009213693952	8646911284551352/576460752303423488
90	portfolio-pct	-6598686489419776/9444732965739290427392	5764607523034235/576460752303423488
90	sorry-count-norm	0/202402253307310618352495346718917307049556649764142118356901358027430339567995346891960383701437124495187077864316811911389808737385793476867013399940738509921517424276566361364466907742093216341239767678472745068562007483424692698618103355649159556340810056512358769552333414615230502532186327508646006263307707741093494784	5764607523034235/576460752303423488
90	stack-pct	4949014866821120/4722366482869645213696	5764607523034235/576460752303423488
90	support-coverage	0/202402253307310618352495346718917307049556649764142118356901358027430339567995346891960383701437124495187077864316811911389808737385793476867013399940738509921517424276566361364466907742093216341239767678472745068562007483424692698618103355649159556340810056512358769552333414615230502532186327508646006263307707741093494784	5764607523034235/576460752303423488
90	ticks-firing-ratio	0/202402253307310618352495346718917307049556649764142118356901358027430339567995346891960383701437124495187077864316811911389808737385793476867013399940738509921517424276566361364466907742093216341239767678472745068562007483424692698618103355649159556340810056512358769552333414615230502532186327508646006263307707741093494784	5764607523034235/576460752303423488
91	active-repo-ratio	0/202402253307310618352495346718917307049556649764142118356901358027430339567995346891960383701437124495187077864316811911389808737385793476867013399940738509921517424276566361364466907742093216341239767678472745068562007483424692698618103355649159556340810056512358769552333414615230502532186327508646006263307707741093494784	5764607523034235/576460752303423488
91	annotation-health	0/202402253307310618352495346718917307049556649764142118356901358027430339567995346891960383701437124495187077864316811911389808737385793476867013399940738509921517424276566361364466907742093216341239767678472745068562007483424692698618103355649159556340810056512358769552333414615230502532186327508646006263307707741093494784	5764607523034235/576460752303423488
91	attack-coverage	0/202402253307310618352495346718917307049556649764142118356901358027430339567995346891960383701437124495187077864316811911389808737385793476867013399940738509921517424276566361364466907742093216341239767678472745068562007483424692698618103355649159556340810056512358769552333414615230502532186327508646006263307707741093494784	5764607523034235/576460752303423488
91	consulting-pct	0/202402253307310618352495346718917307049556649764142118356901358027430339567995346891960383701437124495187077864316811911389808737385793476867013399940738509921517424276566361364466907742093216341239767678472745068562007483424692698618103355649159556340810056512358769552333414615230502532186327508646006263307707741093494784	5764607523034235/576460752303423488
91	coupling-density	0/202402253307310618352495346718917307049556649764142118356901358027430339567995346891960383701437124495187077864316811911389808737385793476867013399940738509921517424276566361364466907742093216341239767678472745068562007483424692698618103355649159556340810056512358769552333414615230502532186327508646006263307707741093494784	5764607523034235/576460752303423488
91	depositing-signal	0/202402253307310618352495346718917307049556649764142118356901358027430339567995346891960383701437124495187077864316811911389808737385793476867013399940738509921517424276566361364466907742093216341239767678472745068562007483424692698618103355649159556340810056512358769552333414615230502532186327508646006263307707741093494784	5764607523034235/576460752303423488
91	loop-health	6362720025837568/18446744073709551616	5764607523034235/576460752303423488
91	mathematics-pct	-6598686489419776/18889465931478580854784	5764607523034235/576460752303423488
91	mission-health	-8301034833169296/2305843009213693952	8646911284551352/576460752303423488
91	portfolio-pct	-6598686489419776/9444732965739290427392	5764607523034235/576460752303423488
91	sorry-count-norm	0/202402253307310618352495346718917307049556649764142118356901358027430339567995346891960383701437124495187077864316811911389808737385793476867013399940738509921517424276566361364466907742093216341239767678472745068562007483424692698618103355649159556340810056512358769552333414615230502532186327508646006263307707741093494784	5764607523034235/576460752303423488
91	stack-pct	4949014866821120/4722366482869645213696	5764607523034235/576460752303423488
91	support-coverage	0/202402253307310618352495346718917307049556649764142118356901358027430339567995346891960383701437124495187077864316811911389808737385793476867013399940738509921517424276566361364466907742093216341239767678472745068562007483424692698618103355649159556340810056512358769552333414615230502532186327508646006263307707741093494784	5764607523034235/576460752303423488
91	ticks-firing-ratio	0/202402253307310618352495346718917307049556649764142118356901358027430339567995346891960383701437124495187077864316811911389808737385793476867013399940738509921517424276566361364466907742093216341239767678472745068562007483424692698618103355649159556340810056512358769552333414615230502532186327508646006263307707741093494784	5764607523034235/576460752303423488
92	active-repo-ratio	0/202402253307310618352495346718917307049556649764142118356901358027430339567995346891960383701437124495187077864316811911389808737385793476867013399940738509921517424276566361364466907742093216341239767678472745068562007483424692698618103355649159556340810056512358769552333414615230502532186327508646006263307707741093494784	5764607523034235/576460752303423488
92	annotation-health	0/202402253307310618352495346718917307049556649764142118356901358027430339567995346891960383701437124495187077864316811911389808737385793476867013399940738509921517424276566361364466907742093216341239767678472745068562007483424692698618103355649159556340810056512358769552333414615230502532186327508646006263307707741093494784	5764607523034235/576460752303423488
92	attack-coverage	0/202402253307310618352495346718917307049556649764142118356901358027430339567995346891960383701437124495187077864316811911389808737385793476867013399940738509921517424276566361364466907742093216341239767678472745068562007483424692698618103355649159556340810056512358769552333414615230502532186327508646006263307707741093494784	5764607523034235/576460752303423488
92	consulting-pct	0/202402253307310618352495346718917307049556649764142118356901358027430339567995346891960383701437124495187077864316811911389808737385793476867013399940738509921517424276566361364466907742093216341239767678472745068562007483424692698618103355649159556340810056512358769552333414615230502532186327508646006263307707741093494784	5764607523034235/576460752303423488
92	coupling-density	0/202402253307310618352495346718917307049556649764142118356901358027430339567995346891960383701437124495187077864316811911389808737385793476867013399940738509921517424276566361364466907742093216341239767678472745068562007483424692698618103355649159556340810056512358769552333414615230502532186327508646006263307707741093494784	5764607523034235/576460752303423488
92	depositing-signal	0/202402253307310618352495346718917307049556649764142118356901358027430339567995346891960383701437124495187077864316811911389808737385793476867013399940738509921517424276566361364466907742093216341239767678472745068562007483424692698618103355649159556340810056512358769552333414615230502532186327508646006263307707741093494784	5764607523034235/576460752303423488
92	loop-health	6362720025837568/18446744073709551616	5764607523034235/576460752303423488
92	mathematics-pct	-6598686489419776/18889465931478580854784	5764607523034235/576460752303423488
92	mission-health	-8301034833169296/2305843009213693952	8646911284551352/576460752303423488
92	portfolio-pct	-6598686489419776/9444732965739290427392	5764607523034235/576460752303423488
92	sorry-count-norm	0/202402253307310618352495346718917307049556649764142118356901358027430339567995346891960383701437124495187077864316811911389808737385793476867013399940738509921517424276566361364466907742093216341239767678472745068562007483424692698618103355649159556340810056512358769552333414615230502532186327508646006263307707741093494784	5764607523034235/576460752303423488
92	stack-pct	4949014866821120/4722366482869645213696	5764607523034235/576460752303423488
92	support-coverage	0/202402253307310618352495346718917307049556649764142118356901358027430339567995346891960383701437124495187077864316811911389808737385793476867013399940738509921517424276566361364466907742093216341239767678472745068562007483424692698618103355649159556340810056512358769552333414615230502532186327508646006263307707741093494784	5764607523034235/576460752303423488
92	ticks-firing-ratio	0/202402253307310618352495346718917307049556649764142118356901358027430339567995346891960383701437124495187077864316811911389808737385793476867013399940738509921517424276566361364466907742093216341239767678472745068562007483424692698618103355649159556340810056512358769552333414615230502532186327508646006263307707741093494784	5764607523034235/576460752303423488
93	active-repo-ratio	0/202402253307310618352495346718917307049556649764142118356901358027430339567995346891960383701437124495187077864316811911389808737385793476867013399940738509921517424276566361364466907742093216341239767678472745068562007483424692698618103355649159556340810056512358769552333414615230502532186327508646006263307707741093494784	5764607523034235/576460752303423488
93	annotation-health	0/202402253307310618352495346718917307049556649764142118356901358027430339567995346891960383701437124495187077864316811911389808737385793476867013399940738509921517424276566361364466907742093216341239767678472745068562007483424692698618103355649159556340810056512358769552333414615230502532186327508646006263307707741093494784	5764607523034235/576460752303423488
93	attack-coverage	0/202402253307310618352495346718917307049556649764142118356901358027430339567995346891960383701437124495187077864316811911389808737385793476867013399940738509921517424276566361364466907742093216341239767678472745068562007483424692698618103355649159556340810056512358769552333414615230502532186327508646006263307707741093494784	5764607523034235/576460752303423488
93	consulting-pct	0/202402253307310618352495346718917307049556649764142118356901358027430339567995346891960383701437124495187077864316811911389808737385793476867013399940738509921517424276566361364466907742093216341239767678472745068562007483424692698618103355649159556340810056512358769552333414615230502532186327508646006263307707741093494784	5764607523034235/576460752303423488
93	coupling-density	0/202402253307310618352495346718917307049556649764142118356901358027430339567995346891960383701437124495187077864316811911389808737385793476867013399940738509921517424276566361364466907742093216341239767678472745068562007483424692698618103355649159556340810056512358769552333414615230502532186327508646006263307707741093494784	5764607523034235/576460752303423488
93	depositing-signal	0/202402253307310618352495346718917307049556649764142118356901358027430339567995346891960383701437124495187077864316811911389808737385793476867013399940738509921517424276566361364466907742093216341239767678472745068562007483424692698618103355649159556340810056512358769552333414615230502532186327508646006263307707741093494784	5764607523034235/576460752303423488
93	loop-health	6362720025837568/18446744073709551616	5764607523034235/576460752303423488
93	mathematics-pct	-6598686489419776/18889465931478580854784	5764607523034235/576460752303423488
93	mission-health	-8301034833169296/2305843009213693952	8646911284551352/576460752303423488
93	portfolio-pct	-6598686489419776/9444732965739290427392	5764607523034235/576460752303423488
93	sorry-count-norm	0/202402253307310618352495346718917307049556649764142118356901358027430339567995346891960383701437124495187077864316811911389808737385793476867013399940738509921517424276566361364466907742093216341239767678472745068562007483424692698618103355649159556340810056512358769552333414615230502532186327508646006263307707741093494784	5764607523034235/576460752303423488
93	stack-pct	4949014866821120/4722366482869645213696	5764607523034235/576460752303423488
93	support-coverage	0/202402253307310618352495346718917307049556649764142118356901358027430339567995346891960383701437124495187077864316811911389808737385793476867013399940738509921517424276566361364466907742093216341239767678472745068562007483424692698618103355649159556340810056512358769552333414615230502532186327508646006263307707741093494784	5764607523034235/576460752303423488
93	ticks-firing-ratio	0/202402253307310618352495346718917307049556649764142118356901358027430339567995346891960383701437124495187077864316811911389808737385793476867013399940738509921517424276566361364466907742093216341239767678472745068562007483424692698618103355649159556340810056512358769552333414615230502532186327508646006263307707741093494784	5764607523034235/576460752303423488
94	active-repo-ratio	0/202402253307310618352495346718917307049556649764142118356901358027430339567995346891960383701437124495187077864316811911389808737385793476867013399940738509921517424276566361364466907742093216341239767678472745068562007483424692698618103355649159556340810056512358769552333414615230502532186327508646006263307707741093494784	5764607523034235/576460752303423488
94	annotation-health	0/202402253307310618352495346718917307049556649764142118356901358027430339567995346891960383701437124495187077864316811911389808737385793476867013399940738509921517424276566361364466907742093216341239767678472745068562007483424692698618103355649159556340810056512358769552333414615230502532186327508646006263307707741093494784	5764607523034235/576460752303423488
94	attack-coverage	0/202402253307310618352495346718917307049556649764142118356901358027430339567995346891960383701437124495187077864316811911389808737385793476867013399940738509921517424276566361364466907742093216341239767678472745068562007483424692698618103355649159556340810056512358769552333414615230502532186327508646006263307707741093494784	5764607523034235/576460752303423488
94	consulting-pct	0/202402253307310618352495346718917307049556649764142118356901358027430339567995346891960383701437124495187077864316811911389808737385793476867013399940738509921517424276566361364466907742093216341239767678472745068562007483424692698618103355649159556340810056512358769552333414615230502532186327508646006263307707741093494784	5764607523034235/576460752303423488
94	coupling-density	0/202402253307310618352495346718917307049556649764142118356901358027430339567995346891960383701437124495187077864316811911389808737385793476867013399940738509921517424276566361364466907742093216341239767678472745068562007483424692698618103355649159556340810056512358769552333414615230502532186327508646006263307707741093494784	5764607523034235/576460752303423488
94	depositing-signal	0/202402253307310618352495346718917307049556649764142118356901358027430339567995346891960383701437124495187077864316811911389808737385793476867013399940738509921517424276566361364466907742093216341239767678472745068562007483424692698618103355649159556340810056512358769552333414615230502532186327508646006263307707741093494784	5764607523034235/576460752303423488
94	loop-health	6362720025837568/18446744073709551616	5764607523034235/576460752303423488
94	mathematics-pct	-6598686489419776/18889465931478580854784	5764607523034235/576460752303423488
94	mission-health	-8301034833169296/2305843009213693952	8646911284551352/576460752303423488
94	portfolio-pct	-6598686489419776/9444732965739290427392	5764607523034235/576460752303423488
94	sorry-count-norm	0/202402253307310618352495346718917307049556649764142118356901358027430339567995346891960383701437124495187077864316811911389808737385793476867013399940738509921517424276566361364466907742093216341239767678472745068562007483424692698618103355649159556340810056512358769552333414615230502532186327508646006263307707741093494784	5764607523034235/576460752303423488
94	stack-pct	4949014866821120/4722366482869645213696	5764607523034235/576460752303423488
94	support-coverage	0/202402253307310618352495346718917307049556649764142118356901358027430339567995346891960383701437124495187077864316811911389808737385793476867013399940738509921517424276566361364466907742093216341239767678472745068562007483424692698618103355649159556340810056512358769552333414615230502532186327508646006263307707741093494784	5764607523034235/576460752303423488
94	ticks-firing-ratio	0/202402253307310618352495346718917307049556649764142118356901358027430339567995346891960383701437124495187077864316811911389808737385793476867013399940738509921517424276566361364466907742093216341239767678472745068562007483424692698618103355649159556340810056512358769552333414615230502532186327508646006263307707741093494784	5764607523034235/576460752303423488
95	active-repo-ratio	0/202402253307310618352495346718917307049556649764142118356901358027430339567995346891960383701437124495187077864316811911389808737385793476867013399940738509921517424276566361364466907742093216341239767678472745068562007483424692698618103355649159556340810056512358769552333414615230502532186327508646006263307707741093494784	5764607523034235/576460752303423488
95	annotation-health	0/202402253307310618352495346718917307049556649764142118356901358027430339567995346891960383701437124495187077864316811911389808737385793476867013399940738509921517424276566361364466907742093216341239767678472745068562007483424692698618103355649159556340810056512358769552333414615230502532186327508646006263307707741093494784	5764607523034235/576460752303423488
95	attack-coverage	0/202402253307310618352495346718917307049556649764142118356901358027430339567995346891960383701437124495187077864316811911389808737385793476867013399940738509921517424276566361364466907742093216341239767678472745068562007483424692698618103355649159556340810056512358769552333414615230502532186327508646006263307707741093494784	5764607523034235/576460752303423488
95	consulting-pct	0/202402253307310618352495346718917307049556649764142118356901358027430339567995346891960383701437124495187077864316811911389808737385793476867013399940738509921517424276566361364466907742093216341239767678472745068562007483424692698618103355649159556340810056512358769552333414615230502532186327508646006263307707741093494784	5764607523034235/576460752303423488
95	coupling-density	0/202402253307310618352495346718917307049556649764142118356901358027430339567995346891960383701437124495187077864316811911389808737385793476867013399940738509921517424276566361364466907742093216341239767678472745068562007483424692698618103355649159556340810056512358769552333414615230502532186327508646006263307707741093494784	5764607523034235/576460752303423488
95	depositing-signal	0/202402253307310618352495346718917307049556649764142118356901358027430339567995346891960383701437124495187077864316811911389808737385793476867013399940738509921517424276566361364466907742093216341239767678472745068562007483424692698618103355649159556340810056512358769552333414615230502532186327508646006263307707741093494784	5764607523034235/576460752303423488
95	loop-health	6362720025837568/18446744073709551616	5764607523034235/576460752303423488
95	mathematics-pct	-6598686489419776/18889465931478580854784	5764607523034235/576460752303423488
95	mission-health	-8301034833169296/2305843009213693952	8646911284551352/576460752303423488
95	portfolio-pct	-6598686489419776/9444732965739290427392	5764607523034235/576460752303423488
95	sorry-count-norm	0/202402253307310618352495346718917307049556649764142118356901358027430339567995346891960383701437124495187077864316811911389808737385793476867013399940738509921517424276566361364466907742093216341239767678472745068562007483424692698618103355649159556340810056512358769552333414615230502532186327508646006263307707741093494784	5764607523034235/576460752303423488
95	stack-pct	4949014866821120/4722366482869645213696	5764607523034235/576460752303423488
95	support-coverage	0/202402253307310618352495346718917307049556649764142118356901358027430339567995346891960383701437124495187077864316811911389808737385793476867013399940738509921517424276566361364466907742093216341239767678472745068562007483424692698618103355649159556340810056512358769552333414615230502532186327508646006263307707741093494784	5764607523034235/576460752303423488
95	ticks-firing-ratio	0/202402253307310618352495346718917307049556649764142118356901358027430339567995346891960383701437124495187077864316811911389808737385793476867013399940738509921517424276566361364466907742093216341239767678472745068562007483424692698618103355649159556340810056512358769552333414615230502532186327508646006263307707741093494784	5764607523034235/576460752303423488
96	active-repo-ratio	0/202402253307310618352495346718917307049556649764142118356901358027430339567995346891960383701437124495187077864316811911389808737385793476867013399940738509921517424276566361364466907742093216341239767678472745068562007483424692698618103355649159556340810056512358769552333414615230502532186327508646006263307707741093494784	5764607523034235/576460752303423488
96	annotation-health	0/202402253307310618352495346718917307049556649764142118356901358027430339567995346891960383701437124495187077864316811911389808737385793476867013399940738509921517424276566361364466907742093216341239767678472745068562007483424692698618103355649159556340810056512358769552333414615230502532186327508646006263307707741093494784	5764607523034235/576460752303423488
96	attack-coverage	0/202402253307310618352495346718917307049556649764142118356901358027430339567995346891960383701437124495187077864316811911389808737385793476867013399940738509921517424276566361364466907742093216341239767678472745068562007483424692698618103355649159556340810056512358769552333414615230502532186327508646006263307707741093494784	5764607523034235/576460752303423488
96	consulting-pct	0/202402253307310618352495346718917307049556649764142118356901358027430339567995346891960383701437124495187077864316811911389808737385793476867013399940738509921517424276566361364466907742093216341239767678472745068562007483424692698618103355649159556340810056512358769552333414615230502532186327508646006263307707741093494784	5764607523034235/576460752303423488
96	coupling-density	0/202402253307310618352495346718917307049556649764142118356901358027430339567995346891960383701437124495187077864316811911389808737385793476867013399940738509921517424276566361364466907742093216341239767678472745068562007483424692698618103355649159556340810056512358769552333414615230502532186327508646006263307707741093494784	5764607523034235/576460752303423488
96	depositing-signal	0/202402253307310618352495346718917307049556649764142118356901358027430339567995346891960383701437124495187077864316811911389808737385793476867013399940738509921517424276566361364466907742093216341239767678472745068562007483424692698618103355649159556340810056512358769552333414615230502532186327508646006263307707741093494784	5764607523034235/576460752303423488
96	loop-health	6362720025837568/18446744073709551616	5764607523034235/576460752303423488
96	mathematics-pct	-6598686489419776/18889465931478580854784	5764607523034235/576460752303423488
96	mission-health	-8301034833169296/2305843009213693952	8646911284551352/576460752303423488
96	portfolio-pct	-6598686489419776/9444732965739290427392	5764607523034235/576460752303423488
96	sorry-count-norm	0/202402253307310618352495346718917307049556649764142118356901358027430339567995346891960383701437124495187077864316811911389808737385793476867013399940738509921517424276566361364466907742093216341239767678472745068562007483424692698618103355649159556340810056512358769552333414615230502532186327508646006263307707741093494784	5764607523034235/576460752303423488
96	stack-pct	4949014866821120/4722366482869645213696	5764607523034235/576460752303423488
96	support-coverage	0/202402253307310618352495346718917307049556649764142118356901358027430339567995346891960383701437124495187077864316811911389808737385793476867013399940738509921517424276566361364466907742093216341239767678472745068562007483424692698618103355649159556340810056512358769552333414615230502532186327508646006263307707741093494784	5764607523034235/576460752303423488
96	ticks-firing-ratio	0/202402253307310618352495346718917307049556649764142118356901358027430339567995346891960383701437124495187077864316811911389808737385793476867013399940738509921517424276566361364466907742093216341239767678472745068562007483424692698618103355649159556340810056512358769552333414615230502532186327508646006263307707741093494784	5764607523034235/576460752303423488
97	active-repo-ratio	0/202402253307310618352495346718917307049556649764142118356901358027430339567995346891960383701437124495187077864316811911389808737385793476867013399940738509921517424276566361364466907742093216341239767678472745068562007483424692698618103355649159556340810056512358769552333414615230502532186327508646006263307707741093494784	5764607523034235/576460752303423488
97	annotation-health	0/202402253307310618352495346718917307049556649764142118356901358027430339567995346891960383701437124495187077864316811911389808737385793476867013399940738509921517424276566361364466907742093216341239767678472745068562007483424692698618103355649159556340810056512358769552333414615230502532186327508646006263307707741093494784	5764607523034235/576460752303423488
97	attack-coverage	0/202402253307310618352495346718917307049556649764142118356901358027430339567995346891960383701437124495187077864316811911389808737385793476867013399940738509921517424276566361364466907742093216341239767678472745068562007483424692698618103355649159556340810056512358769552333414615230502532186327508646006263307707741093494784	5764607523034235/576460752303423488
97	consulting-pct	0/202402253307310618352495346718917307049556649764142118356901358027430339567995346891960383701437124495187077864316811911389808737385793476867013399940738509921517424276566361364466907742093216341239767678472745068562007483424692698618103355649159556340810056512358769552333414615230502532186327508646006263307707741093494784	5764607523034235/576460752303423488
97	coupling-density	0/202402253307310618352495346718917307049556649764142118356901358027430339567995346891960383701437124495187077864316811911389808737385793476867013399940738509921517424276566361364466907742093216341239767678472745068562007483424692698618103355649159556340810056512358769552333414615230502532186327508646006263307707741093494784	5764607523034235/576460752303423488
97	depositing-signal	0/202402253307310618352495346718917307049556649764142118356901358027430339567995346891960383701437124495187077864316811911389808737385793476867013399940738509921517424276566361364466907742093216341239767678472745068562007483424692698618103355649159556340810056512358769552333414615230502532186327508646006263307707741093494784	5764607523034235/576460752303423488
97	loop-health	6362720025837568/18446744073709551616	5764607523034235/576460752303423488
97	mathematics-pct	-6598686489419776/18889465931478580854784	5764607523034235/576460752303423488
97	mission-health	-8301034833169296/2305843009213693952	8646911284551352/576460752303423488
97	portfolio-pct	-6598686489419776/9444732965739290427392	5764607523034235/576460752303423488
97	sorry-count-norm	0/202402253307310618352495346718917307049556649764142118356901358027430339567995346891960383701437124495187077864316811911389808737385793476867013399940738509921517424276566361364466907742093216341239767678472745068562007483424692698618103355649159556340810056512358769552333414615230502532186327508646006263307707741093494784	5764607523034235/576460752303423488
97	stack-pct	4949014866821120/4722366482869645213696	5764607523034235/576460752303423488
97	support-coverage	0/202402253307310618352495346718917307049556649764142118356901358027430339567995346891960383701437124495187077864316811911389808737385793476867013399940738509921517424276566361364466907742093216341239767678472745068562007483424692698618103355649159556340810056512358769552333414615230502532186327508646006263307707741093494784	5764607523034235/576460752303423488
97	ticks-firing-ratio	0/202402253307310618352495346718917307049556649764142118356901358027430339567995346891960383701437124495187077864316811911389808737385793476867013399940738509921517424276566361364466907742093216341239767678472745068562007483424692698618103355649159556340810056512358769552333414615230502532186327508646006263307707741093494784	5764607523034235/576460752303423488
98	active-repo-ratio	0/202402253307310618352495346718917307049556649764142118356901358027430339567995346891960383701437124495187077864316811911389808737385793476867013399940738509921517424276566361364466907742093216341239767678472745068562007483424692698618103355649159556340810056512358769552333414615230502532186327508646006263307707741093494784	5764607523034235/576460752303423488
98	annotation-health	0/202402253307310618352495346718917307049556649764142118356901358027430339567995346891960383701437124495187077864316811911389808737385793476867013399940738509921517424276566361364466907742093216341239767678472745068562007483424692698618103355649159556340810056512358769552333414615230502532186327508646006263307707741093494784	5764607523034235/576460752303423488
98	attack-coverage	0/202402253307310618352495346718917307049556649764142118356901358027430339567995346891960383701437124495187077864316811911389808737385793476867013399940738509921517424276566361364466907742093216341239767678472745068562007483424692698618103355649159556340810056512358769552333414615230502532186327508646006263307707741093494784	5764607523034235/576460752303423488
98	consulting-pct	0/202402253307310618352495346718917307049556649764142118356901358027430339567995346891960383701437124495187077864316811911389808737385793476867013399940738509921517424276566361364466907742093216341239767678472745068562007483424692698618103355649159556340810056512358769552333414615230502532186327508646006263307707741093494784	5764607523034235/576460752303423488
98	coupling-density	0/202402253307310618352495346718917307049556649764142118356901358027430339567995346891960383701437124495187077864316811911389808737385793476867013399940738509921517424276566361364466907742093216341239767678472745068562007483424692698618103355649159556340810056512358769552333414615230502532186327508646006263307707741093494784	5764607523034235/576460752303423488
98	depositing-signal	0/202402253307310618352495346718917307049556649764142118356901358027430339567995346891960383701437124495187077864316811911389808737385793476867013399940738509921517424276566361364466907742093216341239767678472745068562007483424692698618103355649159556340810056512358769552333414615230502532186327508646006263307707741093494784	5764607523034235/576460752303423488
98	loop-health	6362720025837568/18446744073709551616	5764607523034235/576460752303423488
98	mathematics-pct	-6598686489419776/18889465931478580854784	5764607523034235/576460752303423488
98	mission-health	-8301034833169296/2305843009213693952	8646911284551352/576460752303423488
98	portfolio-pct	-6598686489419776/9444732965739290427392	5764607523034235/576460752303423488
98	sorry-count-norm	0/202402253307310618352495346718917307049556649764142118356901358027430339567995346891960383701437124495187077864316811911389808737385793476867013399940738509921517424276566361364466907742093216341239767678472745068562007483424692698618103355649159556340810056512358769552333414615230502532186327508646006263307707741093494784	5764607523034235/576460752303423488
98	stack-pct	4949014866821120/4722366482869645213696	5764607523034235/576460752303423488
98	support-coverage	0/202402253307310618352495346718917307049556649764142118356901358027430339567995346891960383701437124495187077864316811911389808737385793476867013399940738509921517424276566361364466907742093216341239767678472745068562007483424692698618103355649159556340810056512358769552333414615230502532186327508646006263307707741093494784	5764607523034235/576460752303423488
98	ticks-firing-ratio	0/202402253307310618352495346718917307049556649764142118356901358027430339567995346891960383701437124495187077864316811911389808737385793476867013399940738509921517424276566361364466907742093216341239767678472745068562007483424692698618103355649159556340810056512358769552333414615230502532186327508646006263307707741093494784	5764607523034235/576460752303423488
99	active-repo-ratio	0/202402253307310618352495346718917307049556649764142118356901358027430339567995346891960383701437124495187077864316811911389808737385793476867013399940738509921517424276566361364466907742093216341239767678472745068562007483424692698618103355649159556340810056512358769552333414615230502532186327508646006263307707741093494784	5764607523034235/576460752303423488
99	annotation-health	0/202402253307310618352495346718917307049556649764142118356901358027430339567995346891960383701437124495187077864316811911389808737385793476867013399940738509921517424276566361364466907742093216341239767678472745068562007483424692698618103355649159556340810056512358769552333414615230502532186327508646006263307707741093494784	5764607523034235/576460752303423488
99	attack-coverage	0/202402253307310618352495346718917307049556649764142118356901358027430339567995346891960383701437124495187077864316811911389808737385793476867013399940738509921517424276566361364466907742093216341239767678472745068562007483424692698618103355649159556340810056512358769552333414615230502532186327508646006263307707741093494784	5764607523034235/576460752303423488
99	consulting-pct	0/202402253307310618352495346718917307049556649764142118356901358027430339567995346891960383701437124495187077864316811911389808737385793476867013399940738509921517424276566361364466907742093216341239767678472745068562007483424692698618103355649159556340810056512358769552333414615230502532186327508646006263307707741093494784	5764607523034235/576460752303423488
99	coupling-density	0/202402253307310618352495346718917307049556649764142118356901358027430339567995346891960383701437124495187077864316811911389808737385793476867013399940738509921517424276566361364466907742093216341239767678472745068562007483424692698618103355649159556340810056512358769552333414615230502532186327508646006263307707741093494784	5764607523034235/576460752303423488
99	depositing-signal	0/202402253307310618352495346718917307049556649764142118356901358027430339567995346891960383701437124495187077864316811911389808737385793476867013399940738509921517424276566361364466907742093216341239767678472745068562007483424692698618103355649159556340810056512358769552333414615230502532186327508646006263307707741093494784	5764607523034235/576460752303423488
99	loop-health	6362720025837568/18446744073709551616	5764607523034235/576460752303423488
99	mathematics-pct	-6598686489419776/18889465931478580854784	5764607523034235/576460752303423488
99	mission-health	-8301034833169296/2305843009213693952	8646911284551352/576460752303423488
99	portfolio-pct	-6598686489419776/9444732965739290427392	5764607523034235/576460752303423488
99	sorry-count-norm	0/202402253307310618352495346718917307049556649764142118356901358027430339567995346891960383701437124495187077864316811911389808737385793476867013399940738509921517424276566361364466907742093216341239767678472745068562007483424692698618103355649159556340810056512358769552333414615230502532186327508646006263307707741093494784	5764607523034235/576460752303423488
99	stack-pct	4949014866821120/4722366482869645213696	5764607523034235/576460752303423488
99	support-coverage	0/202402253307310618352495346718917307049556649764142118356901358027430339567995346891960383701437124495187077864316811911389808737385793476867013399940738509921517424276566361364466907742093216341239767678472745068562007483424692698618103355649159556340810056512358769552333414615230502532186327508646006263307707741093494784	5764607523034235/576460752303423488
99	ticks-firing-ratio	0/202402253307310618352495346718917307049556649764142118356901358027430339567995346891960383701437124495187077864316811911389808737385793476867013399940738509921517424276566361364466907742093216341239767678472745068562007483424692698618103355649159556340810056512358769552333414615230502532186327508646006263307707741093494784	5764607523034235/576460752303423488
100	active-repo-ratio	0/202402253307310618352495346718917307049556649764142118356901358027430339567995346891960383701437124495187077864316811911389808737385793476867013399940738509921517424276566361364466907742093216341239767678472745068562007483424692698618103355649159556340810056512358769552333414615230502532186327508646006263307707741093494784	5764607523034235/576460752303423488
100	annotation-health	0/202402253307310618352495346718917307049556649764142118356901358027430339567995346891960383701437124495187077864316811911389808737385793476867013399940738509921517424276566361364466907742093216341239767678472745068562007483424692698618103355649159556340810056512358769552333414615230502532186327508646006263307707741093494784	5764607523034235/576460752303423488
100	attack-coverage	0/202402253307310618352495346718917307049556649764142118356901358027430339567995346891960383701437124495187077864316811911389808737385793476867013399940738509921517424276566361364466907742093216341239767678472745068562007483424692698618103355649159556340810056512358769552333414615230502532186327508646006263307707741093494784	5764607523034235/576460752303423488
100	consulting-pct	0/202402253307310618352495346718917307049556649764142118356901358027430339567995346891960383701437124495187077864316811911389808737385793476867013399940738509921517424276566361364466907742093216341239767678472745068562007483424692698618103355649159556340810056512358769552333414615230502532186327508646006263307707741093494784	5764607523034235/576460752303423488
100	coupling-density	0/202402253307310618352495346718917307049556649764142118356901358027430339567995346891960383701437124495187077864316811911389808737385793476867013399940738509921517424276566361364466907742093216341239767678472745068562007483424692698618103355649159556340810056512358769552333414615230502532186327508646006263307707741093494784	5764607523034235/576460752303423488
100	depositing-signal	0/202402253307310618352495346718917307049556649764142118356901358027430339567995346891960383701437124495187077864316811911389808737385793476867013399940738509921517424276566361364466907742093216341239767678472745068562007483424692698618103355649159556340810056512358769552333414615230502532186327508646006263307707741093494784	5764607523034235/576460752303423488
100	loop-health	6362720025837568/18446744073709551616	5764607523034235/576460752303423488
100	mathematics-pct	-6598686489419776/18889465931478580854784	5764607523034235/576460752303423488
100	mission-health	-8301034833169296/2305843009213693952	8646911284551352/576460752303423488
100	portfolio-pct	-6598686489419776/9444732965739290427392	5764607523034235/576460752303423488
100	sorry-count-norm	0/202402253307310618352495346718917307049556649764142118356901358027430339567995346891960383701437124495187077864316811911389808737385793476867013399940738509921517424276566361364466907742093216341239767678472745068562007483424692698618103355649159556340810056512358769552333414615230502532186327508646006263307707741093494784	5764607523034235/576460752303423488
100	stack-pct	4949014866821120/4722366482869645213696	5764607523034235/576460752303423488
100	support-coverage	0/202402253307310618352495346718917307049556649764142118356901358027430339567995346891960383701437124495187077864316811911389808737385793476867013399940738509921517424276566361364466907742093216341239767678472745068562007483424692698618103355649159556340810056512358769552333414615230502532186327508646006263307707741093494784	5764607523034235/576460752303423488
100	ticks-firing-ratio	0/202402253307310618352495346718917307049556649764142118356901358027430339567995346891960383701437124495187077864316811911389808737385793476867013399940738509921517424276566361364466907742093216341239767678472745068562007483424692698618103355649159556340810056512358769552333414615230502532186327508646006263307707741093494784	5764607523034235/576460752303423488
101	active-repo-ratio	0/202402253307310618352495346718917307049556649764142118356901358027430339567995346891960383701437124495187077864316811911389808737385793476867013399940738509921517424276566361364466907742093216341239767678472745068562007483424692698618103355649159556340810056512358769552333414615230502532186327508646006263307707741093494784	5764607523034235/576460752303423488
101	annotation-health	0/202402253307310618352495346718917307049556649764142118356901358027430339567995346891960383701437124495187077864316811911389808737385793476867013399940738509921517424276566361364466907742093216341239767678472745068562007483424692698618103355649159556340810056512358769552333414615230502532186327508646006263307707741093494784	5764607523034235/576460752303423488
101	attack-coverage	0/202402253307310618352495346718917307049556649764142118356901358027430339567995346891960383701437124495187077864316811911389808737385793476867013399940738509921517424276566361364466907742093216341239767678472745068562007483424692698618103355649159556340810056512358769552333414615230502532186327508646006263307707741093494784	5764607523034235/576460752303423488
101	consulting-pct	0/202402253307310618352495346718917307049556649764142118356901358027430339567995346891960383701437124495187077864316811911389808737385793476867013399940738509921517424276566361364466907742093216341239767678472745068562007483424692698618103355649159556340810056512358769552333414615230502532186327508646006263307707741093494784	5764607523034235/576460752303423488
101	coupling-density	0/202402253307310618352495346718917307049556649764142118356901358027430339567995346891960383701437124495187077864316811911389808737385793476867013399940738509921517424276566361364466907742093216341239767678472745068562007483424692698618103355649159556340810056512358769552333414615230502532186327508646006263307707741093494784	5764607523034235/576460752303423488
101	depositing-signal	0/202402253307310618352495346718917307049556649764142118356901358027430339567995346891960383701437124495187077864316811911389808737385793476867013399940738509921517424276566361364466907742093216341239767678472745068562007483424692698618103355649159556340810056512358769552333414615230502532186327508646006263307707741093494784	5764607523034235/576460752303423488
101	loop-health	6362720025837568/18446744073709551616	5764607523034235/576460752303423488
101	mathematics-pct	-6598686489419776/18889465931478580854784	5764607523034235/576460752303423488
101	mission-health	-8301034833169296/2305843009213693952	8646911284551352/576460752303423488
101	portfolio-pct	-6598686489419776/9444732965739290427392	5764607523034235/576460752303423488
101	sorry-count-norm	0/202402253307310618352495346718917307049556649764142118356901358027430339567995346891960383701437124495187077864316811911389808737385793476867013399940738509921517424276566361364466907742093216341239767678472745068562007483424692698618103355649159556340810056512358769552333414615230502532186327508646006263307707741093494784	5764607523034235/576460752303423488
101	stack-pct	4949014866821120/4722366482869645213696	5764607523034235/576460752303423488
101	support-coverage	0/202402253307310618352495346718917307049556649764142118356901358027430339567995346891960383701437124495187077864316811911389808737385793476867013399940738509921517424276566361364466907742093216341239767678472745068562007483424692698618103355649159556340810056512358769552333414615230502532186327508646006263307707741093494784	5764607523034235/576460752303423488
101	ticks-firing-ratio	0/202402253307310618352495346718917307049556649764142118356901358027430339567995346891960383701437124495187077864316811911389808737385793476867013399940738509921517424276566361364466907742093216341239767678472745068562007483424692698618103355649159556340810056512358769552333414615230502532186327508646006263307707741093494784	5764607523034235/576460752303423488
102	active-repo-ratio	0/202402253307310618352495346718917307049556649764142118356901358027430339567995346891960383701437124495187077864316811911389808737385793476867013399940738509921517424276566361364466907742093216341239767678472745068562007483424692698618103355649159556340810056512358769552333414615230502532186327508646006263307707741093494784	5764607523034235/576460752303423488
102	annotation-health	0/202402253307310618352495346718917307049556649764142118356901358027430339567995346891960383701437124495187077864316811911389808737385793476867013399940738509921517424276566361364466907742093216341239767678472745068562007483424692698618103355649159556340810056512358769552333414615230502532186327508646006263307707741093494784	5764607523034235/576460752303423488
102	attack-coverage	0/202402253307310618352495346718917307049556649764142118356901358027430339567995346891960383701437124495187077864316811911389808737385793476867013399940738509921517424276566361364466907742093216341239767678472745068562007483424692698618103355649159556340810056512358769552333414615230502532186327508646006263307707741093494784	5764607523034235/576460752303423488
102	consulting-pct	0/202402253307310618352495346718917307049556649764142118356901358027430339567995346891960383701437124495187077864316811911389808737385793476867013399940738509921517424276566361364466907742093216341239767678472745068562007483424692698618103355649159556340810056512358769552333414615230502532186327508646006263307707741093494784	5764607523034235/576460752303423488
102	coupling-density	0/202402253307310618352495346718917307049556649764142118356901358027430339567995346891960383701437124495187077864316811911389808737385793476867013399940738509921517424276566361364466907742093216341239767678472745068562007483424692698618103355649159556340810056512358769552333414615230502532186327508646006263307707741093494784	5764607523034235/576460752303423488
102	depositing-signal	0/202402253307310618352495346718917307049556649764142118356901358027430339567995346891960383701437124495187077864316811911389808737385793476867013399940738509921517424276566361364466907742093216341239767678472745068562007483424692698618103355649159556340810056512358769552333414615230502532186327508646006263307707741093494784	5764607523034235/576460752303423488
102	loop-health	6362720025837568/18446744073709551616	5764607523034235/576460752303423488
102	mathematics-pct	-6598686489419776/18889465931478580854784	5764607523034235/576460752303423488
102	mission-health	-8301034833169296/2305843009213693952	8646911284551352/576460752303423488
102	portfolio-pct	-6598686489419776/9444732965739290427392	5764607523034235/576460752303423488
102	sorry-count-norm	0/202402253307310618352495346718917307049556649764142118356901358027430339567995346891960383701437124495187077864316811911389808737385793476867013399940738509921517424276566361364466907742093216341239767678472745068562007483424692698618103355649159556340810056512358769552333414615230502532186327508646006263307707741093494784	5764607523034235/576460752303423488
102	stack-pct	4949014866821120/4722366482869645213696	5764607523034235/576460752303423488
102	support-coverage	0/202402253307310618352495346718917307049556649764142118356901358027430339567995346891960383701437124495187077864316811911389808737385793476867013399940738509921517424276566361364466907742093216341239767678472745068562007483424692698618103355649159556340810056512358769552333414615230502532186327508646006263307707741093494784	5764607523034235/576460752303423488
102	ticks-firing-ratio	0/202402253307310618352495346718917307049556649764142118356901358027430339567995346891960383701437124495187077864316811911389808737385793476867013399940738509921517424276566361364466907742093216341239767678472745068562007483424692698618103355649159556340810056512358769552333414615230502532186327508646006263307707741093494784	5764607523034235/576460752303423488
103	active-repo-ratio	0/202402253307310618352495346718917307049556649764142118356901358027430339567995346891960383701437124495187077864316811911389808737385793476867013399940738509921517424276566361364466907742093216341239767678472745068562007483424692698618103355649159556340810056512358769552333414615230502532186327508646006263307707741093494784	5764607523034235/576460752303423488
103	annotation-health	0/202402253307310618352495346718917307049556649764142118356901358027430339567995346891960383701437124495187077864316811911389808737385793476867013399940738509921517424276566361364466907742093216341239767678472745068562007483424692698618103355649159556340810056512358769552333414615230502532186327508646006263307707741093494784	5764607523034235/576460752303423488
103	attack-coverage	0/202402253307310618352495346718917307049556649764142118356901358027430339567995346891960383701437124495187077864316811911389808737385793476867013399940738509921517424276566361364466907742093216341239767678472745068562007483424692698618103355649159556340810056512358769552333414615230502532186327508646006263307707741093494784	5764607523034235/576460752303423488
103	consulting-pct	0/202402253307310618352495346718917307049556649764142118356901358027430339567995346891960383701437124495187077864316811911389808737385793476867013399940738509921517424276566361364466907742093216341239767678472745068562007483424692698618103355649159556340810056512358769552333414615230502532186327508646006263307707741093494784	5764607523034235/576460752303423488
103	coupling-density	0/202402253307310618352495346718917307049556649764142118356901358027430339567995346891960383701437124495187077864316811911389808737385793476867013399940738509921517424276566361364466907742093216341239767678472745068562007483424692698618103355649159556340810056512358769552333414615230502532186327508646006263307707741093494784	5764607523034235/576460752303423488
103	depositing-signal	0/202402253307310618352495346718917307049556649764142118356901358027430339567995346891960383701437124495187077864316811911389808737385793476867013399940738509921517424276566361364466907742093216341239767678472745068562007483424692698618103355649159556340810056512358769552333414615230502532186327508646006263307707741093494784	5764607523034235/576460752303423488
103	loop-health	6362720025837568/18446744073709551616	5764607523034235/576460752303423488
103	mathematics-pct	-6598686489419776/18889465931478580854784	5764607523034235/576460752303423488
103	mission-health	-8301034833169296/2305843009213693952	8646911284551352/576460752303423488
103	portfolio-pct	-6598686489419776/9444732965739290427392	5764607523034235/576460752303423488
103	sorry-count-norm	0/202402253307310618352495346718917307049556649764142118356901358027430339567995346891960383701437124495187077864316811911389808737385793476867013399940738509921517424276566361364466907742093216341239767678472745068562007483424692698618103355649159556340810056512358769552333414615230502532186327508646006263307707741093494784	5764607523034235/576460752303423488
103	stack-pct	4949014866821120/4722366482869645213696	5764607523034235/576460752303423488
103	support-coverage	0/202402253307310618352495346718917307049556649764142118356901358027430339567995346891960383701437124495187077864316811911389808737385793476867013399940738509921517424276566361364466907742093216341239767678472745068562007483424692698618103355649159556340810056512358769552333414615230502532186327508646006263307707741093494784	5764607523034235/576460752303423488
103	ticks-firing-ratio	0/202402253307310618352495346718917307049556649764142118356901358027430339567995346891960383701437124495187077864316811911389808737385793476867013399940738509921517424276566361364466907742093216341239767678472745068562007483424692698618103355649159556340810056512358769552333414615230502532186327508646006263307707741093494784	5764607523034235/576460752303423488
104	active-repo-ratio	0/202402253307310618352495346718917307049556649764142118356901358027430339567995346891960383701437124495187077864316811911389808737385793476867013399940738509921517424276566361364466907742093216341239767678472745068562007483424692698618103355649159556340810056512358769552333414615230502532186327508646006263307707741093494784	5764607523034235/576460752303423488
104	annotation-health	0/202402253307310618352495346718917307049556649764142118356901358027430339567995346891960383701437124495187077864316811911389808737385793476867013399940738509921517424276566361364466907742093216341239767678472745068562007483424692698618103355649159556340810056512358769552333414615230502532186327508646006263307707741093494784	5764607523034235/576460752303423488
104	attack-coverage	0/202402253307310618352495346718917307049556649764142118356901358027430339567995346891960383701437124495187077864316811911389808737385793476867013399940738509921517424276566361364466907742093216341239767678472745068562007483424692698618103355649159556340810056512358769552333414615230502532186327508646006263307707741093494784	5764607523034235/576460752303423488
104	consulting-pct	0/202402253307310618352495346718917307049556649764142118356901358027430339567995346891960383701437124495187077864316811911389808737385793476867013399940738509921517424276566361364466907742093216341239767678472745068562007483424692698618103355649159556340810056512358769552333414615230502532186327508646006263307707741093494784	5764607523034235/576460752303423488
104	coupling-density	0/202402253307310618352495346718917307049556649764142118356901358027430339567995346891960383701437124495187077864316811911389808737385793476867013399940738509921517424276566361364466907742093216341239767678472745068562007483424692698618103355649159556340810056512358769552333414615230502532186327508646006263307707741093494784	5764607523034235/576460752303423488
104	depositing-signal	0/202402253307310618352495346718917307049556649764142118356901358027430339567995346891960383701437124495187077864316811911389808737385793476867013399940738509921517424276566361364466907742093216341239767678472745068562007483424692698618103355649159556340810056512358769552333414615230502532186327508646006263307707741093494784	5764607523034235/576460752303423488
104	loop-health	6362720025837568/18446744073709551616	5764607523034235/576460752303423488
104	mathematics-pct	-6598686489419776/18889465931478580854784	5764607523034235/576460752303423488
104	mission-health	-8301034833169296/2305843009213693952	8646911284551352/576460752303423488
104	portfolio-pct	-6598686489419776/9444732965739290427392	5764607523034235/576460752303423488
104	sorry-count-norm	0/202402253307310618352495346718917307049556649764142118356901358027430339567995346891960383701437124495187077864316811911389808737385793476867013399940738509921517424276566361364466907742093216341239767678472745068562007483424692698618103355649159556340810056512358769552333414615230502532186327508646006263307707741093494784	5764607523034235/576460752303423488
104	stack-pct	4949014866821120/4722366482869645213696	5764607523034235/576460752303423488
104	support-coverage	0/202402253307310618352495346718917307049556649764142118356901358027430339567995346891960383701437124495187077864316811911389808737385793476867013399940738509921517424276566361364466907742093216341239767678472745068562007483424692698618103355649159556340810056512358769552333414615230502532186327508646006263307707741093494784	5764607523034235/576460752303423488
104	ticks-firing-ratio	0/202402253307310618352495346718917307049556649764142118356901358027430339567995346891960383701437124495187077864316811911389808737385793476867013399940738509921517424276566361364466907742093216341239767678472745068562007483424692698618103355649159556340810056512358769552333414615230502532186327508646006263307707741093494784	5764607523034235/576460752303423488
105	active-repo-ratio	0/202402253307310618352495346718917307049556649764142118356901358027430339567995346891960383701437124495187077864316811911389808737385793476867013399940738509921517424276566361364466907742093216341239767678472745068562007483424692698618103355649159556340810056512358769552333414615230502532186327508646006263307707741093494784	5764607523034235/576460752303423488
105	annotation-health	0/202402253307310618352495346718917307049556649764142118356901358027430339567995346891960383701437124495187077864316811911389808737385793476867013399940738509921517424276566361364466907742093216341239767678472745068562007483424692698618103355649159556340810056512358769552333414615230502532186327508646006263307707741093494784	5764607523034235/576460752303423488
105	attack-coverage	0/202402253307310618352495346718917307049556649764142118356901358027430339567995346891960383701437124495187077864316811911389808737385793476867013399940738509921517424276566361364466907742093216341239767678472745068562007483424692698618103355649159556340810056512358769552333414615230502532186327508646006263307707741093494784	5764607523034235/576460752303423488
105	consulting-pct	0/202402253307310618352495346718917307049556649764142118356901358027430339567995346891960383701437124495187077864316811911389808737385793476867013399940738509921517424276566361364466907742093216341239767678472745068562007483424692698618103355649159556340810056512358769552333414615230502532186327508646006263307707741093494784	5764607523034235/576460752303423488
105	coupling-density	0/202402253307310618352495346718917307049556649764142118356901358027430339567995346891960383701437124495187077864316811911389808737385793476867013399940738509921517424276566361364466907742093216341239767678472745068562007483424692698618103355649159556340810056512358769552333414615230502532186327508646006263307707741093494784	5764607523034235/576460752303423488
105	depositing-signal	0/202402253307310618352495346718917307049556649764142118356901358027430339567995346891960383701437124495187077864316811911389808737385793476867013399940738509921517424276566361364466907742093216341239767678472745068562007483424692698618103355649159556340810056512358769552333414615230502532186327508646006263307707741093494784	5764607523034235/576460752303423488
105	loop-health	6362720025837568/18446744073709551616	5764607523034235/576460752303423488
105	mathematics-pct	-6598686489419776/18889465931478580854784	5764607523034235/576460752303423488
105	mission-health	-8301034833169296/2305843009213693952	8646911284551352/576460752303423488
105	portfolio-pct	-6598686489419776/9444732965739290427392	5764607523034235/576460752303423488
105	sorry-count-norm	0/202402253307310618352495346718917307049556649764142118356901358027430339567995346891960383701437124495187077864316811911389808737385793476867013399940738509921517424276566361364466907742093216341239767678472745068562007483424692698618103355649159556340810056512358769552333414615230502532186327508646006263307707741093494784	5764607523034235/576460752303423488
105	stack-pct	4949014866821120/4722366482869645213696	5764607523034235/576460752303423488
105	support-coverage	0/202402253307310618352495346718917307049556649764142118356901358027430339567995346891960383701437124495187077864316811911389808737385793476867013399940738509921517424276566361364466907742093216341239767678472745068562007483424692698618103355649159556340810056512358769552333414615230502532186327508646006263307707741093494784	5764607523034235/576460752303423488
105	ticks-firing-ratio	0/202402253307310618352495346718917307049556649764142118356901358027430339567995346891960383701437124495187077864316811911389808737385793476867013399940738509921517424276566361364466907742093216341239767678472745068562007483424692698618103355649159556340810056512358769552333414615230502532186327508646006263307707741093494784	5764607523034235/576460752303423488
106	active-repo-ratio	0/202402253307310618352495346718917307049556649764142118356901358027430339567995346891960383701437124495187077864316811911389808737385793476867013399940738509921517424276566361364466907742093216341239767678472745068562007483424692698618103355649159556340810056512358769552333414615230502532186327508646006263307707741093494784	5764607523034235/576460752303423488
106	annotation-health	0/202402253307310618352495346718917307049556649764142118356901358027430339567995346891960383701437124495187077864316811911389808737385793476867013399940738509921517424276566361364466907742093216341239767678472745068562007483424692698618103355649159556340810056512358769552333414615230502532186327508646006263307707741093494784	5764607523034235/576460752303423488
106	attack-coverage	0/202402253307310618352495346718917307049556649764142118356901358027430339567995346891960383701437124495187077864316811911389808737385793476867013399940738509921517424276566361364466907742093216341239767678472745068562007483424692698618103355649159556340810056512358769552333414615230502532186327508646006263307707741093494784	5764607523034235/576460752303423488
106	consulting-pct	0/202402253307310618352495346718917307049556649764142118356901358027430339567995346891960383701437124495187077864316811911389808737385793476867013399940738509921517424276566361364466907742093216341239767678472745068562007483424692698618103355649159556340810056512358769552333414615230502532186327508646006263307707741093494784	5764607523034235/576460752303423488
106	coupling-density	0/202402253307310618352495346718917307049556649764142118356901358027430339567995346891960383701437124495187077864316811911389808737385793476867013399940738509921517424276566361364466907742093216341239767678472745068562007483424692698618103355649159556340810056512358769552333414615230502532186327508646006263307707741093494784	5764607523034235/576460752303423488
106	depositing-signal	0/202402253307310618352495346718917307049556649764142118356901358027430339567995346891960383701437124495187077864316811911389808737385793476867013399940738509921517424276566361364466907742093216341239767678472745068562007483424692698618103355649159556340810056512358769552333414615230502532186327508646006263307707741093494784	5764607523034235/576460752303423488
106	loop-health	6362720025837568/18446744073709551616	5764607523034235/576460752303423488
106	mathematics-pct	-6598686489419776/18889465931478580854784	5764607523034235/576460752303423488
106	mission-health	-8301034833169296/2305843009213693952	8646911284551352/576460752303423488
106	portfolio-pct	-6598686489419776/9444732965739290427392	5764607523034235/576460752303423488
106	sorry-count-norm	0/202402253307310618352495346718917307049556649764142118356901358027430339567995346891960383701437124495187077864316811911389808737385793476867013399940738509921517424276566361364466907742093216341239767678472745068562007483424692698618103355649159556340810056512358769552333414615230502532186327508646006263307707741093494784	5764607523034235/576460752303423488
106	stack-pct	4949014866821120/4722366482869645213696	5764607523034235/576460752303423488
106	support-coverage	0/202402253307310618352495346718917307049556649764142118356901358027430339567995346891960383701437124495187077864316811911389808737385793476867013399940738509921517424276566361364466907742093216341239767678472745068562007483424692698618103355649159556340810056512358769552333414615230502532186327508646006263307707741093494784	5764607523034235/576460752303423488
106	ticks-firing-ratio	0/202402253307310618352495346718917307049556649764142118356901358027430339567995346891960383701437124495187077864316811911389808737385793476867013399940738509921517424276566361364466907742093216341239767678472745068562007483424692698618103355649159556340810056512358769552333414615230502532186327508646006263307707741093494784	5764607523034235/576460752303423488
107	active-repo-ratio	0/202402253307310618352495346718917307049556649764142118356901358027430339567995346891960383701437124495187077864316811911389808737385793476867013399940738509921517424276566361364466907742093216341239767678472745068562007483424692698618103355649159556340810056512358769552333414615230502532186327508646006263307707741093494784	5764607523034235/576460752303423488
107	annotation-health	0/202402253307310618352495346718917307049556649764142118356901358027430339567995346891960383701437124495187077864316811911389808737385793476867013399940738509921517424276566361364466907742093216341239767678472745068562007483424692698618103355649159556340810056512358769552333414615230502532186327508646006263307707741093494784	5764607523034235/576460752303423488
107	attack-coverage	0/202402253307310618352495346718917307049556649764142118356901358027430339567995346891960383701437124495187077864316811911389808737385793476867013399940738509921517424276566361364466907742093216341239767678472745068562007483424692698618103355649159556340810056512358769552333414615230502532186327508646006263307707741093494784	5764607523034235/576460752303423488
107	consulting-pct	0/202402253307310618352495346718917307049556649764142118356901358027430339567995346891960383701437124495187077864316811911389808737385793476867013399940738509921517424276566361364466907742093216341239767678472745068562007483424692698618103355649159556340810056512358769552333414615230502532186327508646006263307707741093494784	5764607523034235/576460752303423488
107	coupling-density	0/202402253307310618352495346718917307049556649764142118356901358027430339567995346891960383701437124495187077864316811911389808737385793476867013399940738509921517424276566361364466907742093216341239767678472745068562007483424692698618103355649159556340810056512358769552333414615230502532186327508646006263307707741093494784	5764607523034235/576460752303423488
107	depositing-signal	0/202402253307310618352495346718917307049556649764142118356901358027430339567995346891960383701437124495187077864316811911389808737385793476867013399940738509921517424276566361364466907742093216341239767678472745068562007483424692698618103355649159556340810056512358769552333414615230502532186327508646006263307707741093494784	5764607523034235/576460752303423488
107	loop-health	6362720025837568/18446744073709551616	5764607523034235/576460752303423488
107	mathematics-pct	-6598686489419776/18889465931478580854784	5764607523034235/576460752303423488
107	mission-health	-8301034833169296/2305843009213693952	8646911284551352/576460752303423488
107	portfolio-pct	-6598686489419776/9444732965739290427392	5764607523034235/576460752303423488
107	sorry-count-norm	0/202402253307310618352495346718917307049556649764142118356901358027430339567995346891960383701437124495187077864316811911389808737385793476867013399940738509921517424276566361364466907742093216341239767678472745068562007483424692698618103355649159556340810056512358769552333414615230502532186327508646006263307707741093494784	5764607523034235/576460752303423488
107	stack-pct	4949014866821120/4722366482869645213696	5764607523034235/576460752303423488
107	support-coverage	0/202402253307310618352495346718917307049556649764142118356901358027430339567995346891960383701437124495187077864316811911389808737385793476867013399940738509921517424276566361364466907742093216341239767678472745068562007483424692698618103355649159556340810056512358769552333414615230502532186327508646006263307707741093494784	5764607523034235/576460752303423488
107	ticks-firing-ratio	0/202402253307310618352495346718917307049556649764142118356901358027430339567995346891960383701437124495187077864316811911389808737385793476867013399940738509921517424276566361364466907742093216341239767678472745068562007483424692698618103355649159556340810056512358769552333414615230502532186327508646006263307707741093494784	5764607523034235/576460752303423488
108	active-repo-ratio	0/202402253307310618352495346718917307049556649764142118356901358027430339567995346891960383701437124495187077864316811911389808737385793476867013399940738509921517424276566361364466907742093216341239767678472745068562007483424692698618103355649159556340810056512358769552333414615230502532186327508646006263307707741093494784	5764607523034235/576460752303423488
108	annotation-health	0/202402253307310618352495346718917307049556649764142118356901358027430339567995346891960383701437124495187077864316811911389808737385793476867013399940738509921517424276566361364466907742093216341239767678472745068562007483424692698618103355649159556340810056512358769552333414615230502532186327508646006263307707741093494784	5764607523034235/576460752303423488
108	attack-coverage	0/202402253307310618352495346718917307049556649764142118356901358027430339567995346891960383701437124495187077864316811911389808737385793476867013399940738509921517424276566361364466907742093216341239767678472745068562007483424692698618103355649159556340810056512358769552333414615230502532186327508646006263307707741093494784	5764607523034235/576460752303423488
108	consulting-pct	0/202402253307310618352495346718917307049556649764142118356901358027430339567995346891960383701437124495187077864316811911389808737385793476867013399940738509921517424276566361364466907742093216341239767678472745068562007483424692698618103355649159556340810056512358769552333414615230502532186327508646006263307707741093494784	5764607523034235/576460752303423488
108	coupling-density	0/202402253307310618352495346718917307049556649764142118356901358027430339567995346891960383701437124495187077864316811911389808737385793476867013399940738509921517424276566361364466907742093216341239767678472745068562007483424692698618103355649159556340810056512358769552333414615230502532186327508646006263307707741093494784	5764607523034235/576460752303423488
108	depositing-signal	0/202402253307310618352495346718917307049556649764142118356901358027430339567995346891960383701437124495187077864316811911389808737385793476867013399940738509921517424276566361364466907742093216341239767678472745068562007483424692698618103355649159556340810056512358769552333414615230502532186327508646006263307707741093494784	5764607523034235/576460752303423488
108	loop-health	6362720025837568/18446744073709551616	5764607523034235/576460752303423488
108	mathematics-pct	-6598686489419776/18889465931478580854784	5764607523034235/576460752303423488
108	mission-health	-8301034833169296/2305843009213693952	8646911284551352/576460752303423488
108	portfolio-pct	-6598686489419776/9444732965739290427392	5764607523034235/576460752303423488
108	sorry-count-norm	0/202402253307310618352495346718917307049556649764142118356901358027430339567995346891960383701437124495187077864316811911389808737385793476867013399940738509921517424276566361364466907742093216341239767678472745068562007483424692698618103355649159556340810056512358769552333414615230502532186327508646006263307707741093494784	5764607523034235/576460752303423488
108	stack-pct	4949014866821120/4722366482869645213696	5764607523034235/576460752303423488
108	support-coverage	0/202402253307310618352495346718917307049556649764142118356901358027430339567995346891960383701437124495187077864316811911389808737385793476867013399940738509921517424276566361364466907742093216341239767678472745068562007483424692698618103355649159556340810056512358769552333414615230502532186327508646006263307707741093494784	5764607523034235/576460752303423488
108	ticks-firing-ratio	0/202402253307310618352495346718917307049556649764142118356901358027430339567995346891960383701437124495187077864316811911389808737385793476867013399940738509921517424276566361364466907742093216341239767678472745068562007483424692698618103355649159556340810056512358769552333414615230502532186327508646006263307707741093494784	5764607523034235/576460752303423488
109	active-repo-ratio	0/202402253307310618352495346718917307049556649764142118356901358027430339567995346891960383701437124495187077864316811911389808737385793476867013399940738509921517424276566361364466907742093216341239767678472745068562007483424692698618103355649159556340810056512358769552333414615230502532186327508646006263307707741093494784	5764607523034235/576460752303423488
109	annotation-health	0/202402253307310618352495346718917307049556649764142118356901358027430339567995346891960383701437124495187077864316811911389808737385793476867013399940738509921517424276566361364466907742093216341239767678472745068562007483424692698618103355649159556340810056512358769552333414615230502532186327508646006263307707741093494784	5764607523034235/576460752303423488
109	attack-coverage	0/202402253307310618352495346718917307049556649764142118356901358027430339567995346891960383701437124495187077864316811911389808737385793476867013399940738509921517424276566361364466907742093216341239767678472745068562007483424692698618103355649159556340810056512358769552333414615230502532186327508646006263307707741093494784	5764607523034235/576460752303423488
109	consulting-pct	0/202402253307310618352495346718917307049556649764142118356901358027430339567995346891960383701437124495187077864316811911389808737385793476867013399940738509921517424276566361364466907742093216341239767678472745068562007483424692698618103355649159556340810056512358769552333414615230502532186327508646006263307707741093494784	5764607523034235/576460752303423488
109	coupling-density	0/202402253307310618352495346718917307049556649764142118356901358027430339567995346891960383701437124495187077864316811911389808737385793476867013399940738509921517424276566361364466907742093216341239767678472745068562007483424692698618103355649159556340810056512358769552333414615230502532186327508646006263307707741093494784	5764607523034235/576460752303423488
109	depositing-signal	0/202402253307310618352495346718917307049556649764142118356901358027430339567995346891960383701437124495187077864316811911389808737385793476867013399940738509921517424276566361364466907742093216341239767678472745068562007483424692698618103355649159556340810056512358769552333414615230502532186327508646006263307707741093494784	5764607523034235/576460752303423488
109	loop-health	6362720025837568/18446744073709551616	5764607523034235/576460752303423488
109	mathematics-pct	-6598686489419776/18889465931478580854784	5764607523034235/576460752303423488
109	mission-health	-8301034833169296/2305843009213693952	8646911284551352/576460752303423488
109	portfolio-pct	-6598686489419776/9444732965739290427392	5764607523034235/576460752303423488
109	sorry-count-norm	0/202402253307310618352495346718917307049556649764142118356901358027430339567995346891960383701437124495187077864316811911389808737385793476867013399940738509921517424276566361364466907742093216341239767678472745068562007483424692698618103355649159556340810056512358769552333414615230502532186327508646006263307707741093494784	5764607523034235/576460752303423488
109	stack-pct	4949014866821120/4722366482869645213696	5764607523034235/576460752303423488
109	support-coverage	0/202402253307310618352495346718917307049556649764142118356901358027430339567995346891960383701437124495187077864316811911389808737385793476867013399940738509921517424276566361364466907742093216341239767678472745068562007483424692698618103355649159556340810056512358769552333414615230502532186327508646006263307707741093494784	5764607523034235/576460752303423488
109	ticks-firing-ratio	0/202402253307310618352495346718917307049556649764142118356901358027430339567995346891960383701437124495187077864316811911389808737385793476867013399940738509921517424276566361364466907742093216341239767678472745068562007483424692698618103355649159556340810056512358769552333414615230502532186327508646006263307707741093494784	5764607523034235/576460752303423488
110	active-repo-ratio	0/202402253307310618352495346718917307049556649764142118356901358027430339567995346891960383701437124495187077864316811911389808737385793476867013399940738509921517424276566361364466907742093216341239767678472745068562007483424692698618103355649159556340810056512358769552333414615230502532186327508646006263307707741093494784	5764607523034235/576460752303423488
110	annotation-health	0/202402253307310618352495346718917307049556649764142118356901358027430339567995346891960383701437124495187077864316811911389808737385793476867013399940738509921517424276566361364466907742093216341239767678472745068562007483424692698618103355649159556340810056512358769552333414615230502532186327508646006263307707741093494784	5764607523034235/576460752303423488
110	attack-coverage	0/202402253307310618352495346718917307049556649764142118356901358027430339567995346891960383701437124495187077864316811911389808737385793476867013399940738509921517424276566361364466907742093216341239767678472745068562007483424692698618103355649159556340810056512358769552333414615230502532186327508646006263307707741093494784	5764607523034235/576460752303423488
110	consulting-pct	0/202402253307310618352495346718917307049556649764142118356901358027430339567995346891960383701437124495187077864316811911389808737385793476867013399940738509921517424276566361364466907742093216341239767678472745068562007483424692698618103355649159556340810056512358769552333414615230502532186327508646006263307707741093494784	5764607523034235/576460752303423488
110	coupling-density	0/202402253307310618352495346718917307049556649764142118356901358027430339567995346891960383701437124495187077864316811911389808737385793476867013399940738509921517424276566361364466907742093216341239767678472745068562007483424692698618103355649159556340810056512358769552333414615230502532186327508646006263307707741093494784	5764607523034235/576460752303423488
110	depositing-signal	0/202402253307310618352495346718917307049556649764142118356901358027430339567995346891960383701437124495187077864316811911389808737385793476867013399940738509921517424276566361364466907742093216341239767678472745068562007483424692698618103355649159556340810056512358769552333414615230502532186327508646006263307707741093494784	5764607523034235/576460752303423488
110	loop-health	6362720025837568/18446744073709551616	5764607523034235/576460752303423488
110	mathematics-pct	-6598686489419776/18889465931478580854784	5764607523034235/576460752303423488
110	mission-health	-8301034833169296/2305843009213693952	8646911284551352/576460752303423488
110	portfolio-pct	-6598686489419776/9444732965739290427392	5764607523034235/576460752303423488
110	sorry-count-norm	0/202402253307310618352495346718917307049556649764142118356901358027430339567995346891960383701437124495187077864316811911389808737385793476867013399940738509921517424276566361364466907742093216341239767678472745068562007483424692698618103355649159556340810056512358769552333414615230502532186327508646006263307707741093494784	5764607523034235/576460752303423488
110	stack-pct	4949014866821120/4722366482869645213696	5764607523034235/576460752303423488
110	support-coverage	0/202402253307310618352495346718917307049556649764142118356901358027430339567995346891960383701437124495187077864316811911389808737385793476867013399940738509921517424276566361364466907742093216341239767678472745068562007483424692698618103355649159556340810056512358769552333414615230502532186327508646006263307707741093494784	5764607523034235/576460752303423488
110	ticks-firing-ratio	0/202402253307310618352495346718917307049556649764142118356901358027430339567995346891960383701437124495187077864316811911389808737385793476867013399940738509921517424276566361364466907742093216341239767678472745068562007483424692698618103355649159556340810056512358769552333414615230502532186327508646006263307707741093494784	5764607523034235/576460752303423488
111	active-repo-ratio	0/202402253307310618352495346718917307049556649764142118356901358027430339567995346891960383701437124495187077864316811911389808737385793476867013399940738509921517424276566361364466907742093216341239767678472745068562007483424692698618103355649159556340810056512358769552333414615230502532186327508646006263307707741093494784	5764607523034235/576460752303423488
111	annotation-health	0/202402253307310618352495346718917307049556649764142118356901358027430339567995346891960383701437124495187077864316811911389808737385793476867013399940738509921517424276566361364466907742093216341239767678472745068562007483424692698618103355649159556340810056512358769552333414615230502532186327508646006263307707741093494784	5764607523034235/576460752303423488
111	attack-coverage	0/202402253307310618352495346718917307049556649764142118356901358027430339567995346891960383701437124495187077864316811911389808737385793476867013399940738509921517424276566361364466907742093216341239767678472745068562007483424692698618103355649159556340810056512358769552333414615230502532186327508646006263307707741093494784	5764607523034235/576460752303423488
111	consulting-pct	0/202402253307310618352495346718917307049556649764142118356901358027430339567995346891960383701437124495187077864316811911389808737385793476867013399940738509921517424276566361364466907742093216341239767678472745068562007483424692698618103355649159556340810056512358769552333414615230502532186327508646006263307707741093494784	5764607523034235/576460752303423488
111	coupling-density	0/202402253307310618352495346718917307049556649764142118356901358027430339567995346891960383701437124495187077864316811911389808737385793476867013399940738509921517424276566361364466907742093216341239767678472745068562007483424692698618103355649159556340810056512358769552333414615230502532186327508646006263307707741093494784	5764607523034235/576460752303423488
111	depositing-signal	0/202402253307310618352495346718917307049556649764142118356901358027430339567995346891960383701437124495187077864316811911389808737385793476867013399940738509921517424276566361364466907742093216341239767678472745068562007483424692698618103355649159556340810056512358769552333414615230502532186327508646006263307707741093494784	5764607523034235/576460752303423488
111	loop-health	6362720025837568/18446744073709551616	5764607523034235/576460752303423488
111	mathematics-pct	-6598686489419776/18889465931478580854784	5764607523034235/576460752303423488
111	mission-health	-8301034833169296/2305843009213693952	8646911284551352/576460752303423488
111	portfolio-pct	-6598686489419776/9444732965739290427392	5764607523034235/576460752303423488
111	sorry-count-norm	0/202402253307310618352495346718917307049556649764142118356901358027430339567995346891960383701437124495187077864316811911389808737385793476867013399940738509921517424276566361364466907742093216341239767678472745068562007483424692698618103355649159556340810056512358769552333414615230502532186327508646006263307707741093494784	5764607523034235/576460752303423488
111	stack-pct	4949014866821120/4722366482869645213696	5764607523034235/576460752303423488
111	support-coverage	0/202402253307310618352495346718917307049556649764142118356901358027430339567995346891960383701437124495187077864316811911389808737385793476867013399940738509921517424276566361364466907742093216341239767678472745068562007483424692698618103355649159556340810056512358769552333414615230502532186327508646006263307707741093494784	5764607523034235/576460752303423488
111	ticks-firing-ratio	0/202402253307310618352495346718917307049556649764142118356901358027430339567995346891960383701437124495187077864316811911389808737385793476867013399940738509921517424276566361364466907742093216341239767678472745068562007483424692698618103355649159556340810056512358769552333414615230502532186327508646006263307707741093494784	5764607523034235/576460752303423488
112	active-repo-ratio	0/202402253307310618352495346718917307049556649764142118356901358027430339567995346891960383701437124495187077864316811911389808737385793476867013399940738509921517424276566361364466907742093216341239767678472745068562007483424692698618103355649159556340810056512358769552333414615230502532186327508646006263307707741093494784	5764607523034235/576460752303423488
112	annotation-health	0/202402253307310618352495346718917307049556649764142118356901358027430339567995346891960383701437124495187077864316811911389808737385793476867013399940738509921517424276566361364466907742093216341239767678472745068562007483424692698618103355649159556340810056512358769552333414615230502532186327508646006263307707741093494784	5764607523034235/576460752303423488
112	attack-coverage	0/202402253307310618352495346718917307049556649764142118356901358027430339567995346891960383701437124495187077864316811911389808737385793476867013399940738509921517424276566361364466907742093216341239767678472745068562007483424692698618103355649159556340810056512358769552333414615230502532186327508646006263307707741093494784	5764607523034235/576460752303423488
112	consulting-pct	0/202402253307310618352495346718917307049556649764142118356901358027430339567995346891960383701437124495187077864316811911389808737385793476867013399940738509921517424276566361364466907742093216341239767678472745068562007483424692698618103355649159556340810056512358769552333414615230502532186327508646006263307707741093494784	5764607523034235/576460752303423488
112	coupling-density	0/202402253307310618352495346718917307049556649764142118356901358027430339567995346891960383701437124495187077864316811911389808737385793476867013399940738509921517424276566361364466907742093216341239767678472745068562007483424692698618103355649159556340810056512358769552333414615230502532186327508646006263307707741093494784	5764607523034235/576460752303423488
112	depositing-signal	0/202402253307310618352495346718917307049556649764142118356901358027430339567995346891960383701437124495187077864316811911389808737385793476867013399940738509921517424276566361364466907742093216341239767678472745068562007483424692698618103355649159556340810056512358769552333414615230502532186327508646006263307707741093494784	5764607523034235/576460752303423488
112	loop-health	6362720025837568/18446744073709551616	5764607523034235/576460752303423488
112	mathematics-pct	-6598686489419776/18889465931478580854784	5764607523034235/576460752303423488
112	mission-health	-8301034833169296/2305843009213693952	8646911284551352/576460752303423488
112	portfolio-pct	-6598686489419776/9444732965739290427392	5764607523034235/576460752303423488
112	sorry-count-norm	0/202402253307310618352495346718917307049556649764142118356901358027430339567995346891960383701437124495187077864316811911389808737385793476867013399940738509921517424276566361364466907742093216341239767678472745068562007483424692698618103355649159556340810056512358769552333414615230502532186327508646006263307707741093494784	5764607523034235/576460752303423488
112	stack-pct	4949014866821120/4722366482869645213696	5764607523034235/576460752303423488
112	support-coverage	0/202402253307310618352495346718917307049556649764142118356901358027430339567995346891960383701437124495187077864316811911389808737385793476867013399940738509921517424276566361364466907742093216341239767678472745068562007483424692698618103355649159556340810056512358769552333414615230502532186327508646006263307707741093494784	5764607523034235/576460752303423488
112	ticks-firing-ratio	0/202402253307310618352495346718917307049556649764142118356901358027430339567995346891960383701437124495187077864316811911389808737385793476867013399940738509921517424276566361364466907742093216341239767678472745068562007483424692698618103355649159556340810056512358769552333414615230502532186327508646006263307707741093494784	5764607523034235/576460752303423488
113	active-repo-ratio	0/202402253307310618352495346718917307049556649764142118356901358027430339567995346891960383701437124495187077864316811911389808737385793476867013399940738509921517424276566361364466907742093216341239767678472745068562007483424692698618103355649159556340810056512358769552333414615230502532186327508646006263307707741093494784	5764607523034235/576460752303423488
113	annotation-health	0/202402253307310618352495346718917307049556649764142118356901358027430339567995346891960383701437124495187077864316811911389808737385793476867013399940738509921517424276566361364466907742093216341239767678472745068562007483424692698618103355649159556340810056512358769552333414615230502532186327508646006263307707741093494784	5764607523034235/576460752303423488
113	attack-coverage	0/202402253307310618352495346718917307049556649764142118356901358027430339567995346891960383701437124495187077864316811911389808737385793476867013399940738509921517424276566361364466907742093216341239767678472745068562007483424692698618103355649159556340810056512358769552333414615230502532186327508646006263307707741093494784	5764607523034235/576460752303423488
113	consulting-pct	0/202402253307310618352495346718917307049556649764142118356901358027430339567995346891960383701437124495187077864316811911389808737385793476867013399940738509921517424276566361364466907742093216341239767678472745068562007483424692698618103355649159556340810056512358769552333414615230502532186327508646006263307707741093494784	5764607523034235/576460752303423488
113	coupling-density	0/202402253307310618352495346718917307049556649764142118356901358027430339567995346891960383701437124495187077864316811911389808737385793476867013399940738509921517424276566361364466907742093216341239767678472745068562007483424692698618103355649159556340810056512358769552333414615230502532186327508646006263307707741093494784	5764607523034235/576460752303423488
113	depositing-signal	0/202402253307310618352495346718917307049556649764142118356901358027430339567995346891960383701437124495187077864316811911389808737385793476867013399940738509921517424276566361364466907742093216341239767678472745068562007483424692698618103355649159556340810056512358769552333414615230502532186327508646006263307707741093494784	5764607523034235/576460752303423488
113	loop-health	6362720025837568/18446744073709551616	5764607523034235/576460752303423488
113	mathematics-pct	-6598686489419776/18889465931478580854784	5764607523034235/576460752303423488
113	mission-health	-8301034833169296/2305843009213693952	8646911284551352/576460752303423488
113	portfolio-pct	-6598686489419776/9444732965739290427392	5764607523034235/576460752303423488
113	sorry-count-norm	0/202402253307310618352495346718917307049556649764142118356901358027430339567995346891960383701437124495187077864316811911389808737385793476867013399940738509921517424276566361364466907742093216341239767678472745068562007483424692698618103355649159556340810056512358769552333414615230502532186327508646006263307707741093494784	5764607523034235/576460752303423488
113	stack-pct	4949014866821120/4722366482869645213696	5764607523034235/576460752303423488
113	support-coverage	0/202402253307310618352495346718917307049556649764142118356901358027430339567995346891960383701437124495187077864316811911389808737385793476867013399940738509921517424276566361364466907742093216341239767678472745068562007483424692698618103355649159556340810056512358769552333414615230502532186327508646006263307707741093494784	5764607523034235/576460752303423488
113	ticks-firing-ratio	0/202402253307310618352495346718917307049556649764142118356901358027430339567995346891960383701437124495187077864316811911389808737385793476867013399940738509921517424276566361364466907742093216341239767678472745068562007483424692698618103355649159556340810056512358769552333414615230502532186327508646006263307707741093494784	5764607523034235/576460752303423488
114	active-repo-ratio	0/202402253307310618352495346718917307049556649764142118356901358027430339567995346891960383701437124495187077864316811911389808737385793476867013399940738509921517424276566361364466907742093216341239767678472745068562007483424692698618103355649159556340810056512358769552333414615230502532186327508646006263307707741093494784	5764607523034235/576460752303423488
114	annotation-health	0/202402253307310618352495346718917307049556649764142118356901358027430339567995346891960383701437124495187077864316811911389808737385793476867013399940738509921517424276566361364466907742093216341239767678472745068562007483424692698618103355649159556340810056512358769552333414615230502532186327508646006263307707741093494784	5764607523034235/576460752303423488
114	attack-coverage	0/202402253307310618352495346718917307049556649764142118356901358027430339567995346891960383701437124495187077864316811911389808737385793476867013399940738509921517424276566361364466907742093216341239767678472745068562007483424692698618103355649159556340810056512358769552333414615230502532186327508646006263307707741093494784	5764607523034235/576460752303423488
114	consulting-pct	0/202402253307310618352495346718917307049556649764142118356901358027430339567995346891960383701437124495187077864316811911389808737385793476867013399940738509921517424276566361364466907742093216341239767678472745068562007483424692698618103355649159556340810056512358769552333414615230502532186327508646006263307707741093494784	5764607523034235/576460752303423488
114	coupling-density	0/202402253307310618352495346718917307049556649764142118356901358027430339567995346891960383701437124495187077864316811911389808737385793476867013399940738509921517424276566361364466907742093216341239767678472745068562007483424692698618103355649159556340810056512358769552333414615230502532186327508646006263307707741093494784	5764607523034235/576460752303423488
114	depositing-signal	0/202402253307310618352495346718917307049556649764142118356901358027430339567995346891960383701437124495187077864316811911389808737385793476867013399940738509921517424276566361364466907742093216341239767678472745068562007483424692698618103355649159556340810056512358769552333414615230502532186327508646006263307707741093494784	5764607523034235/576460752303423488
114	loop-health	6362720025837568/18446744073709551616	5764607523034235/576460752303423488
114	mathematics-pct	-6598686489419776/18889465931478580854784	5764607523034235/576460752303423488
114	mission-health	-8301034833169296/2305843009213693952	8646911284551352/576460752303423488
114	portfolio-pct	-6598686489419776/9444732965739290427392	5764607523034235/576460752303423488
114	sorry-count-norm	0/202402253307310618352495346718917307049556649764142118356901358027430339567995346891960383701437124495187077864316811911389808737385793476867013399940738509921517424276566361364466907742093216341239767678472745068562007483424692698618103355649159556340810056512358769552333414615230502532186327508646006263307707741093494784	5764607523034235/576460752303423488
114	stack-pct	4949014866821120/4722366482869645213696	5764607523034235/576460752303423488
114	support-coverage	0/202402253307310618352495346718917307049556649764142118356901358027430339567995346891960383701437124495187077864316811911389808737385793476867013399940738509921517424276566361364466907742093216341239767678472745068562007483424692698618103355649159556340810056512358769552333414615230502532186327508646006263307707741093494784	5764607523034235/576460752303423488
114	ticks-firing-ratio	0/202402253307310618352495346718917307049556649764142118356901358027430339567995346891960383701437124495187077864316811911389808737385793476867013399940738509921517424276566361364466907742093216341239767678472745068562007483424692698618103355649159556340810056512358769552333414615230502532186327508646006263307707741093494784	5764607523034235/576460752303423488
115	active-repo-ratio	0/202402253307310618352495346718917307049556649764142118356901358027430339567995346891960383701437124495187077864316811911389808737385793476867013399940738509921517424276566361364466907742093216341239767678472745068562007483424692698618103355649159556340810056512358769552333414615230502532186327508646006263307707741093494784	5764607523034235/576460752303423488
115	annotation-health	0/202402253307310618352495346718917307049556649764142118356901358027430339567995346891960383701437124495187077864316811911389808737385793476867013399940738509921517424276566361364466907742093216341239767678472745068562007483424692698618103355649159556340810056512358769552333414615230502532186327508646006263307707741093494784	5764607523034235/576460752303423488
115	attack-coverage	0/202402253307310618352495346718917307049556649764142118356901358027430339567995346891960383701437124495187077864316811911389808737385793476867013399940738509921517424276566361364466907742093216341239767678472745068562007483424692698618103355649159556340810056512358769552333414615230502532186327508646006263307707741093494784	5764607523034235/576460752303423488
115	consulting-pct	0/202402253307310618352495346718917307049556649764142118356901358027430339567995346891960383701437124495187077864316811911389808737385793476867013399940738509921517424276566361364466907742093216341239767678472745068562007483424692698618103355649159556340810056512358769552333414615230502532186327508646006263307707741093494784	5764607523034235/576460752303423488
115	coupling-density	0/202402253307310618352495346718917307049556649764142118356901358027430339567995346891960383701437124495187077864316811911389808737385793476867013399940738509921517424276566361364466907742093216341239767678472745068562007483424692698618103355649159556340810056512358769552333414615230502532186327508646006263307707741093494784	5764607523034235/576460752303423488
115	depositing-signal	0/202402253307310618352495346718917307049556649764142118356901358027430339567995346891960383701437124495187077864316811911389808737385793476867013399940738509921517424276566361364466907742093216341239767678472745068562007483424692698618103355649159556340810056512358769552333414615230502532186327508646006263307707741093494784	5764607523034235/576460752303423488
115	loop-health	6362720025837568/18446744073709551616	5764607523034235/576460752303423488
115	mathematics-pct	-6598686489419776/18889465931478580854784	5764607523034235/576460752303423488
115	mission-health	-8301034833169296/2305843009213693952	8646911284551352/576460752303423488
115	portfolio-pct	-6598686489419776/9444732965739290427392	5764607523034235/576460752303423488
115	sorry-count-norm	0/202402253307310618352495346718917307049556649764142118356901358027430339567995346891960383701437124495187077864316811911389808737385793476867013399940738509921517424276566361364466907742093216341239767678472745068562007483424692698618103355649159556340810056512358769552333414615230502532186327508646006263307707741093494784	5764607523034235/576460752303423488
115	stack-pct	4949014866821120/4722366482869645213696	5764607523034235/576460752303423488
115	support-coverage	0/202402253307310618352495346718917307049556649764142118356901358027430339567995346891960383701437124495187077864316811911389808737385793476867013399940738509921517424276566361364466907742093216341239767678472745068562007483424692698618103355649159556340810056512358769552333414615230502532186327508646006263307707741093494784	5764607523034235/576460752303423488
115	ticks-firing-ratio	0/202402253307310618352495346718917307049556649764142118356901358027430339567995346891960383701437124495187077864316811911389808737385793476867013399940738509921517424276566361364466907742093216341239767678472745068562007483424692698618103355649159556340810056512358769552333414615230502532186327508646006263307707741093494784	5764607523034235/576460752303423488
116	active-repo-ratio	0/202402253307310618352495346718917307049556649764142118356901358027430339567995346891960383701437124495187077864316811911389808737385793476867013399940738509921517424276566361364466907742093216341239767678472745068562007483424692698618103355649159556340810056512358769552333414615230502532186327508646006263307707741093494784	5764607523034235/576460752303423488
116	annotation-health	0/202402253307310618352495346718917307049556649764142118356901358027430339567995346891960383701437124495187077864316811911389808737385793476867013399940738509921517424276566361364466907742093216341239767678472745068562007483424692698618103355649159556340810056512358769552333414615230502532186327508646006263307707741093494784	5764607523034235/576460752303423488
116	attack-coverage	0/202402253307310618352495346718917307049556649764142118356901358027430339567995346891960383701437124495187077864316811911389808737385793476867013399940738509921517424276566361364466907742093216341239767678472745068562007483424692698618103355649159556340810056512358769552333414615230502532186327508646006263307707741093494784	5764607523034235/576460752303423488
116	consulting-pct	0/202402253307310618352495346718917307049556649764142118356901358027430339567995346891960383701437124495187077864316811911389808737385793476867013399940738509921517424276566361364466907742093216341239767678472745068562007483424692698618103355649159556340810056512358769552333414615230502532186327508646006263307707741093494784	5764607523034235/576460752303423488
116	coupling-density	0/202402253307310618352495346718917307049556649764142118356901358027430339567995346891960383701437124495187077864316811911389808737385793476867013399940738509921517424276566361364466907742093216341239767678472745068562007483424692698618103355649159556340810056512358769552333414615230502532186327508646006263307707741093494784	5764607523034235/576460752303423488
116	depositing-signal	0/202402253307310618352495346718917307049556649764142118356901358027430339567995346891960383701437124495187077864316811911389808737385793476867013399940738509921517424276566361364466907742093216341239767678472745068562007483424692698618103355649159556340810056512358769552333414615230502532186327508646006263307707741093494784	5764607523034235/576460752303423488
116	loop-health	6362720025837568/18446744073709551616	5764607523034235/576460752303423488
116	mathematics-pct	-6598686489419776/18889465931478580854784	5764607523034235/576460752303423488
116	mission-health	-8301034833169296/2305843009213693952	8646911284551352/576460752303423488
116	portfolio-pct	-6598686489419776/9444732965739290427392	5764607523034235/576460752303423488
116	sorry-count-norm	0/202402253307310618352495346718917307049556649764142118356901358027430339567995346891960383701437124495187077864316811911389808737385793476867013399940738509921517424276566361364466907742093216341239767678472745068562007483424692698618103355649159556340810056512358769552333414615230502532186327508646006263307707741093494784	5764607523034235/576460752303423488
116	stack-pct	4949014866821120/4722366482869645213696	5764607523034235/576460752303423488
116	support-coverage	0/202402253307310618352495346718917307049556649764142118356901358027430339567995346891960383701437124495187077864316811911389808737385793476867013399940738509921517424276566361364466907742093216341239767678472745068562007483424692698618103355649159556340810056512358769552333414615230502532186327508646006263307707741093494784	5764607523034235/576460752303423488
116	ticks-firing-ratio	0/202402253307310618352495346718917307049556649764142118356901358027430339567995346891960383701437124495187077864316811911389808737385793476867013399940738509921517424276566361364466907742093216341239767678472745068562007483424692698618103355649159556340810056512358769552333414615230502532186327508646006263307707741093494784	5764607523034235/576460752303423488
117	active-repo-ratio	0/202402253307310618352495346718917307049556649764142118356901358027430339567995346891960383701437124495187077864316811911389808737385793476867013399940738509921517424276566361364466907742093216341239767678472745068562007483424692698618103355649159556340810056512358769552333414615230502532186327508646006263307707741093494784	5764607523034235/576460752303423488
117	annotation-health	0/202402253307310618352495346718917307049556649764142118356901358027430339567995346891960383701437124495187077864316811911389808737385793476867013399940738509921517424276566361364466907742093216341239767678472745068562007483424692698618103355649159556340810056512358769552333414615230502532186327508646006263307707741093494784	5764607523034235/576460752303423488
117	attack-coverage	0/202402253307310618352495346718917307049556649764142118356901358027430339567995346891960383701437124495187077864316811911389808737385793476867013399940738509921517424276566361364466907742093216341239767678472745068562007483424692698618103355649159556340810056512358769552333414615230502532186327508646006263307707741093494784	5764607523034235/576460752303423488
117	consulting-pct	0/202402253307310618352495346718917307049556649764142118356901358027430339567995346891960383701437124495187077864316811911389808737385793476867013399940738509921517424276566361364466907742093216341239767678472745068562007483424692698618103355649159556340810056512358769552333414615230502532186327508646006263307707741093494784	5764607523034235/576460752303423488
117	coupling-density	0/202402253307310618352495346718917307049556649764142118356901358027430339567995346891960383701437124495187077864316811911389808737385793476867013399940738509921517424276566361364466907742093216341239767678472745068562007483424692698618103355649159556340810056512358769552333414615230502532186327508646006263307707741093494784	5764607523034235/576460752303423488
117	depositing-signal	0/202402253307310618352495346718917307049556649764142118356901358027430339567995346891960383701437124495187077864316811911389808737385793476867013399940738509921517424276566361364466907742093216341239767678472745068562007483424692698618103355649159556340810056512358769552333414615230502532186327508646006263307707741093494784	5764607523034235/576460752303423488
117	loop-health	6362720025837568/18446744073709551616	5764607523034235/576460752303423488
117	mathematics-pct	-6598686489419776/18889465931478580854784	5764607523034235/576460752303423488
117	mission-health	-8301034833169296/2305843009213693952	8646911284551352/576460752303423488
117	portfolio-pct	-6598686489419776/9444732965739290427392	5764607523034235/576460752303423488
117	sorry-count-norm	0/202402253307310618352495346718917307049556649764142118356901358027430339567995346891960383701437124495187077864316811911389808737385793476867013399940738509921517424276566361364466907742093216341239767678472745068562007483424692698618103355649159556340810056512358769552333414615230502532186327508646006263307707741093494784	5764607523034235/576460752303423488
117	stack-pct	4949014866821120/4722366482869645213696	5764607523034235/576460752303423488
117	support-coverage	0/202402253307310618352495346718917307049556649764142118356901358027430339567995346891960383701437124495187077864316811911389808737385793476867013399940738509921517424276566361364466907742093216341239767678472745068562007483424692698618103355649159556340810056512358769552333414615230502532186327508646006263307707741093494784	5764607523034235/576460752303423488
117	ticks-firing-ratio	0/202402253307310618352495346718917307049556649764142118356901358027430339567995346891960383701437124495187077864316811911389808737385793476867013399940738509921517424276566361364466907742093216341239767678472745068562007483424692698618103355649159556340810056512358769552333414615230502532186327508646006263307707741093494784	5764607523034235/576460752303423488
118	active-repo-ratio	0/202402253307310618352495346718917307049556649764142118356901358027430339567995346891960383701437124495187077864316811911389808737385793476867013399940738509921517424276566361364466907742093216341239767678472745068562007483424692698618103355649159556340810056512358769552333414615230502532186327508646006263307707741093494784	5764607523034235/576460752303423488
118	annotation-health	0/202402253307310618352495346718917307049556649764142118356901358027430339567995346891960383701437124495187077864316811911389808737385793476867013399940738509921517424276566361364466907742093216341239767678472745068562007483424692698618103355649159556340810056512358769552333414615230502532186327508646006263307707741093494784	5764607523034235/576460752303423488
118	attack-coverage	0/202402253307310618352495346718917307049556649764142118356901358027430339567995346891960383701437124495187077864316811911389808737385793476867013399940738509921517424276566361364466907742093216341239767678472745068562007483424692698618103355649159556340810056512358769552333414615230502532186327508646006263307707741093494784	5764607523034235/576460752303423488
118	consulting-pct	0/202402253307310618352495346718917307049556649764142118356901358027430339567995346891960383701437124495187077864316811911389808737385793476867013399940738509921517424276566361364466907742093216341239767678472745068562007483424692698618103355649159556340810056512358769552333414615230502532186327508646006263307707741093494784	5764607523034235/576460752303423488
118	coupling-density	0/202402253307310618352495346718917307049556649764142118356901358027430339567995346891960383701437124495187077864316811911389808737385793476867013399940738509921517424276566361364466907742093216341239767678472745068562007483424692698618103355649159556340810056512358769552333414615230502532186327508646006263307707741093494784	5764607523034235/576460752303423488
118	depositing-signal	0/202402253307310618352495346718917307049556649764142118356901358027430339567995346891960383701437124495187077864316811911389808737385793476867013399940738509921517424276566361364466907742093216341239767678472745068562007483424692698618103355649159556340810056512358769552333414615230502532186327508646006263307707741093494784	5764607523034235/576460752303423488
118	loop-health	6362720025837568/18446744073709551616	5764607523034235/576460752303423488
118	mathematics-pct	-6598686489419776/18889465931478580854784	5764607523034235/576460752303423488
118	mission-health	-8301034833169296/2305843009213693952	8646911284551352/576460752303423488
118	portfolio-pct	-6598686489419776/9444732965739290427392	5764607523034235/576460752303423488
118	sorry-count-norm	0/202402253307310618352495346718917307049556649764142118356901358027430339567995346891960383701437124495187077864316811911389808737385793476867013399940738509921517424276566361364466907742093216341239767678472745068562007483424692698618103355649159556340810056512358769552333414615230502532186327508646006263307707741093494784	5764607523034235/576460752303423488
118	stack-pct	4949014866821120/4722366482869645213696	5764607523034235/576460752303423488
118	support-coverage	0/202402253307310618352495346718917307049556649764142118356901358027430339567995346891960383701437124495187077864316811911389808737385793476867013399940738509921517424276566361364466907742093216341239767678472745068562007483424692698618103355649159556340810056512358769552333414615230502532186327508646006263307707741093494784	5764607523034235/576460752303423488
118	ticks-firing-ratio	0/202402253307310618352495346718917307049556649764142118356901358027430339567995346891960383701437124495187077864316811911389808737385793476867013399940738509921517424276566361364466907742093216341239767678472745068562007483424692698618103355649159556340810056512358769552333414615230502532186327508646006263307707741093494784	5764607523034235/576460752303423488
119	active-repo-ratio	0/202402253307310618352495346718917307049556649764142118356901358027430339567995346891960383701437124495187077864316811911389808737385793476867013399940738509921517424276566361364466907742093216341239767678472745068562007483424692698618103355649159556340810056512358769552333414615230502532186327508646006263307707741093494784	5764607523034235/576460752303423488
119	annotation-health	0/202402253307310618352495346718917307049556649764142118356901358027430339567995346891960383701437124495187077864316811911389808737385793476867013399940738509921517424276566361364466907742093216341239767678472745068562007483424692698618103355649159556340810056512358769552333414615230502532186327508646006263307707741093494784	5764607523034235/576460752303423488
119	attack-coverage	0/202402253307310618352495346718917307049556649764142118356901358027430339567995346891960383701437124495187077864316811911389808737385793476867013399940738509921517424276566361364466907742093216341239767678472745068562007483424692698618103355649159556340810056512358769552333414615230502532186327508646006263307707741093494784	5764607523034235/576460752303423488
119	consulting-pct	0/202402253307310618352495346718917307049556649764142118356901358027430339567995346891960383701437124495187077864316811911389808737385793476867013399940738509921517424276566361364466907742093216341239767678472745068562007483424692698618103355649159556340810056512358769552333414615230502532186327508646006263307707741093494784	5764607523034235/576460752303423488
119	coupling-density	0/202402253307310618352495346718917307049556649764142118356901358027430339567995346891960383701437124495187077864316811911389808737385793476867013399940738509921517424276566361364466907742093216341239767678472745068562007483424692698618103355649159556340810056512358769552333414615230502532186327508646006263307707741093494784	5764607523034235/576460752303423488
119	depositing-signal	0/202402253307310618352495346718917307049556649764142118356901358027430339567995346891960383701437124495187077864316811911389808737385793476867013399940738509921517424276566361364466907742093216341239767678472745068562007483424692698618103355649159556340810056512358769552333414615230502532186327508646006263307707741093494784	5764607523034235/576460752303423488
119	loop-health	6362720025837568/18446744073709551616	5764607523034235/576460752303423488
119	mathematics-pct	-6598686489419776/18889465931478580854784	5764607523034235/576460752303423488
119	mission-health	-8301034833169296/2305843009213693952	8646911284551352/576460752303423488
119	portfolio-pct	-6598686489419776/9444732965739290427392	5764607523034235/576460752303423488
119	sorry-count-norm	0/202402253307310618352495346718917307049556649764142118356901358027430339567995346891960383701437124495187077864316811911389808737385793476867013399940738509921517424276566361364466907742093216341239767678472745068562007483424692698618103355649159556340810056512358769552333414615230502532186327508646006263307707741093494784	5764607523034235/576460752303423488
119	stack-pct	4949014866821120/4722366482869645213696	5764607523034235/576460752303423488
119	support-coverage	0/202402253307310618352495346718917307049556649764142118356901358027430339567995346891960383701437124495187077864316811911389808737385793476867013399940738509921517424276566361364466907742093216341239767678472745068562007483424692698618103355649159556340810056512358769552333414615230502532186327508646006263307707741093494784	5764607523034235/576460752303423488
119	ticks-firing-ratio	0/202402253307310618352495346718917307049556649764142118356901358027430339567995346891960383701437124495187077864316811911389808737385793476867013399940738509921517424276566361364466907742093216341239767678472745068562007483424692698618103355649159556340810056512358769552333414615230502532186327508646006263307707741093494784	5764607523034235/576460752303423488
120	active-repo-ratio	0/202402253307310618352495346718917307049556649764142118356901358027430339567995346891960383701437124495187077864316811911389808737385793476867013399940738509921517424276566361364466907742093216341239767678472745068562007483424692698618103355649159556340810056512358769552333414615230502532186327508646006263307707741093494784	5764607523034235/576460752303423488
120	annotation-health	0/202402253307310618352495346718917307049556649764142118356901358027430339567995346891960383701437124495187077864316811911389808737385793476867013399940738509921517424276566361364466907742093216341239767678472745068562007483424692698618103355649159556340810056512358769552333414615230502532186327508646006263307707741093494784	5764607523034235/576460752303423488
120	attack-coverage	0/202402253307310618352495346718917307049556649764142118356901358027430339567995346891960383701437124495187077864316811911389808737385793476867013399940738509921517424276566361364466907742093216341239767678472745068562007483424692698618103355649159556340810056512358769552333414615230502532186327508646006263307707741093494784	5764607523034235/576460752303423488
120	consulting-pct	0/202402253307310618352495346718917307049556649764142118356901358027430339567995346891960383701437124495187077864316811911389808737385793476867013399940738509921517424276566361364466907742093216341239767678472745068562007483424692698618103355649159556340810056512358769552333414615230502532186327508646006263307707741093494784	5764607523034235/576460752303423488
120	coupling-density	0/202402253307310618352495346718917307049556649764142118356901358027430339567995346891960383701437124495187077864316811911389808737385793476867013399940738509921517424276566361364466907742093216341239767678472745068562007483424692698618103355649159556340810056512358769552333414615230502532186327508646006263307707741093494784	5764607523034235/576460752303423488
120	depositing-signal	0/202402253307310618352495346718917307049556649764142118356901358027430339567995346891960383701437124495187077864316811911389808737385793476867013399940738509921517424276566361364466907742093216341239767678472745068562007483424692698618103355649159556340810056512358769552333414615230502532186327508646006263307707741093494784	5764607523034235/576460752303423488
120	loop-health	6362720025837568/18446744073709551616	5764607523034235/576460752303423488
120	mathematics-pct	-6598686489419776/18889465931478580854784	5764607523034235/576460752303423488
120	mission-health	-8301034833169296/2305843009213693952	8646911284551352/576460752303423488
120	portfolio-pct	-6598686489419776/9444732965739290427392	5764607523034235/576460752303423488
120	sorry-count-norm	0/202402253307310618352495346718917307049556649764142118356901358027430339567995346891960383701437124495187077864316811911389808737385793476867013399940738509921517424276566361364466907742093216341239767678472745068562007483424692698618103355649159556340810056512358769552333414615230502532186327508646006263307707741093494784	5764607523034235/576460752303423488
120	stack-pct	4949014866821120/4722366482869645213696	5764607523034235/576460752303423488
120	support-coverage	0/202402253307310618352495346718917307049556649764142118356901358027430339567995346891960383701437124495187077864316811911389808737385793476867013399940738509921517424276566361364466907742093216341239767678472745068562007483424692698618103355649159556340810056512358769552333414615230502532186327508646006263307707741093494784	5764607523034235/576460752303423488
120	ticks-firing-ratio	0/202402253307310618352495346718917307049556649764142118356901358027430339567995346891960383701437124495187077864316811911389808737385793476867013399940738509921517424276566361364466907742093216341239767678472745068562007483424692698618103355649159556340810056512358769552333414615230502532186327508646006263307707741093494784	5764607523034235/576460752303423488
121	active-repo-ratio	0/202402253307310618352495346718917307049556649764142118356901358027430339567995346891960383701437124495187077864316811911389808737385793476867013399940738509921517424276566361364466907742093216341239767678472745068562007483424692698618103355649159556340810056512358769552333414615230502532186327508646006263307707741093494784	5764607523034235/576460752303423488
121	annotation-health	0/202402253307310618352495346718917307049556649764142118356901358027430339567995346891960383701437124495187077864316811911389808737385793476867013399940738509921517424276566361364466907742093216341239767678472745068562007483424692698618103355649159556340810056512358769552333414615230502532186327508646006263307707741093494784	5764607523034235/576460752303423488
121	attack-coverage	0/202402253307310618352495346718917307049556649764142118356901358027430339567995346891960383701437124495187077864316811911389808737385793476867013399940738509921517424276566361364466907742093216341239767678472745068562007483424692698618103355649159556340810056512358769552333414615230502532186327508646006263307707741093494784	5764607523034235/576460752303423488
121	consulting-pct	0/202402253307310618352495346718917307049556649764142118356901358027430339567995346891960383701437124495187077864316811911389808737385793476867013399940738509921517424276566361364466907742093216341239767678472745068562007483424692698618103355649159556340810056512358769552333414615230502532186327508646006263307707741093494784	5764607523034235/576460752303423488
121	coupling-density	0/202402253307310618352495346718917307049556649764142118356901358027430339567995346891960383701437124495187077864316811911389808737385793476867013399940738509921517424276566361364466907742093216341239767678472745068562007483424692698618103355649159556340810056512358769552333414615230502532186327508646006263307707741093494784	5764607523034235/576460752303423488
121	depositing-signal	0/202402253307310618352495346718917307049556649764142118356901358027430339567995346891960383701437124495187077864316811911389808737385793476867013399940738509921517424276566361364466907742093216341239767678472745068562007483424692698618103355649159556340810056512358769552333414615230502532186327508646006263307707741093494784	5764607523034235/576460752303423488
121	loop-health	6362720025837568/18446744073709551616	5764607523034235/576460752303423488
121	mathematics-pct	-6598686489419776/18889465931478580854784	5764607523034235/576460752303423488
121	mission-health	-8301034833169296/2305843009213693952	8646911284551352/576460752303423488
121	portfolio-pct	-6598686489419776/9444732965739290427392	5764607523034235/576460752303423488
121	sorry-count-norm	0/202402253307310618352495346718917307049556649764142118356901358027430339567995346891960383701437124495187077864316811911389808737385793476867013399940738509921517424276566361364466907742093216341239767678472745068562007483424692698618103355649159556340810056512358769552333414615230502532186327508646006263307707741093494784	5764607523034235/576460752303423488
121	stack-pct	4949014866821120/4722366482869645213696	5764607523034235/576460752303423488
121	support-coverage	0/202402253307310618352495346718917307049556649764142118356901358027430339567995346891960383701437124495187077864316811911389808737385793476867013399940738509921517424276566361364466907742093216341239767678472745068562007483424692698618103355649159556340810056512358769552333414615230502532186327508646006263307707741093494784	5764607523034235/576460752303423488
121	ticks-firing-ratio	0/202402253307310618352495346718917307049556649764142118356901358027430339567995346891960383701437124495187077864316811911389808737385793476867013399940738509921517424276566361364466907742093216341239767678472745068562007483424692698618103355649159556340810056512358769552333414615230502532186327508646006263307707741093494784	5764607523034235/576460752303423488
122	active-repo-ratio	0/202402253307310618352495346718917307049556649764142118356901358027430339567995346891960383701437124495187077864316811911389808737385793476867013399940738509921517424276566361364466907742093216341239767678472745068562007483424692698618103355649159556340810056512358769552333414615230502532186327508646006263307707741093494784	5764607523034235/576460752303423488
122	annotation-health	0/202402253307310618352495346718917307049556649764142118356901358027430339567995346891960383701437124495187077864316811911389808737385793476867013399940738509921517424276566361364466907742093216341239767678472745068562007483424692698618103355649159556340810056512358769552333414615230502532186327508646006263307707741093494784	5764607523034235/576460752303423488
122	attack-coverage	0/202402253307310618352495346718917307049556649764142118356901358027430339567995346891960383701437124495187077864316811911389808737385793476867013399940738509921517424276566361364466907742093216341239767678472745068562007483424692698618103355649159556340810056512358769552333414615230502532186327508646006263307707741093494784	5764607523034235/576460752303423488
122	consulting-pct	0/202402253307310618352495346718917307049556649764142118356901358027430339567995346891960383701437124495187077864316811911389808737385793476867013399940738509921517424276566361364466907742093216341239767678472745068562007483424692698618103355649159556340810056512358769552333414615230502532186327508646006263307707741093494784	5764607523034235/576460752303423488
122	coupling-density	0/202402253307310618352495346718917307049556649764142118356901358027430339567995346891960383701437124495187077864316811911389808737385793476867013399940738509921517424276566361364466907742093216341239767678472745068562007483424692698618103355649159556340810056512358769552333414615230502532186327508646006263307707741093494784	5764607523034235/576460752303423488
122	depositing-signal	0/202402253307310618352495346718917307049556649764142118356901358027430339567995346891960383701437124495187077864316811911389808737385793476867013399940738509921517424276566361364466907742093216341239767678472745068562007483424692698618103355649159556340810056512358769552333414615230502532186327508646006263307707741093494784	5764607523034235/576460752303423488
122	loop-health	6362720025837568/18446744073709551616	5764607523034235/576460752303423488
122	mathematics-pct	-6598686489419776/18889465931478580854784	5764607523034235/576460752303423488
122	mission-health	-8301034833169296/2305843009213693952	8646911284551352/576460752303423488
122	portfolio-pct	-6598686489419776/9444732965739290427392	5764607523034235/576460752303423488
122	sorry-count-norm	0/202402253307310618352495346718917307049556649764142118356901358027430339567995346891960383701437124495187077864316811911389808737385793476867013399940738509921517424276566361364466907742093216341239767678472745068562007483424692698618103355649159556340810056512358769552333414615230502532186327508646006263307707741093494784	5764607523034235/576460752303423488
122	stack-pct	4949014866821120/4722366482869645213696	5764607523034235/576460752303423488
122	support-coverage	0/202402253307310618352495346718917307049556649764142118356901358027430339567995346891960383701437124495187077864316811911389808737385793476867013399940738509921517424276566361364466907742093216341239767678472745068562007483424692698618103355649159556340810056512358769552333414615230502532186327508646006263307707741093494784	5764607523034235/576460752303423488
122	ticks-firing-ratio	0/202402253307310618352495346718917307049556649764142118356901358027430339567995346891960383701437124495187077864316811911389808737385793476867013399940738509921517424276566361364466907742093216341239767678472745068562007483424692698618103355649159556340810056512358769552333414615230502532186327508646006263307707741093494784	5764607523034235/576460752303423488
123	active-repo-ratio	0/202402253307310618352495346718917307049556649764142118356901358027430339567995346891960383701437124495187077864316811911389808737385793476867013399940738509921517424276566361364466907742093216341239767678472745068562007483424692698618103355649159556340810056512358769552333414615230502532186327508646006263307707741093494784	5764607523034235/576460752303423488
123	annotation-health	0/202402253307310618352495346718917307049556649764142118356901358027430339567995346891960383701437124495187077864316811911389808737385793476867013399940738509921517424276566361364466907742093216341239767678472745068562007483424692698618103355649159556340810056512358769552333414615230502532186327508646006263307707741093494784	5764607523034235/576460752303423488
123	attack-coverage	0/202402253307310618352495346718917307049556649764142118356901358027430339567995346891960383701437124495187077864316811911389808737385793476867013399940738509921517424276566361364466907742093216341239767678472745068562007483424692698618103355649159556340810056512358769552333414615230502532186327508646006263307707741093494784	5764607523034235/576460752303423488
123	consulting-pct	0/202402253307310618352495346718917307049556649764142118356901358027430339567995346891960383701437124495187077864316811911389808737385793476867013399940738509921517424276566361364466907742093216341239767678472745068562007483424692698618103355649159556340810056512358769552333414615230502532186327508646006263307707741093494784	5764607523034235/576460752303423488
123	coupling-density	0/202402253307310618352495346718917307049556649764142118356901358027430339567995346891960383701437124495187077864316811911389808737385793476867013399940738509921517424276566361364466907742093216341239767678472745068562007483424692698618103355649159556340810056512358769552333414615230502532186327508646006263307707741093494784	5764607523034235/576460752303423488
123	depositing-signal	0/202402253307310618352495346718917307049556649764142118356901358027430339567995346891960383701437124495187077864316811911389808737385793476867013399940738509921517424276566361364466907742093216341239767678472745068562007483424692698618103355649159556340810056512358769552333414615230502532186327508646006263307707741093494784	5764607523034235/576460752303423488
123	loop-health	6362720025837568/18446744073709551616	5764607523034235/576460752303423488
123	mathematics-pct	-6598686489419776/18889465931478580854784	5764607523034235/576460752303423488
123	mission-health	-8301034833169296/2305843009213693952	8646911284551352/576460752303423488
123	portfolio-pct	-6598686489419776/9444732965739290427392	5764607523034235/576460752303423488
123	sorry-count-norm	0/202402253307310618352495346718917307049556649764142118356901358027430339567995346891960383701437124495187077864316811911389808737385793476867013399940738509921517424276566361364466907742093216341239767678472745068562007483424692698618103355649159556340810056512358769552333414615230502532186327508646006263307707741093494784	5764607523034235/576460752303423488
123	stack-pct	4949014866821120/4722366482869645213696	5764607523034235/576460752303423488
123	support-coverage	0/202402253307310618352495346718917307049556649764142118356901358027430339567995346891960383701437124495187077864316811911389808737385793476867013399940738509921517424276566361364466907742093216341239767678472745068562007483424692698618103355649159556340810056512358769552333414615230502532186327508646006263307707741093494784	5764607523034235/576460752303423488
123	ticks-firing-ratio	0/202402253307310618352495346718917307049556649764142118356901358027430339567995346891960383701437124495187077864316811911389808737385793476867013399940738509921517424276566361364466907742093216341239767678472745068562007483424692698618103355649159556340810056512358769552333414615230502532186327508646006263307707741093494784	5764607523034235/576460752303423488
124	active-repo-ratio	0/202402253307310618352495346718917307049556649764142118356901358027430339567995346891960383701437124495187077864316811911389808737385793476867013399940738509921517424276566361364466907742093216341239767678472745068562007483424692698618103355649159556340810056512358769552333414615230502532186327508646006263307707741093494784	5764607523034235/576460752303423488
124	annotation-health	0/202402253307310618352495346718917307049556649764142118356901358027430339567995346891960383701437124495187077864316811911389808737385793476867013399940738509921517424276566361364466907742093216341239767678472745068562007483424692698618103355649159556340810056512358769552333414615230502532186327508646006263307707741093494784	5764607523034235/576460752303423488
124	attack-coverage	0/202402253307310618352495346718917307049556649764142118356901358027430339567995346891960383701437124495187077864316811911389808737385793476867013399940738509921517424276566361364466907742093216341239767678472745068562007483424692698618103355649159556340810056512358769552333414615230502532186327508646006263307707741093494784	5764607523034235/576460752303423488
124	consulting-pct	0/202402253307310618352495346718917307049556649764142118356901358027430339567995346891960383701437124495187077864316811911389808737385793476867013399940738509921517424276566361364466907742093216341239767678472745068562007483424692698618103355649159556340810056512358769552333414615230502532186327508646006263307707741093494784	5764607523034235/576460752303423488
124	coupling-density	0/202402253307310618352495346718917307049556649764142118356901358027430339567995346891960383701437124495187077864316811911389808737385793476867013399940738509921517424276566361364466907742093216341239767678472745068562007483424692698618103355649159556340810056512358769552333414615230502532186327508646006263307707741093494784	5764607523034235/576460752303423488
124	depositing-signal	0/202402253307310618352495346718917307049556649764142118356901358027430339567995346891960383701437124495187077864316811911389808737385793476867013399940738509921517424276566361364466907742093216341239767678472745068562007483424692698618103355649159556340810056512358769552333414615230502532186327508646006263307707741093494784	5764607523034235/576460752303423488
124	loop-health	6362720025837568/18446744073709551616	5764607523034235/576460752303423488
124	mathematics-pct	-6598686489419776/18889465931478580854784	5764607523034235/576460752303423488
124	mission-health	-8301034833169296/2305843009213693952	8646911284551352/576460752303423488
124	portfolio-pct	-6598686489419776/9444732965739290427392	5764607523034235/576460752303423488
124	sorry-count-norm	0/202402253307310618352495346718917307049556649764142118356901358027430339567995346891960383701437124495187077864316811911389808737385793476867013399940738509921517424276566361364466907742093216341239767678472745068562007483424692698618103355649159556340810056512358769552333414615230502532186327508646006263307707741093494784	5764607523034235/576460752303423488
124	stack-pct	4949014866821120/4722366482869645213696	5764607523034235/576460752303423488
124	support-coverage	0/202402253307310618352495346718917307049556649764142118356901358027430339567995346891960383701437124495187077864316811911389808737385793476867013399940738509921517424276566361364466907742093216341239767678472745068562007483424692698618103355649159556340810056512358769552333414615230502532186327508646006263307707741093494784	5764607523034235/576460752303423488
124	ticks-firing-ratio	0/202402253307310618352495346718917307049556649764142118356901358027430339567995346891960383701437124495187077864316811911389808737385793476867013399940738509921517424276566361364466907742093216341239767678472745068562007483424692698618103355649159556340810056512358769552333414615230502532186327508646006263307707741093494784	5764607523034235/576460752303423488
125	active-repo-ratio	0/202402253307310618352495346718917307049556649764142118356901358027430339567995346891960383701437124495187077864316811911389808737385793476867013399940738509921517424276566361364466907742093216341239767678472745068562007483424692698618103355649159556340810056512358769552333414615230502532186327508646006263307707741093494784	5764607523034235/576460752303423488
125	annotation-health	0/202402253307310618352495346718917307049556649764142118356901358027430339567995346891960383701437124495187077864316811911389808737385793476867013399940738509921517424276566361364466907742093216341239767678472745068562007483424692698618103355649159556340810056512358769552333414615230502532186327508646006263307707741093494784	5764607523034235/576460752303423488
125	attack-coverage	0/202402253307310618352495346718917307049556649764142118356901358027430339567995346891960383701437124495187077864316811911389808737385793476867013399940738509921517424276566361364466907742093216341239767678472745068562007483424692698618103355649159556340810056512358769552333414615230502532186327508646006263307707741093494784	5764607523034235/576460752303423488
125	consulting-pct	0/202402253307310618352495346718917307049556649764142118356901358027430339567995346891960383701437124495187077864316811911389808737385793476867013399940738509921517424276566361364466907742093216341239767678472745068562007483424692698618103355649159556340810056512358769552333414615230502532186327508646006263307707741093494784	5764607523034235/576460752303423488
125	coupling-density	0/202402253307310618352495346718917307049556649764142118356901358027430339567995346891960383701437124495187077864316811911389808737385793476867013399940738509921517424276566361364466907742093216341239767678472745068562007483424692698618103355649159556340810056512358769552333414615230502532186327508646006263307707741093494784	5764607523034235/576460752303423488
125	depositing-signal	0/202402253307310618352495346718917307049556649764142118356901358027430339567995346891960383701437124495187077864316811911389808737385793476867013399940738509921517424276566361364466907742093216341239767678472745068562007483424692698618103355649159556340810056512358769552333414615230502532186327508646006263307707741093494784	5764607523034235/576460752303423488
125	loop-health	6362720025837568/18446744073709551616	5764607523034235/576460752303423488
125	mathematics-pct	-6598686489419776/18889465931478580854784	5764607523034235/576460752303423488
125	mission-health	-8301034833169296/2305843009213693952	8646911284551352/576460752303423488
125	portfolio-pct	-6598686489419776/9444732965739290427392	5764607523034235/576460752303423488
125	sorry-count-norm	0/202402253307310618352495346718917307049556649764142118356901358027430339567995346891960383701437124495187077864316811911389808737385793476867013399940738509921517424276566361364466907742093216341239767678472745068562007483424692698618103355649159556340810056512358769552333414615230502532186327508646006263307707741093494784	5764607523034235/576460752303423488
125	stack-pct	4949014866821120/4722366482869645213696	5764607523034235/576460752303423488
125	support-coverage	0/202402253307310618352495346718917307049556649764142118356901358027430339567995346891960383701437124495187077864316811911389808737385793476867013399940738509921517424276566361364466907742093216341239767678472745068562007483424692698618103355649159556340810056512358769552333414615230502532186327508646006263307707741093494784	5764607523034235/576460752303423488
125	ticks-firing-ratio	0/202402253307310618352495346718917307049556649764142118356901358027430339567995346891960383701437124495187077864316811911389808737385793476867013399940738509921517424276566361364466907742093216341239767678472745068562007483424692698618103355649159556340810056512358769552333414615230502532186327508646006263307707741093494784	5764607523034235/576460752303423488
126	active-repo-ratio	0/202402253307310618352495346718917307049556649764142118356901358027430339567995346891960383701437124495187077864316811911389808737385793476867013399940738509921517424276566361364466907742093216341239767678472745068562007483424692698618103355649159556340810056512358769552333414615230502532186327508646006263307707741093494784	5764607523034235/576460752303423488
126	annotation-health	0/202402253307310618352495346718917307049556649764142118356901358027430339567995346891960383701437124495187077864316811911389808737385793476867013399940738509921517424276566361364466907742093216341239767678472745068562007483424692698618103355649159556340810056512358769552333414615230502532186327508646006263307707741093494784	5764607523034235/576460752303423488
126	attack-coverage	0/202402253307310618352495346718917307049556649764142118356901358027430339567995346891960383701437124495187077864316811911389808737385793476867013399940738509921517424276566361364466907742093216341239767678472745068562007483424692698618103355649159556340810056512358769552333414615230502532186327508646006263307707741093494784	5764607523034235/576460752303423488
126	consulting-pct	0/202402253307310618352495346718917307049556649764142118356901358027430339567995346891960383701437124495187077864316811911389808737385793476867013399940738509921517424276566361364466907742093216341239767678472745068562007483424692698618103355649159556340810056512358769552333414615230502532186327508646006263307707741093494784	5764607523034235/576460752303423488
126	coupling-density	0/202402253307310618352495346718917307049556649764142118356901358027430339567995346891960383701437124495187077864316811911389808737385793476867013399940738509921517424276566361364466907742093216341239767678472745068562007483424692698618103355649159556340810056512358769552333414615230502532186327508646006263307707741093494784	5764607523034235/576460752303423488
126	depositing-signal	0/202402253307310618352495346718917307049556649764142118356901358027430339567995346891960383701437124495187077864316811911389808737385793476867013399940738509921517424276566361364466907742093216341239767678472745068562007483424692698618103355649159556340810056512358769552333414615230502532186327508646006263307707741093494784	5764607523034235/576460752303423488
126	loop-health	6362720025837568/18446744073709551616	5764607523034235/576460752303423488
126	mathematics-pct	-6598686489419776/18889465931478580854784	5764607523034235/576460752303423488
126	mission-health	-8301034833169296/2305843009213693952	8646911284551352/576460752303423488
126	portfolio-pct	-6598686489419776/9444732965739290427392	5764607523034235/576460752303423488
126	sorry-count-norm	0/202402253307310618352495346718917307049556649764142118356901358027430339567995346891960383701437124495187077864316811911389808737385793476867013399940738509921517424276566361364466907742093216341239767678472745068562007483424692698618103355649159556340810056512358769552333414615230502532186327508646006263307707741093494784	5764607523034235/576460752303423488
126	stack-pct	4949014866821120/4722366482869645213696	5764607523034235/576460752303423488
126	support-coverage	0/202402253307310618352495346718917307049556649764142118356901358027430339567995346891960383701437124495187077864316811911389808737385793476867013399940738509921517424276566361364466907742093216341239767678472745068562007483424692698618103355649159556340810056512358769552333414615230502532186327508646006263307707741093494784	5764607523034235/576460752303423488
126	ticks-firing-ratio	0/202402253307310618352495346718917307049556649764142118356901358027430339567995346891960383701437124495187077864316811911389808737385793476867013399940738509921517424276566361364466907742093216341239767678472745068562007483424692698618103355649159556340810056512358769552333414615230502532186327508646006263307707741093494784	5764607523034235/576460752303423488
127	active-repo-ratio	0/202402253307310618352495346718917307049556649764142118356901358027430339567995346891960383701437124495187077864316811911389808737385793476867013399940738509921517424276566361364466907742093216341239767678472745068562007483424692698618103355649159556340810056512358769552333414615230502532186327508646006263307707741093494784	5764607523034235/576460752303423488
127	annotation-health	0/202402253307310618352495346718917307049556649764142118356901358027430339567995346891960383701437124495187077864316811911389808737385793476867013399940738509921517424276566361364466907742093216341239767678472745068562007483424692698618103355649159556340810056512358769552333414615230502532186327508646006263307707741093494784	5764607523034235/576460752303423488
127	attack-coverage	0/202402253307310618352495346718917307049556649764142118356901358027430339567995346891960383701437124495187077864316811911389808737385793476867013399940738509921517424276566361364466907742093216341239767678472745068562007483424692698618103355649159556340810056512358769552333414615230502532186327508646006263307707741093494784	5764607523034235/576460752303423488
127	consulting-pct	0/202402253307310618352495346718917307049556649764142118356901358027430339567995346891960383701437124495187077864316811911389808737385793476867013399940738509921517424276566361364466907742093216341239767678472745068562007483424692698618103355649159556340810056512358769552333414615230502532186327508646006263307707741093494784	5764607523034235/576460752303423488
127	coupling-density	0/202402253307310618352495346718917307049556649764142118356901358027430339567995346891960383701437124495187077864316811911389808737385793476867013399940738509921517424276566361364466907742093216341239767678472745068562007483424692698618103355649159556340810056512358769552333414615230502532186327508646006263307707741093494784	5764607523034235/576460752303423488
127	depositing-signal	0/202402253307310618352495346718917307049556649764142118356901358027430339567995346891960383701437124495187077864316811911389808737385793476867013399940738509921517424276566361364466907742093216341239767678472745068562007483424692698618103355649159556340810056512358769552333414615230502532186327508646006263307707741093494784	5764607523034235/576460752303423488
127	loop-health	6362720025837568/18446744073709551616	5764607523034235/576460752303423488
127	mathematics-pct	-6598686489419776/18889465931478580854784	5764607523034235/576460752303423488
127	mission-health	-8301034833169296/2305843009213693952	8646911284551352/576460752303423488
127	portfolio-pct	-6598686489419776/9444732965739290427392	5764607523034235/576460752303423488
127	sorry-count-norm	0/202402253307310618352495346718917307049556649764142118356901358027430339567995346891960383701437124495187077864316811911389808737385793476867013399940738509921517424276566361364466907742093216341239767678472745068562007483424692698618103355649159556340810056512358769552333414615230502532186327508646006263307707741093494784	5764607523034235/576460752303423488
127	stack-pct	4949014866821120/4722366482869645213696	5764607523034235/576460752303423488
127	support-coverage	0/202402253307310618352495346718917307049556649764142118356901358027430339567995346891960383701437124495187077864316811911389808737385793476867013399940738509921517424276566361364466907742093216341239767678472745068562007483424692698618103355649159556340810056512358769552333414615230502532186327508646006263307707741093494784	5764607523034235/576460752303423488
127	ticks-firing-ratio	0/202402253307310618352495346718917307049556649764142118356901358027430339567995346891960383701437124495187077864316811911389808737385793476867013399940738509921517424276566361364466907742093216341239767678472745068562007483424692698618103355649159556340810056512358769552333414615230502532186327508646006263307707741093494784	5764607523034235/576460752303423488
128	active-repo-ratio	0/202402253307310618352495346718917307049556649764142118356901358027430339567995346891960383701437124495187077864316811911389808737385793476867013399940738509921517424276566361364466907742093216341239767678472745068562007483424692698618103355649159556340810056512358769552333414615230502532186327508646006263307707741093494784	5764607523034235/576460752303423488
128	annotation-health	0/202402253307310618352495346718917307049556649764142118356901358027430339567995346891960383701437124495187077864316811911389808737385793476867013399940738509921517424276566361364466907742093216341239767678472745068562007483424692698618103355649159556340810056512358769552333414615230502532186327508646006263307707741093494784	5764607523034235/576460752303423488
128	attack-coverage	0/202402253307310618352495346718917307049556649764142118356901358027430339567995346891960383701437124495187077864316811911389808737385793476867013399940738509921517424276566361364466907742093216341239767678472745068562007483424692698618103355649159556340810056512358769552333414615230502532186327508646006263307707741093494784	5764607523034235/576460752303423488
128	consulting-pct	0/202402253307310618352495346718917307049556649764142118356901358027430339567995346891960383701437124495187077864316811911389808737385793476867013399940738509921517424276566361364466907742093216341239767678472745068562007483424692698618103355649159556340810056512358769552333414615230502532186327508646006263307707741093494784	5764607523034235/576460752303423488
128	coupling-density	0/202402253307310618352495346718917307049556649764142118356901358027430339567995346891960383701437124495187077864316811911389808737385793476867013399940738509921517424276566361364466907742093216341239767678472745068562007483424692698618103355649159556340810056512358769552333414615230502532186327508646006263307707741093494784	5764607523034235/576460752303423488
128	depositing-signal	0/202402253307310618352495346718917307049556649764142118356901358027430339567995346891960383701437124495187077864316811911389808737385793476867013399940738509921517424276566361364466907742093216341239767678472745068562007483424692698618103355649159556340810056512358769552333414615230502532186327508646006263307707741093494784	5764607523034235/576460752303423488
128	loop-health	6362720025837568/18446744073709551616	5764607523034235/576460752303423488
128	mathematics-pct	-6598686489419776/18889465931478580854784	5764607523034235/576460752303423488
128	mission-health	-8301034833169296/4611686018427387904	8646911284551352/576460752303423488
128	portfolio-pct	-6598686489419776/9444732965739290427392	5764607523034235/576460752303423488
128	sorry-count-norm	0/202402253307310618352495346718917307049556649764142118356901358027430339567995346891960383701437124495187077864316811911389808737385793476867013399940738509921517424276566361364466907742093216341239767678472745068562007483424692698618103355649159556340810056512358769552333414615230502532186327508646006263307707741093494784	5764607523034235/576460752303423488
128	stack-pct	4949014866821120/4722366482869645213696	5764607523034235/576460752303423488
128	support-coverage	0/202402253307310618352495346718917307049556649764142118356901358027430339567995346891960383701437124495187077864316811911389808737385793476867013399940738509921517424276566361364466907742093216341239767678472745068562007483424692698618103355649159556340810056512358769552333414615230502532186327508646006263307707741093494784	5764607523034235/576460752303423488
128	ticks-firing-ratio	0/202402253307310618352495346718917307049556649764142118356901358027430339567995346891960383701437124495187077864316811911389808737385793476867013399940738509921517424276566361364466907742093216341239767678472745068562007483424692698618103355649159556340810056512358769552333414615230502532186327508646006263307707741093494784	5764607523034235/576460752303423488
129	active-repo-ratio	0/202402253307310618352495346718917307049556649764142118356901358027430339567995346891960383701437124495187077864316811911389808737385793476867013399940738509921517424276566361364466907742093216341239767678472745068562007483424692698618103355649159556340810056512358769552333414615230502532186327508646006263307707741093494784	5764607523034235/576460752303423488
129	annotation-health	0/202402253307310618352495346718917307049556649764142118356901358027430339567995346891960383701437124495187077864316811911389808737385793476867013399940738509921517424276566361364466907742093216341239767678472745068562007483424692698618103355649159556340810056512358769552333414615230502532186327508646006263307707741093494784	5764607523034235/576460752303423488
129	attack-coverage	0/202402253307310618352495346718917307049556649764142118356901358027430339567995346891960383701437124495187077864316811911389808737385793476867013399940738509921517424276566361364466907742093216341239767678472745068562007483424692698618103355649159556340810056512358769552333414615230502532186327508646006263307707741093494784	5764607523034235/576460752303423488
129	consulting-pct	0/202402253307310618352495346718917307049556649764142118356901358027430339567995346891960383701437124495187077864316811911389808737385793476867013399940738509921517424276566361364466907742093216341239767678472745068562007483424692698618103355649159556340810056512358769552333414615230502532186327508646006263307707741093494784	5764607523034235/576460752303423488
129	coupling-density	0/202402253307310618352495346718917307049556649764142118356901358027430339567995346891960383701437124495187077864316811911389808737385793476867013399940738509921517424276566361364466907742093216341239767678472745068562007483424692698618103355649159556340810056512358769552333414615230502532186327508646006263307707741093494784	5764607523034235/576460752303423488
129	depositing-signal	0/202402253307310618352495346718917307049556649764142118356901358027430339567995346891960383701437124495187077864316811911389808737385793476867013399940738509921517424276566361364466907742093216341239767678472745068562007483424692698618103355649159556340810056512358769552333414615230502532186327508646006263307707741093494784	5764607523034235/576460752303423488
129	loop-health	6362720025837568/18446744073709551616	5764607523034235/576460752303423488
129	mathematics-pct	-6598686489419776/18889465931478580854784	5764607523034235/576460752303423488
129	mission-health	0/202402253307310618352495346718917307049556649764142118356901358027430339567995346891960383701437124495187077864316811911389808737385793476867013399940738509921517424276566361364466907742093216341239767678472745068562007483424692698618103355649159556340810056512358769552333414615230502532186327508646006263307707741093494784	8646911284551352/576460752303423488
129	portfolio-pct	-6598686489419776/9444732965739290427392	5764607523034235/576460752303423488
129	sorry-count-norm	0/202402253307310618352495346718917307049556649764142118356901358027430339567995346891960383701437124495187077864316811911389808737385793476867013399940738509921517424276566361364466907742093216341239767678472745068562007483424692698618103355649159556340810056512358769552333414615230502532186327508646006263307707741093494784	5764607523034235/576460752303423488
129	stack-pct	4949014866821120/4722366482869645213696	5764607523034235/576460752303423488
129	support-coverage	0/202402253307310618352495346718917307049556649764142118356901358027430339567995346891960383701437124495187077864316811911389808737385793476867013399940738509921517424276566361364466907742093216341239767678472745068562007483424692698618103355649159556340810056512358769552333414615230502532186327508646006263307707741093494784	5764607523034235/576460752303423488
129	ticks-firing-ratio	0/202402253307310618352495346718917307049556649764142118356901358027430339567995346891960383701437124495187077864316811911389808737385793476867013399940738509921517424276566361364466907742093216341239767678472745068562007483424692698618103355649159556340810056512358769552333414615230502532186327508646006263307707741093494784	5764607523034235/576460752303423488
130	active-repo-ratio	0/202402253307310618352495346718917307049556649764142118356901358027430339567995346891960383701437124495187077864316811911389808737385793476867013399940738509921517424276566361364466907742093216341239767678472745068562007483424692698618103355649159556340810056512358769552333414615230502532186327508646006263307707741093494784	5764607523034235/576460752303423488
130	annotation-health	0/202402253307310618352495346718917307049556649764142118356901358027430339567995346891960383701437124495187077864316811911389808737385793476867013399940738509921517424276566361364466907742093216341239767678472745068562007483424692698618103355649159556340810056512358769552333414615230502532186327508646006263307707741093494784	5764607523034235/576460752303423488
130	attack-coverage	0/202402253307310618352495346718917307049556649764142118356901358027430339567995346891960383701437124495187077864316811911389808737385793476867013399940738509921517424276566361364466907742093216341239767678472745068562007483424692698618103355649159556340810056512358769552333414615230502532186327508646006263307707741093494784	5764607523034235/576460752303423488
130	consulting-pct	0/202402253307310618352495346718917307049556649764142118356901358027430339567995346891960383701437124495187077864316811911389808737385793476867013399940738509921517424276566361364466907742093216341239767678472745068562007483424692698618103355649159556340810056512358769552333414615230502532186327508646006263307707741093494784	5764607523034235/576460752303423488
130	coupling-density	0/202402253307310618352495346718917307049556649764142118356901358027430339567995346891960383701437124495187077864316811911389808737385793476867013399940738509921517424276566361364466907742093216341239767678472745068562007483424692698618103355649159556340810056512358769552333414615230502532186327508646006263307707741093494784	5764607523034235/576460752303423488
130	depositing-signal	0/202402253307310618352495346718917307049556649764142118356901358027430339567995346891960383701437124495187077864316811911389808737385793476867013399940738509921517424276566361364466907742093216341239767678472745068562007483424692698618103355649159556340810056512358769552333414615230502532186327508646006263307707741093494784	5764607523034235/576460752303423488
130	loop-health	6362720025837568/18446744073709551616	5764607523034235/576460752303423488
130	mathematics-pct	-6598686489419776/18889465931478580854784	5764607523034235/576460752303423488
130	mission-health	0/202402253307310618352495346718917307049556649764142118356901358027430339567995346891960383701437124495187077864316811911389808737385793476867013399940738509921517424276566361364466907742093216341239767678472745068562007483424692698618103355649159556340810056512358769552333414615230502532186327508646006263307707741093494784	8646911284551352/576460752303423488
130	portfolio-pct	-6598686489419776/9444732965739290427392	5764607523034235/576460752303423488
130	sorry-count-norm	0/202402253307310618352495346718917307049556649764142118356901358027430339567995346891960383701437124495187077864316811911389808737385793476867013399940738509921517424276566361364466907742093216341239767678472745068562007483424692698618103355649159556340810056512358769552333414615230502532186327508646006263307707741093494784	5764607523034235/576460752303423488
130	stack-pct	4949014866821120/4722366482869645213696	5764607523034235/576460752303423488
130	support-coverage	0/202402253307310618352495346718917307049556649764142118356901358027430339567995346891960383701437124495187077864316811911389808737385793476867013399940738509921517424276566361364466907742093216341239767678472745068562007483424692698618103355649159556340810056512358769552333414615230502532186327508646006263307707741093494784	5764607523034235/576460752303423488
130	ticks-firing-ratio	0/202402253307310618352495346718917307049556649764142118356901358027430339567995346891960383701437124495187077864316811911389808737385793476867013399940738509921517424276566361364466907742093216341239767678472745068562007483424692698618103355649159556340810056512358769552333414615230502532186327508646006263307707741093494784	5764607523034235/576460752303423488
131	active-repo-ratio	0/202402253307310618352495346718917307049556649764142118356901358027430339567995346891960383701437124495187077864316811911389808737385793476867013399940738509921517424276566361364466907742093216341239767678472745068562007483424692698618103355649159556340810056512358769552333414615230502532186327508646006263307707741093494784	5764607523034235/576460752303423488
131	annotation-health	0/202402253307310618352495346718917307049556649764142118356901358027430339567995346891960383701437124495187077864316811911389808737385793476867013399940738509921517424276566361364466907742093216341239767678472745068562007483424692698618103355649159556340810056512358769552333414615230502532186327508646006263307707741093494784	5764607523034235/576460752303423488
131	attack-coverage	0/202402253307310618352495346718917307049556649764142118356901358027430339567995346891960383701437124495187077864316811911389808737385793476867013399940738509921517424276566361364466907742093216341239767678472745068562007483424692698618103355649159556340810056512358769552333414615230502532186327508646006263307707741093494784	5764607523034235/576460752303423488
131	consulting-pct	0/202402253307310618352495346718917307049556649764142118356901358027430339567995346891960383701437124495187077864316811911389808737385793476867013399940738509921517424276566361364466907742093216341239767678472745068562007483424692698618103355649159556340810056512358769552333414615230502532186327508646006263307707741093494784	5764607523034235/576460752303423488
131	coupling-density	0/202402253307310618352495346718917307049556649764142118356901358027430339567995346891960383701437124495187077864316811911389808737385793476867013399940738509921517424276566361364466907742093216341239767678472745068562007483424692698618103355649159556340810056512358769552333414615230502532186327508646006263307707741093494784	5764607523034235/576460752303423488
131	depositing-signal	0/202402253307310618352495346718917307049556649764142118356901358027430339567995346891960383701437124495187077864316811911389808737385793476867013399940738509921517424276566361364466907742093216341239767678472745068562007483424692698618103355649159556340810056512358769552333414615230502532186327508646006263307707741093494784	5764607523034235/576460752303423488
131	loop-health	6362720025837568/18446744073709551616	5764607523034235/576460752303423488
131	mathematics-pct	-6598686489419776/18889465931478580854784	5764607523034235/576460752303423488
131	mission-health	0/202402253307310618352495346718917307049556649764142118356901358027430339567995346891960383701437124495187077864316811911389808737385793476867013399940738509921517424276566361364466907742093216341239767678472745068562007483424692698618103355649159556340810056512358769552333414615230502532186327508646006263307707741093494784	8646911284551352/576460752303423488
131	portfolio-pct	-6598686489419776/9444732965739290427392	5764607523034235/576460752303423488
131	sorry-count-norm	0/202402253307310618352495346718917307049556649764142118356901358027430339567995346891960383701437124495187077864316811911389808737385793476867013399940738509921517424276566361364466907742093216341239767678472745068562007483424692698618103355649159556340810056512358769552333414615230502532186327508646006263307707741093494784	5764607523034235/576460752303423488
131	stack-pct	4949014866821120/4722366482869645213696	5764607523034235/576460752303423488
131	support-coverage	0/202402253307310618352495346718917307049556649764142118356901358027430339567995346891960383701437124495187077864316811911389808737385793476867013399940738509921517424276566361364466907742093216341239767678472745068562007483424692698618103355649159556340810056512358769552333414615230502532186327508646006263307707741093494784	5764607523034235/576460752303423488
131	ticks-firing-ratio	0/202402253307310618352495346718917307049556649764142118356901358027430339567995346891960383701437124495187077864316811911389808737385793476867013399940738509921517424276566361364466907742093216341239767678472745068562007483424692698618103355649159556340810056512358769552333414615230502532186327508646006263307707741093494784	5764607523034235/576460752303423488
132	active-repo-ratio	0/202402253307310618352495346718917307049556649764142118356901358027430339567995346891960383701437124495187077864316811911389808737385793476867013399940738509921517424276566361364466907742093216341239767678472745068562007483424692698618103355649159556340810056512358769552333414615230502532186327508646006263307707741093494784	5764607523034235/576460752303423488
132	annotation-health	0/202402253307310618352495346718917307049556649764142118356901358027430339567995346891960383701437124495187077864316811911389808737385793476867013399940738509921517424276566361364466907742093216341239767678472745068562007483424692698618103355649159556340810056512358769552333414615230502532186327508646006263307707741093494784	5764607523034235/576460752303423488
132	attack-coverage	0/202402253307310618352495346718917307049556649764142118356901358027430339567995346891960383701437124495187077864316811911389808737385793476867013399940738509921517424276566361364466907742093216341239767678472745068562007483424692698618103355649159556340810056512358769552333414615230502532186327508646006263307707741093494784	5764607523034235/576460752303423488
132	consulting-pct	0/202402253307310618352495346718917307049556649764142118356901358027430339567995346891960383701437124495187077864316811911389808737385793476867013399940738509921517424276566361364466907742093216341239767678472745068562007483424692698618103355649159556340810056512358769552333414615230502532186327508646006263307707741093494784	5764607523034235/576460752303423488
132	coupling-density	0/202402253307310618352495346718917307049556649764142118356901358027430339567995346891960383701437124495187077864316811911389808737385793476867013399940738509921517424276566361364466907742093216341239767678472745068562007483424692698618103355649159556340810056512358769552333414615230502532186327508646006263307707741093494784	5764607523034235/576460752303423488
132	depositing-signal	0/202402253307310618352495346718917307049556649764142118356901358027430339567995346891960383701437124495187077864316811911389808737385793476867013399940738509921517424276566361364466907742093216341239767678472745068562007483424692698618103355649159556340810056512358769552333414615230502532186327508646006263307707741093494784	5764607523034235/576460752303423488
132	loop-health	6362720025837568/18446744073709551616	5764607523034235/576460752303423488
132	mathematics-pct	-6598686489419776/18889465931478580854784	5764607523034235/576460752303423488
132	mission-health	0/202402253307310618352495346718917307049556649764142118356901358027430339567995346891960383701437124495187077864316811911389808737385793476867013399940738509921517424276566361364466907742093216341239767678472745068562007483424692698618103355649159556340810056512358769552333414615230502532186327508646006263307707741093494784	8646911284551352/576460752303423488
132	portfolio-pct	-6598686489419776/9444732965739290427392	5764607523034235/576460752303423488
132	sorry-count-norm	0/202402253307310618352495346718917307049556649764142118356901358027430339567995346891960383701437124495187077864316811911389808737385793476867013399940738509921517424276566361364466907742093216341239767678472745068562007483424692698618103355649159556340810056512358769552333414615230502532186327508646006263307707741093494784	5764607523034235/576460752303423488
132	stack-pct	4949014866821120/4722366482869645213696	5764607523034235/576460752303423488
132	support-coverage	0/202402253307310618352495346718917307049556649764142118356901358027430339567995346891960383701437124495187077864316811911389808737385793476867013399940738509921517424276566361364466907742093216341239767678472745068562007483424692698618103355649159556340810056512358769552333414615230502532186327508646006263307707741093494784	5764607523034235/576460752303423488
132	ticks-firing-ratio	0/202402253307310618352495346718917307049556649764142118356901358027430339567995346891960383701437124495187077864316811911389808737385793476867013399940738509921517424276566361364466907742093216341239767678472745068562007483424692698618103355649159556340810056512358769552333414615230502532186327508646006263307707741093494784	5764607523034235/576460752303423488
133	active-repo-ratio	0/202402253307310618352495346718917307049556649764142118356901358027430339567995346891960383701437124495187077864316811911389808737385793476867013399940738509921517424276566361364466907742093216341239767678472745068562007483424692698618103355649159556340810056512358769552333414615230502532186327508646006263307707741093494784	5764607523034235/576460752303423488
133	annotation-health	0/202402253307310618352495346718917307049556649764142118356901358027430339567995346891960383701437124495187077864316811911389808737385793476867013399940738509921517424276566361364466907742093216341239767678472745068562007483424692698618103355649159556340810056512358769552333414615230502532186327508646006263307707741093494784	5764607523034235/576460752303423488
133	attack-coverage	0/202402253307310618352495346718917307049556649764142118356901358027430339567995346891960383701437124495187077864316811911389808737385793476867013399940738509921517424276566361364466907742093216341239767678472745068562007483424692698618103355649159556340810056512358769552333414615230502532186327508646006263307707741093494784	5764607523034235/576460752303423488
133	consulting-pct	0/202402253307310618352495346718917307049556649764142118356901358027430339567995346891960383701437124495187077864316811911389808737385793476867013399940738509921517424276566361364466907742093216341239767678472745068562007483424692698618103355649159556340810056512358769552333414615230502532186327508646006263307707741093494784	5764607523034235/576460752303423488
133	coupling-density	0/202402253307310618352495346718917307049556649764142118356901358027430339567995346891960383701437124495187077864316811911389808737385793476867013399940738509921517424276566361364466907742093216341239767678472745068562007483424692698618103355649159556340810056512358769552333414615230502532186327508646006263307707741093494784	5764607523034235/576460752303423488
133	depositing-signal	0/202402253307310618352495346718917307049556649764142118356901358027430339567995346891960383701437124495187077864316811911389808737385793476867013399940738509921517424276566361364466907742093216341239767678472745068562007483424692698618103355649159556340810056512358769552333414615230502532186327508646006263307707741093494784	5764607523034235/576460752303423488
133	loop-health	6362720025837568/18446744073709551616	5764607523034235/576460752303423488
133	mathematics-pct	-6598686489419776/18889465931478580854784	5764607523034235/576460752303423488
133	mission-health	-6917529027641080/1152921504606846976	5764607523034235/1152921504606846976
133	portfolio-pct	-6598686489419776/9444732965739290427392	5764607523034235/576460752303423488
133	sorry-count-norm	0/202402253307310618352495346718917307049556649764142118356901358027430339567995346891960383701437124495187077864316811911389808737385793476867013399940738509921517424276566361364466907742093216341239767678472745068562007483424692698618103355649159556340810056512358769552333414615230502532186327508646006263307707741093494784	5764607523034235/576460752303423488
133	stack-pct	4949014866821120/4722366482869645213696	5764607523034235/576460752303423488
133	support-coverage	0/202402253307310618352495346718917307049556649764142118356901358027430339567995346891960383701437124495187077864316811911389808737385793476867013399940738509921517424276566361364466907742093216341239767678472745068562007483424692698618103355649159556340810056512358769552333414615230502532186327508646006263307707741093494784	5764607523034235/576460752303423488
133	ticks-firing-ratio	0/202402253307310618352495346718917307049556649764142118356901358027430339567995346891960383701437124495187077864316811911389808737385793476867013399940738509921517424276566361364466907742093216341239767678472745068562007483424692698618103355649159556340810056512358769552333414615230502532186327508646006263307707741093494784	5764607523034235/576460752303423488
134	active-repo-ratio	0/202402253307310618352495346718917307049556649764142118356901358027430339567995346891960383701437124495187077864316811911389808737385793476867013399940738509921517424276566361364466907742093216341239767678472745068562007483424692698618103355649159556340810056512358769552333414615230502532186327508646006263307707741093494784	5764607523034235/576460752303423488
134	annotation-health	0/202402253307310618352495346718917307049556649764142118356901358027430339567995346891960383701437124495187077864316811911389808737385793476867013399940738509921517424276566361364466907742093216341239767678472745068562007483424692698618103355649159556340810056512358769552333414615230502532186327508646006263307707741093494784	5764607523034235/576460752303423488
134	attack-coverage	0/202402253307310618352495346718917307049556649764142118356901358027430339567995346891960383701437124495187077864316811911389808737385793476867013399940738509921517424276566361364466907742093216341239767678472745068562007483424692698618103355649159556340810056512358769552333414615230502532186327508646006263307707741093494784	5764607523034235/576460752303423488
134	consulting-pct	0/202402253307310618352495346718917307049556649764142118356901358027430339567995346891960383701437124495187077864316811911389808737385793476867013399940738509921517424276566361364466907742093216341239767678472745068562007483424692698618103355649159556340810056512358769552333414615230502532186327508646006263307707741093494784	5764607523034235/576460752303423488
134	coupling-density	0/202402253307310618352495346718917307049556649764142118356901358027430339567995346891960383701437124495187077864316811911389808737385793476867013399940738509921517424276566361364466907742093216341239767678472745068562007483424692698618103355649159556340810056512358769552333414615230502532186327508646006263307707741093494784	5764607523034235/576460752303423488
134	depositing-signal	0/202402253307310618352495346718917307049556649764142118356901358027430339567995346891960383701437124495187077864316811911389808737385793476867013399940738509921517424276566361364466907742093216341239767678472745068562007483424692698618103355649159556340810056512358769552333414615230502532186327508646006263307707741093494784	5764607523034235/576460752303423488
134	loop-health	6362720025837568/18446744073709551616	5764607523034235/576460752303423488
134	mathematics-pct	-6598686489419776/18889465931478580854784	5764607523034235/576460752303423488
134	mission-health	-6917529027641080/1152921504606846976	5764607523034235/1152921504606846976
134	portfolio-pct	-6598686489419776/9444732965739290427392	5764607523034235/576460752303423488
134	sorry-count-norm	0/202402253307310618352495346718917307049556649764142118356901358027430339567995346891960383701437124495187077864316811911389808737385793476867013399940738509921517424276566361364466907742093216341239767678472745068562007483424692698618103355649159556340810056512358769552333414615230502532186327508646006263307707741093494784	5764607523034235/576460752303423488
134	stack-pct	4949014866821120/4722366482869645213696	5764607523034235/576460752303423488
134	support-coverage	0/202402253307310618352495346718917307049556649764142118356901358027430339567995346891960383701437124495187077864316811911389808737385793476867013399940738509921517424276566361364466907742093216341239767678472745068562007483424692698618103355649159556340810056512358769552333414615230502532186327508646006263307707741093494784	5764607523034235/576460752303423488
134	ticks-firing-ratio	0/202402253307310618352495346718917307049556649764142118356901358027430339567995346891960383701437124495187077864316811911389808737385793476867013399940738509921517424276566361364466907742093216341239767678472745068562007483424692698618103355649159556340810056512358769552333414615230502532186327508646006263307707741093494784	5764607523034235/576460752303423488
135	active-repo-ratio	0/202402253307310618352495346718917307049556649764142118356901358027430339567995346891960383701437124495187077864316811911389808737385793476867013399940738509921517424276566361364466907742093216341239767678472745068562007483424692698618103355649159556340810056512358769552333414615230502532186327508646006263307707741093494784	5764607523034235/576460752303423488
135	annotation-health	0/202402253307310618352495346718917307049556649764142118356901358027430339567995346891960383701437124495187077864316811911389808737385793476867013399940738509921517424276566361364466907742093216341239767678472745068562007483424692698618103355649159556340810056512358769552333414615230502532186327508646006263307707741093494784	5764607523034235/576460752303423488
135	attack-coverage	0/202402253307310618352495346718917307049556649764142118356901358027430339567995346891960383701437124495187077864316811911389808737385793476867013399940738509921517424276566361364466907742093216341239767678472745068562007483424692698618103355649159556340810056512358769552333414615230502532186327508646006263307707741093494784	5764607523034235/576460752303423488
135	consulting-pct	0/202402253307310618352495346718917307049556649764142118356901358027430339567995346891960383701437124495187077864316811911389808737385793476867013399940738509921517424276566361364466907742093216341239767678472745068562007483424692698618103355649159556340810056512358769552333414615230502532186327508646006263307707741093494784	5764607523034235/576460752303423488
135	coupling-density	0/202402253307310618352495346718917307049556649764142118356901358027430339567995346891960383701437124495187077864316811911389808737385793476867013399940738509921517424276566361364466907742093216341239767678472745068562007483424692698618103355649159556340810056512358769552333414615230502532186327508646006263307707741093494784	5764607523034235/576460752303423488
135	depositing-signal	0/202402253307310618352495346718917307049556649764142118356901358027430339567995346891960383701437124495187077864316811911389808737385793476867013399940738509921517424276566361364466907742093216341239767678472745068562007483424692698618103355649159556340810056512358769552333414615230502532186327508646006263307707741093494784	5764607523034235/576460752303423488
135	loop-health	6362720025837568/18446744073709551616	5764607523034235/576460752303423488
135	mathematics-pct	-6598686489419776/18889465931478580854784	5764607523034235/576460752303423488
135	mission-health	-4611686018427388/1152921504606846976	5764607523034235/1152921504606846976
135	portfolio-pct	-6598686489419776/9444732965739290427392	5764607523034235/576460752303423488
135	sorry-count-norm	0/202402253307310618352495346718917307049556649764142118356901358027430339567995346891960383701437124495187077864316811911389808737385793476867013399940738509921517424276566361364466907742093216341239767678472745068562007483424692698618103355649159556340810056512358769552333414615230502532186327508646006263307707741093494784	5764607523034235/576460752303423488
135	stack-pct	4949014866821120/4722366482869645213696	5764607523034235/576460752303423488
135	support-coverage	0/202402253307310618352495346718917307049556649764142118356901358027430339567995346891960383701437124495187077864316811911389808737385793476867013399940738509921517424276566361364466907742093216341239767678472745068562007483424692698618103355649159556340810056512358769552333414615230502532186327508646006263307707741093494784	5764607523034235/576460752303423488
135	ticks-firing-ratio	0/202402253307310618352495346718917307049556649764142118356901358027430339567995346891960383701437124495187077864316811911389808737385793476867013399940738509921517424276566361364466907742093216341239767678472745068562007483424692698618103355649159556340810056512358769552333414615230502532186327508646006263307707741093494784	5764607523034235/576460752303423488
136	active-repo-ratio	0/202402253307310618352495346718917307049556649764142118356901358027430339567995346891960383701437124495187077864316811911389808737385793476867013399940738509921517424276566361364466907742093216341239767678472745068562007483424692698618103355649159556340810056512358769552333414615230502532186327508646006263307707741093494784	5764607523034235/576460752303423488
136	annotation-health	0/202402253307310618352495346718917307049556649764142118356901358027430339567995346891960383701437124495187077864316811911389808737385793476867013399940738509921517424276566361364466907742093216341239767678472745068562007483424692698618103355649159556340810056512358769552333414615230502532186327508646006263307707741093494784	5764607523034235/576460752303423488
136	attack-coverage	0/202402253307310618352495346718917307049556649764142118356901358027430339567995346891960383701437124495187077864316811911389808737385793476867013399940738509921517424276566361364466907742093216341239767678472745068562007483424692698618103355649159556340810056512358769552333414615230502532186327508646006263307707741093494784	5764607523034235/576460752303423488
136	consulting-pct	0/202402253307310618352495346718917307049556649764142118356901358027430339567995346891960383701437124495187077864316811911389808737385793476867013399940738509921517424276566361364466907742093216341239767678472745068562007483424692698618103355649159556340810056512358769552333414615230502532186327508646006263307707741093494784	5764607523034235/576460752303423488
136	coupling-density	0/202402253307310618352495346718917307049556649764142118356901358027430339567995346891960383701437124495187077864316811911389808737385793476867013399940738509921517424276566361364466907742093216341239767678472745068562007483424692698618103355649159556340810056512358769552333414615230502532186327508646006263307707741093494784	5764607523034235/576460752303423488
136	depositing-signal	0/202402253307310618352495346718917307049556649764142118356901358027430339567995346891960383701437124495187077864316811911389808737385793476867013399940738509921517424276566361364466907742093216341239767678472745068562007483424692698618103355649159556340810056512358769552333414615230502532186327508646006263307707741093494784	5764607523034235/576460752303423488
136	loop-health	6362720025837568/18446744073709551616	5764607523034235/576460752303423488
136	mathematics-pct	-6598686489419776/18889465931478580854784	5764607523034235/576460752303423488
136	mission-health	0/202402253307310618352495346718917307049556649764142118356901358027430339567995346891960383701437124495187077864316811911389808737385793476867013399940738509921517424276566361364466907742093216341239767678472745068562007483424692698618103355649159556340810056512358769552333414615230502532186327508646006263307707741093494784	5764607523034235/576460752303423488
136	portfolio-pct	-6598686489419776/9444732965739290427392	5764607523034235/576460752303423488
136	sorry-count-norm	0/202402253307310618352495346718917307049556649764142118356901358027430339567995346891960383701437124495187077864316811911389808737385793476867013399940738509921517424276566361364466907742093216341239767678472745068562007483424692698618103355649159556340810056512358769552333414615230502532186327508646006263307707741093494784	5764607523034235/576460752303423488
136	stack-pct	4949014866821120/4722366482869645213696	5764607523034235/576460752303423488
136	support-coverage	0/202402253307310618352495346718917307049556649764142118356901358027430339567995346891960383701437124495187077864316811911389808737385793476867013399940738509921517424276566361364466907742093216341239767678472745068562007483424692698618103355649159556340810056512358769552333414615230502532186327508646006263307707741093494784	5764607523034235/576460752303423488
136	ticks-firing-ratio	0/202402253307310618352495346718917307049556649764142118356901358027430339567995346891960383701437124495187077864316811911389808737385793476867013399940738509921517424276566361364466907742093216341239767678472745068562007483424692698618103355649159556340810056512358769552333414615230502532186327508646006263307707741093494784	5764607523034235/576460752303423488
137	active-repo-ratio	0/202402253307310618352495346718917307049556649764142118356901358027430339567995346891960383701437124495187077864316811911389808737385793476867013399940738509921517424276566361364466907742093216341239767678472745068562007483424692698618103355649159556340810056512358769552333414615230502532186327508646006263307707741093494784	5764607523034235/576460752303423488
137	annotation-health	0/202402253307310618352495346718917307049556649764142118356901358027430339567995346891960383701437124495187077864316811911389808737385793476867013399940738509921517424276566361364466907742093216341239767678472745068562007483424692698618103355649159556340810056512358769552333414615230502532186327508646006263307707741093494784	5764607523034235/576460752303423488
137	attack-coverage	0/202402253307310618352495346718917307049556649764142118356901358027430339567995346891960383701437124495187077864316811911389808737385793476867013399940738509921517424276566361364466907742093216341239767678472745068562007483424692698618103355649159556340810056512358769552333414615230502532186327508646006263307707741093494784	5764607523034235/576460752303423488
137	consulting-pct	0/202402253307310618352495346718917307049556649764142118356901358027430339567995346891960383701437124495187077864316811911389808737385793476867013399940738509921517424276566361364466907742093216341239767678472745068562007483424692698618103355649159556340810056512358769552333414615230502532186327508646006263307707741093494784	5764607523034235/576460752303423488
137	coupling-density	0/202402253307310618352495346718917307049556649764142118356901358027430339567995346891960383701437124495187077864316811911389808737385793476867013399940738509921517424276566361364466907742093216341239767678472745068562007483424692698618103355649159556340810056512358769552333414615230502532186327508646006263307707741093494784	5764607523034235/576460752303423488
137	depositing-signal	0/202402253307310618352495346718917307049556649764142118356901358027430339567995346891960383701437124495187077864316811911389808737385793476867013399940738509921517424276566361364466907742093216341239767678472745068562007483424692698618103355649159556340810056512358769552333414615230502532186327508646006263307707741093494784	5764607523034235/576460752303423488
137	loop-health	6362720025837568/18446744073709551616	5764607523034235/576460752303423488
137	mathematics-pct	-6598686489419776/18889465931478580854784	5764607523034235/576460752303423488
137	mission-health	0/202402253307310618352495346718917307049556649764142118356901358027430339567995346891960383701437124495187077864316811911389808737385793476867013399940738509921517424276566361364466907742093216341239767678472745068562007483424692698618103355649159556340810056512358769552333414615230502532186327508646006263307707741093494784	5764607523034235/576460752303423488
137	portfolio-pct	-6598686489419776/9444732965739290427392	5764607523034235/576460752303423488
137	sorry-count-norm	0/202402253307310618352495346718917307049556649764142118356901358027430339567995346891960383701437124495187077864316811911389808737385793476867013399940738509921517424276566361364466907742093216341239767678472745068562007483424692698618103355649159556340810056512358769552333414615230502532186327508646006263307707741093494784	5764607523034235/576460752303423488
137	stack-pct	4949014866821120/4722366482869645213696	5764607523034235/576460752303423488
137	support-coverage	0/202402253307310618352495346718917307049556649764142118356901358027430339567995346891960383701437124495187077864316811911389808737385793476867013399940738509921517424276566361364466907742093216341239767678472745068562007483424692698618103355649159556340810056512358769552333414615230502532186327508646006263307707741093494784	5764607523034235/576460752303423488
137	ticks-firing-ratio	-7716854893256720/288230376151711744	5764607523034235/288230376151711744
138	active-repo-ratio	0/202402253307310618352495346718917307049556649764142118356901358027430339567995346891960383701437124495187077864316811911389808737385793476867013399940738509921517424276566361364466907742093216341239767678472745068562007483424692698618103355649159556340810056512358769552333414615230502532186327508646006263307707741093494784	5764607523034235/576460752303423488
138	annotation-health	0/202402253307310618352495346718917307049556649764142118356901358027430339567995346891960383701437124495187077864316811911389808737385793476867013399940738509921517424276566361364466907742093216341239767678472745068562007483424692698618103355649159556340810056512358769552333414615230502532186327508646006263307707741093494784	5764607523034235/576460752303423488
138	attack-coverage	0/202402253307310618352495346718917307049556649764142118356901358027430339567995346891960383701437124495187077864316811911389808737385793476867013399940738509921517424276566361364466907742093216341239767678472745068562007483424692698618103355649159556340810056512358769552333414615230502532186327508646006263307707741093494784	5764607523034235/576460752303423488
138	consulting-pct	0/202402253307310618352495346718917307049556649764142118356901358027430339567995346891960383701437124495187077864316811911389808737385793476867013399940738509921517424276566361364466907742093216341239767678472745068562007483424692698618103355649159556340810056512358769552333414615230502532186327508646006263307707741093494784	5764607523034235/576460752303423488
138	coupling-density	0/202402253307310618352495346718917307049556649764142118356901358027430339567995346891960383701437124495187077864316811911389808737385793476867013399940738509921517424276566361364466907742093216341239767678472745068562007483424692698618103355649159556340810056512358769552333414615230502532186327508646006263307707741093494784	5764607523034235/576460752303423488
138	depositing-signal	0/202402253307310618352495346718917307049556649764142118356901358027430339567995346891960383701437124495187077864316811911389808737385793476867013399940738509921517424276566361364466907742093216341239767678472745068562007483424692698618103355649159556340810056512358769552333414615230502532186327508646006263307707741093494784	5764607523034235/576460752303423488
138	loop-health	6362720025837568/18446744073709551616	5764607523034235/576460752303423488
138	mathematics-pct	-6598686489419776/18889465931478580854784	5764607523034235/576460752303423488
138	mission-health	0/202402253307310618352495346718917307049556649764142118356901358027430339567995346891960383701437124495187077864316811911389808737385793476867013399940738509921517424276566361364466907742093216341239767678472745068562007483424692698618103355649159556340810056512358769552333414615230502532186327508646006263307707741093494784	5764607523034235/576460752303423488
138	portfolio-pct	-6598686489419776/9444732965739290427392	5764607523034235/576460752303423488
138	sorry-count-norm	0/202402253307310618352495346718917307049556649764142118356901358027430339567995346891960383701437124495187077864316811911389808737385793476867013399940738509921517424276566361364466907742093216341239767678472745068562007483424692698618103355649159556340810056512358769552333414615230502532186327508646006263307707741093494784	5764607523034235/576460752303423488
138	stack-pct	4949014866821120/4722366482869645213696	5764607523034235/576460752303423488
138	support-coverage	0/202402253307310618352495346718917307049556649764142118356901358027430339567995346891960383701437124495187077864316811911389808737385793476867013399940738509921517424276566361364466907742093216341239767678472745068562007483424692698618103355649159556340810056512358769552333414615230502532186327508646006263307707741093494784	5764607523034235/576460752303423488
138	ticks-firing-ratio	-4765777027582579/144115188075855872	5764607523034235/288230376151711744
139	active-repo-ratio	0/202402253307310618352495346718917307049556649764142118356901358027430339567995346891960383701437124495187077864316811911389808737385793476867013399940738509921517424276566361364466907742093216341239767678472745068562007483424692698618103355649159556340810056512358769552333414615230502532186327508646006263307707741093494784	5764607523034235/576460752303423488
139	annotation-health	0/202402253307310618352495346718917307049556649764142118356901358027430339567995346891960383701437124495187077864316811911389808737385793476867013399940738509921517424276566361364466907742093216341239767678472745068562007483424692698618103355649159556340810056512358769552333414615230502532186327508646006263307707741093494784	5764607523034235/576460752303423488
139	attack-coverage	0/202402253307310618352495346718917307049556649764142118356901358027430339567995346891960383701437124495187077864316811911389808737385793476867013399940738509921517424276566361364466907742093216341239767678472745068562007483424692698618103355649159556340810056512358769552333414615230502532186327508646006263307707741093494784	5764607523034235/576460752303423488
139	consulting-pct	0/202402253307310618352495346718917307049556649764142118356901358027430339567995346891960383701437124495187077864316811911389808737385793476867013399940738509921517424276566361364466907742093216341239767678472745068562007483424692698618103355649159556340810056512358769552333414615230502532186327508646006263307707741093494784	5764607523034235/576460752303423488
139	coupling-density	0/202402253307310618352495346718917307049556649764142118356901358027430339567995346891960383701437124495187077864316811911389808737385793476867013399940738509921517424276566361364466907742093216341239767678472745068562007483424692698618103355649159556340810056512358769552333414615230502532186327508646006263307707741093494784	5764607523034235/576460752303423488
139	depositing-signal	0/202402253307310618352495346718917307049556649764142118356901358027430339567995346891960383701437124495187077864316811911389808737385793476867013399940738509921517424276566361364466907742093216341239767678472745068562007483424692698618103355649159556340810056512358769552333414615230502532186327508646006263307707741093494784	5764607523034235/576460752303423488
139	loop-health	6362720025837568/18446744073709551616	5764607523034235/576460752303423488
139	mathematics-pct	-6598686489419776/18889465931478580854784	5764607523034235/576460752303423488
139	mission-health	0/202402253307310618352495346718917307049556649764142118356901358027430339567995346891960383701437124495187077864316811911389808737385793476867013399940738509921517424276566361364466907742093216341239767678472745068562007483424692698618103355649159556340810056512358769552333414615230502532186327508646006263307707741093494784	5764607523034235/576460752303423488
139	portfolio-pct	-6598686489419776/9444732965739290427392	5764607523034235/576460752303423488
139	sorry-count-norm	0/202402253307310618352495346718917307049556649764142118356901358027430339567995346891960383701437124495187077864316811911389808737385793476867013399940738509921517424276566361364466907742093216341239767678472745068562007483424692698618103355649159556340810056512358769552333414615230502532186327508646006263307707741093494784	5764607523034235/576460752303423488
139	stack-pct	4949014866821120/4722366482869645213696	5764607523034235/576460752303423488
139	support-coverage	0/202402253307310618352495346718917307049556649764142118356901358027430339567995346891960383701437124495187077864316811911389808737385793476867013399940738509921517424276566361364466907742093216341239767678472745068562007483424692698618103355649159556340810056512358769552333414615230502532186327508646006263307707741093494784	5764607523034235/576460752303423488
139	ticks-firing-ratio	-7205759403792794/144115188075855872	5764607523034235/288230376151711744
140	active-repo-ratio	0/202402253307310618352495346718917307049556649764142118356901358027430339567995346891960383701437124495187077864316811911389808737385793476867013399940738509921517424276566361364466907742093216341239767678472745068562007483424692698618103355649159556340810056512358769552333414615230502532186327508646006263307707741093494784	5764607523034235/576460752303423488
140	annotation-health	0/202402253307310618352495346718917307049556649764142118356901358027430339567995346891960383701437124495187077864316811911389808737385793476867013399940738509921517424276566361364466907742093216341239767678472745068562007483424692698618103355649159556340810056512358769552333414615230502532186327508646006263307707741093494784	5764607523034235/576460752303423488
140	attack-coverage	0/202402253307310618352495346718917307049556649764142118356901358027430339567995346891960383701437124495187077864316811911389808737385793476867013399940738509921517424276566361364466907742093216341239767678472745068562007483424692698618103355649159556340810056512358769552333414615230502532186327508646006263307707741093494784	5764607523034235/576460752303423488
140	consulting-pct	0/202402253307310618352495346718917307049556649764142118356901358027430339567995346891960383701437124495187077864316811911389808737385793476867013399940738509921517424276566361364466907742093216341239767678472745068562007483424692698618103355649159556340810056512358769552333414615230502532186327508646006263307707741093494784	5764607523034235/576460752303423488
140	coupling-density	0/202402253307310618352495346718917307049556649764142118356901358027430339567995346891960383701437124495187077864316811911389808737385793476867013399940738509921517424276566361364466907742093216341239767678472745068562007483424692698618103355649159556340810056512358769552333414615230502532186327508646006263307707741093494784	5764607523034235/576460752303423488
140	depositing-signal	0/202402253307310618352495346718917307049556649764142118356901358027430339567995346891960383701437124495187077864316811911389808737385793476867013399940738509921517424276566361364466907742093216341239767678472745068562007483424692698618103355649159556340810056512358769552333414615230502532186327508646006263307707741093494784	5764607523034235/576460752303423488
140	loop-health	6362720025837568/18446744073709551616	5764607523034235/576460752303423488
140	mathematics-pct	-6598686489419776/18889465931478580854784	5764607523034235/576460752303423488
140	mission-health	0/202402253307310618352495346718917307049556649764142118356901358027430339567995346891960383701437124495187077864316811911389808737385793476867013399940738509921517424276566361364466907742093216341239767678472745068562007483424692698618103355649159556340810056512358769552333414615230502532186327508646006263307707741093494784	5764607523034235/576460752303423488
140	portfolio-pct	-6598686489419776/9444732965739290427392	5764607523034235/576460752303423488
140	sorry-count-norm	0/202402253307310618352495346718917307049556649764142118356901358027430339567995346891960383701437124495187077864316811911389808737385793476867013399940738509921517424276566361364466907742093216341239767678472745068562007483424692698618103355649159556340810056512358769552333414615230502532186327508646006263307707741093494784	5764607523034235/576460752303423488
140	stack-pct	4949014866821120/4722366482869645213696	5764607523034235/576460752303423488
140	support-coverage	0/202402253307310618352495346718917307049556649764142118356901358027430339567995346891960383701437124495187077864316811911389808737385793476867013399940738509921517424276566361364466907742093216341239767678472745068562007483424692698618103355649159556340810056512358769552333414615230502532186327508646006263307707741093494784	5764607523034235/576460752303423488
140	ticks-firing-ratio	0/202402253307310618352495346718917307049556649764142118356901358027430339567995346891960383701437124495187077864316811911389808737385793476867013399940738509921517424276566361364466907742093216341239767678472745068562007483424692698618103355649159556340810056512358769552333414615230502532186327508646006263307707741093494784	5764607523034235/576460752303423488
141	active-repo-ratio	0/202402253307310618352495346718917307049556649764142118356901358027430339567995346891960383701437124495187077864316811911389808737385793476867013399940738509921517424276566361364466907742093216341239767678472745068562007483424692698618103355649159556340810056512358769552333414615230502532186327508646006263307707741093494784	5764607523034235/576460752303423488
141	annotation-health	0/202402253307310618352495346718917307049556649764142118356901358027430339567995346891960383701437124495187077864316811911389808737385793476867013399940738509921517424276566361364466907742093216341239767678472745068562007483424692698618103355649159556340810056512358769552333414615230502532186327508646006263307707741093494784	5764607523034235/576460752303423488
141	attack-coverage	0/202402253307310618352495346718917307049556649764142118356901358027430339567995346891960383701437124495187077864316811911389808737385793476867013399940738509921517424276566361364466907742093216341239767678472745068562007483424692698618103355649159556340810056512358769552333414615230502532186327508646006263307707741093494784	5764607523034235/576460752303423488
141	consulting-pct	0/202402253307310618352495346718917307049556649764142118356901358027430339567995346891960383701437124495187077864316811911389808737385793476867013399940738509921517424276566361364466907742093216341239767678472745068562007483424692698618103355649159556340810056512358769552333414615230502532186327508646006263307707741093494784	5764607523034235/576460752303423488
141	coupling-density	0/202402253307310618352495346718917307049556649764142118356901358027430339567995346891960383701437124495187077864316811911389808737385793476867013399940738509921517424276566361364466907742093216341239767678472745068562007483424692698618103355649159556340810056512358769552333414615230502532186327508646006263307707741093494784	5764607523034235/576460752303423488
141	depositing-signal	0/202402253307310618352495346718917307049556649764142118356901358027430339567995346891960383701437124495187077864316811911389808737385793476867013399940738509921517424276566361364466907742093216341239767678472745068562007483424692698618103355649159556340810056512358769552333414615230502532186327508646006263307707741093494784	5764607523034235/576460752303423488
141	loop-health	6362720025837568/18446744073709551616	5764607523034235/576460752303423488
141	mathematics-pct	-6598686489419776/18889465931478580854784	5764607523034235/576460752303423488
141	mission-health	0/202402253307310618352495346718917307049556649764142118356901358027430339567995346891960383701437124495187077864316811911389808737385793476867013399940738509921517424276566361364466907742093216341239767678472745068562007483424692698618103355649159556340810056512358769552333414615230502532186327508646006263307707741093494784	5764607523034235/576460752303423488
141	portfolio-pct	-6598686489419776/9444732965739290427392	5764607523034235/576460752303423488
141	sorry-count-norm	0/202402253307310618352495346718917307049556649764142118356901358027430339567995346891960383701437124495187077864316811911389808737385793476867013399940738509921517424276566361364466907742093216341239767678472745068562007483424692698618103355649159556340810056512358769552333414615230502532186327508646006263307707741093494784	5764607523034235/576460752303423488
141	stack-pct	4949014866821120/4722366482869645213696	5764607523034235/576460752303423488
141	support-coverage	0/202402253307310618352495346718917307049556649764142118356901358027430339567995346891960383701437124495187077864316811911389808737385793476867013399940738509921517424276566361364466907742093216341239767678472745068562007483424692698618103355649159556340810056512358769552333414615230502532186327508646006263307707741093494784	5764607523034235/576460752303423488
141	ticks-firing-ratio	0/202402253307310618352495346718917307049556649764142118356901358027430339567995346891960383701437124495187077864316811911389808737385793476867013399940738509921517424276566361364466907742093216341239767678472745068562007483424692698618103355649159556340810056512358769552333414615230502532186327508646006263307707741093494784	5764607523034235/576460752303423488
142	active-repo-ratio	0/202402253307310618352495346718917307049556649764142118356901358027430339567995346891960383701437124495187077864316811911389808737385793476867013399940738509921517424276566361364466907742093216341239767678472745068562007483424692698618103355649159556340810056512358769552333414615230502532186327508646006263307707741093494784	5764607523034235/576460752303423488
142	annotation-health	0/202402253307310618352495346718917307049556649764142118356901358027430339567995346891960383701437124495187077864316811911389808737385793476867013399940738509921517424276566361364466907742093216341239767678472745068562007483424692698618103355649159556340810056512358769552333414615230502532186327508646006263307707741093494784	5764607523034235/576460752303423488
142	attack-coverage	0/202402253307310618352495346718917307049556649764142118356901358027430339567995346891960383701437124495187077864316811911389808737385793476867013399940738509921517424276566361364466907742093216341239767678472745068562007483424692698618103355649159556340810056512358769552333414615230502532186327508646006263307707741093494784	5764607523034235/576460752303423488
142	consulting-pct	0/202402253307310618352495346718917307049556649764142118356901358027430339567995346891960383701437124495187077864316811911389808737385793476867013399940738509921517424276566361364466907742093216341239767678472745068562007483424692698618103355649159556340810056512358769552333414615230502532186327508646006263307707741093494784	5764607523034235/576460752303423488
142	coupling-density	0/202402253307310618352495346718917307049556649764142118356901358027430339567995346891960383701437124495187077864316811911389808737385793476867013399940738509921517424276566361364466907742093216341239767678472745068562007483424692698618103355649159556340810056512358769552333414615230502532186327508646006263307707741093494784	5764607523034235/576460752303423488
142	depositing-signal	0/202402253307310618352495346718917307049556649764142118356901358027430339567995346891960383701437124495187077864316811911389808737385793476867013399940738509921517424276566361364466907742093216341239767678472745068562007483424692698618103355649159556340810056512358769552333414615230502532186327508646006263307707741093494784	5764607523034235/576460752303423488
142	loop-health	6362720025837568/18446744073709551616	5764607523034235/576460752303423488
142	mathematics-pct	-6598686489419776/18889465931478580854784	5764607523034235/576460752303423488
142	mission-health	0/202402253307310618352495346718917307049556649764142118356901358027430339567995346891960383701437124495187077864316811911389808737385793476867013399940738509921517424276566361364466907742093216341239767678472745068562007483424692698618103355649159556340810056512358769552333414615230502532186327508646006263307707741093494784	5764607523034235/576460752303423488
142	portfolio-pct	-6598686489419776/9444732965739290427392	5764607523034235/576460752303423488
142	sorry-count-norm	0/202402253307310618352495346718917307049556649764142118356901358027430339567995346891960383701437124495187077864316811911389808737385793476867013399940738509921517424276566361364466907742093216341239767678472745068562007483424692698618103355649159556340810056512358769552333414615230502532186327508646006263307707741093494784	5764607523034235/576460752303423488
142	stack-pct	4949014866821120/4722366482869645213696	5764607523034235/576460752303423488
142	support-coverage	0/202402253307310618352495346718917307049556649764142118356901358027430339567995346891960383701437124495187077864316811911389808737385793476867013399940738509921517424276566361364466907742093216341239767678472745068562007483424692698618103355649159556340810056512358769552333414615230502532186327508646006263307707741093494784	5764607523034235/576460752303423488
142	ticks-firing-ratio	0/202402253307310618352495346718917307049556649764142118356901358027430339567995346891960383701437124495187077864316811911389808737385793476867013399940738509921517424276566361364466907742093216341239767678472745068562007483424692698618103355649159556340810056512358769552333414615230502532186327508646006263307707741093494784	5764607523034235/576460752303423488
143	active-repo-ratio	0/202402253307310618352495346718917307049556649764142118356901358027430339567995346891960383701437124495187077864316811911389808737385793476867013399940738509921517424276566361364466907742093216341239767678472745068562007483424692698618103355649159556340810056512358769552333414615230502532186327508646006263307707741093494784	5764607523034235/576460752303423488
143	annotation-health	0/202402253307310618352495346718917307049556649764142118356901358027430339567995346891960383701437124495187077864316811911389808737385793476867013399940738509921517424276566361364466907742093216341239767678472745068562007483424692698618103355649159556340810056512358769552333414615230502532186327508646006263307707741093494784	5764607523034235/576460752303423488
143	attack-coverage	0/202402253307310618352495346718917307049556649764142118356901358027430339567995346891960383701437124495187077864316811911389808737385793476867013399940738509921517424276566361364466907742093216341239767678472745068562007483424692698618103355649159556340810056512358769552333414615230502532186327508646006263307707741093494784	5764607523034235/576460752303423488
143	consulting-pct	0/202402253307310618352495346718917307049556649764142118356901358027430339567995346891960383701437124495187077864316811911389808737385793476867013399940738509921517424276566361364466907742093216341239767678472745068562007483424692698618103355649159556340810056512358769552333414615230502532186327508646006263307707741093494784	5764607523034235/576460752303423488
143	coupling-density	0/202402253307310618352495346718917307049556649764142118356901358027430339567995346891960383701437124495187077864316811911389808737385793476867013399940738509921517424276566361364466907742093216341239767678472745068562007483424692698618103355649159556340810056512358769552333414615230502532186327508646006263307707741093494784	5764607523034235/576460752303423488
143	depositing-signal	0/202402253307310618352495346718917307049556649764142118356901358027430339567995346891960383701437124495187077864316811911389808737385793476867013399940738509921517424276566361364466907742093216341239767678472745068562007483424692698618103355649159556340810056512358769552333414615230502532186327508646006263307707741093494784	5764607523034235/576460752303423488
143	loop-health	6362720025837568/18446744073709551616	5764607523034235/576460752303423488
143	mathematics-pct	-6598686489419776/18889465931478580854784	5764607523034235/576460752303423488
143	mission-health	0/202402253307310618352495346718917307049556649764142118356901358027430339567995346891960383701437124495187077864316811911389808737385793476867013399940738509921517424276566361364466907742093216341239767678472745068562007483424692698618103355649159556340810056512358769552333414615230502532186327508646006263307707741093494784	5764607523034235/576460752303423488
143	portfolio-pct	-6598686489419776/9444732965739290427392	5764607523034235/576460752303423488
143	sorry-count-norm	0/202402253307310618352495346718917307049556649764142118356901358027430339567995346891960383701437124495187077864316811911389808737385793476867013399940738509921517424276566361364466907742093216341239767678472745068562007483424692698618103355649159556340810056512358769552333414615230502532186327508646006263307707741093494784	5764607523034235/576460752303423488
143	stack-pct	4949014866821120/4722366482869645213696	5764607523034235/576460752303423488
143	support-coverage	0/202402253307310618352495346718917307049556649764142118356901358027430339567995346891960383701437124495187077864316811911389808737385793476867013399940738509921517424276566361364466907742093216341239767678472745068562007483424692698618103355649159556340810056512358769552333414615230502532186327508646006263307707741093494784	5764607523034235/576460752303423488
143	ticks-firing-ratio	0/202402253307310618352495346718917307049556649764142118356901358027430339567995346891960383701437124495187077864316811911389808737385793476867013399940738509921517424276566361364466907742093216341239767678472745068562007483424692698618103355649159556340810056512358769552333414615230502532186327508646006263307707741093494784	5764607523034235/576460752303423488
144	active-repo-ratio	0/202402253307310618352495346718917307049556649764142118356901358027430339567995346891960383701437124495187077864316811911389808737385793476867013399940738509921517424276566361364466907742093216341239767678472745068562007483424692698618103355649159556340810056512358769552333414615230502532186327508646006263307707741093494784	5764607523034235/576460752303423488
144	annotation-health	0/202402253307310618352495346718917307049556649764142118356901358027430339567995346891960383701437124495187077864316811911389808737385793476867013399940738509921517424276566361364466907742093216341239767678472745068562007483424692698618103355649159556340810056512358769552333414615230502532186327508646006263307707741093494784	5764607523034235/576460752303423488
144	attack-coverage	0/202402253307310618352495346718917307049556649764142118356901358027430339567995346891960383701437124495187077864316811911389808737385793476867013399940738509921517424276566361364466907742093216341239767678472745068562007483424692698618103355649159556340810056512358769552333414615230502532186327508646006263307707741093494784	5764607523034235/576460752303423488
144	consulting-pct	0/202402253307310618352495346718917307049556649764142118356901358027430339567995346891960383701437124495187077864316811911389808737385793476867013399940738509921517424276566361364466907742093216341239767678472745068562007483424692698618103355649159556340810056512358769552333414615230502532186327508646006263307707741093494784	5764607523034235/576460752303423488
144	coupling-density	0/202402253307310618352495346718917307049556649764142118356901358027430339567995346891960383701437124495187077864316811911389808737385793476867013399940738509921517424276566361364466907742093216341239767678472745068562007483424692698618103355649159556340810056512358769552333414615230502532186327508646006263307707741093494784	5764607523034235/576460752303423488
144	depositing-signal	0/202402253307310618352495346718917307049556649764142118356901358027430339567995346891960383701437124495187077864316811911389808737385793476867013399940738509921517424276566361364466907742093216341239767678472745068562007483424692698618103355649159556340810056512358769552333414615230502532186327508646006263307707741093494784	5764607523034235/576460752303423488
144	loop-health	6362720025837568/18446744073709551616	5764607523034235/576460752303423488
144	mathematics-pct	-6598686489419776/18889465931478580854784	5764607523034235/576460752303423488
144	mission-health	0/202402253307310618352495346718917307049556649764142118356901358027430339567995346891960383701437124495187077864316811911389808737385793476867013399940738509921517424276566361364466907742093216341239767678472745068562007483424692698618103355649159556340810056512358769552333414615230502532186327508646006263307707741093494784	5764607523034235/576460752303423488
144	portfolio-pct	-6598686489419776/9444732965739290427392	5764607523034235/576460752303423488
144	sorry-count-norm	0/202402253307310618352495346718917307049556649764142118356901358027430339567995346891960383701437124495187077864316811911389808737385793476867013399940738509921517424276566361364466907742093216341239767678472745068562007483424692698618103355649159556340810056512358769552333414615230502532186327508646006263307707741093494784	5764607523034235/576460752303423488
144	stack-pct	4949014866821120/4722366482869645213696	5764607523034235/576460752303423488
144	support-coverage	0/202402253307310618352495346718917307049556649764142118356901358027430339567995346891960383701437124495187077864316811911389808737385793476867013399940738509921517424276566361364466907742093216341239767678472745068562007483424692698618103355649159556340810056512358769552333414615230502532186327508646006263307707741093494784	5764607523034235/576460752303423488
144	ticks-firing-ratio	0/202402253307310618352495346718917307049556649764142118356901358027430339567995346891960383701437124495187077864316811911389808737385793476867013399940738509921517424276566361364466907742093216341239767678472745068562007483424692698618103355649159556340810056512358769552333414615230502532186327508646006263307707741093494784	5764607523034235/576460752303423488
145	active-repo-ratio	0/202402253307310618352495346718917307049556649764142118356901358027430339567995346891960383701437124495187077864316811911389808737385793476867013399940738509921517424276566361364466907742093216341239767678472745068562007483424692698618103355649159556340810056512358769552333414615230502532186327508646006263307707741093494784	5764607523034235/576460752303423488
145	annotation-health	0/202402253307310618352495346718917307049556649764142118356901358027430339567995346891960383701437124495187077864316811911389808737385793476867013399940738509921517424276566361364466907742093216341239767678472745068562007483424692698618103355649159556340810056512358769552333414615230502532186327508646006263307707741093494784	5764607523034235/576460752303423488
145	attack-coverage	0/202402253307310618352495346718917307049556649764142118356901358027430339567995346891960383701437124495187077864316811911389808737385793476867013399940738509921517424276566361364466907742093216341239767678472745068562007483424692698618103355649159556340810056512358769552333414615230502532186327508646006263307707741093494784	5764607523034235/576460752303423488
145	consulting-pct	0/202402253307310618352495346718917307049556649764142118356901358027430339567995346891960383701437124495187077864316811911389808737385793476867013399940738509921517424276566361364466907742093216341239767678472745068562007483424692698618103355649159556340810056512358769552333414615230502532186327508646006263307707741093494784	5764607523034235/576460752303423488
145	coupling-density	0/202402253307310618352495346718917307049556649764142118356901358027430339567995346891960383701437124495187077864316811911389808737385793476867013399940738509921517424276566361364466907742093216341239767678472745068562007483424692698618103355649159556340810056512358769552333414615230502532186327508646006263307707741093494784	5764607523034235/576460752303423488
145	depositing-signal	0/202402253307310618352495346718917307049556649764142118356901358027430339567995346891960383701437124495187077864316811911389808737385793476867013399940738509921517424276566361364466907742093216341239767678472745068562007483424692698618103355649159556340810056512358769552333414615230502532186327508646006263307707741093494784	5764607523034235/576460752303423488
145	loop-health	6362720025837568/18446744073709551616	5764607523034235/576460752303423488
145	mathematics-pct	-6598686489419776/18889465931478580854784	5764607523034235/576460752303423488
145	mission-health	0/202402253307310618352495346718917307049556649764142118356901358027430339567995346891960383701437124495187077864316811911389808737385793476867013399940738509921517424276566361364466907742093216341239767678472745068562007483424692698618103355649159556340810056512358769552333414615230502532186327508646006263307707741093494784	5764607523034235/576460752303423488
145	portfolio-pct	-6598686489419776/9444732965739290427392	5764607523034235/576460752303423488
145	sorry-count-norm	0/202402253307310618352495346718917307049556649764142118356901358027430339567995346891960383701437124495187077864316811911389808737385793476867013399940738509921517424276566361364466907742093216341239767678472745068562007483424692698618103355649159556340810056512358769552333414615230502532186327508646006263307707741093494784	5764607523034235/576460752303423488
145	stack-pct	4949014866821120/4722366482869645213696	5764607523034235/576460752303423488
145	support-coverage	0/202402253307310618352495346718917307049556649764142118356901358027430339567995346891960383701437124495187077864316811911389808737385793476867013399940738509921517424276566361364466907742093216341239767678472745068562007483424692698618103355649159556340810056512358769552333414615230502532186327508646006263307707741093494784	5764607523034235/576460752303423488
145	ticks-firing-ratio	0/202402253307310618352495346718917307049556649764142118356901358027430339567995346891960383701437124495187077864316811911389808737385793476867013399940738509921517424276566361364466907742093216341239767678472745068562007483424692698618103355649159556340810056512358769552333414615230502532186327508646006263307707741093494784	5764607523034235/576460752303423488
