{
  "task2": {},
  "task3": {
    "M-self-documenting-stack": {
      "pearson": 0.7098545382806564,
      "distinct": 688,
      "a3_passing": 119,
      "greedy_passes": true,
      "greedy_ties": 1,
      "avg_cov": 4.107421875,
      "avg_eig": 0.09172384796643725,
      "uniform_cov": 2.5,
      "uniform_eig": 0.10577479969722417,
      "cov_above_uniform": true,
      "eig_above_uniform": false,
      "gfn_top_modes": 371,
      "greedy_top_modes": 1,
      "n_high_reward": 859,
      "train_s": 1311.1
    },
    "M-three-column-stack": {
      "pearson": 0.780550346564724,
      "distinct": 655,
      "a3_passing": 55,
      "greedy_passes": true,
      "greedy_ties": 1,
      "avg_cov": 3.9638671875,
      "avg_eig": 0.0887622674594842,
      "uniform_cov": 2.2222222222222223,
      "uniform_eig": 0.10577479969722417,
      "cov_above_uniform": true,
      "eig_above_uniform": false,
      "gfn_top_modes": 396,
      "greedy_top_modes": 1,
      "n_high_reward": 858,
      "train_s": 792.8
    },
    "M-capability-star-map": {
      "pearson": 0.7832219753112429,
      "distinct": 687,
      "a3_passing": 21,
      "greedy_passes": true,
      "greedy_ties": 1,
      "avg_cov": 3.626953125,
      "avg_eig": 0.08097818699936417,
      "uniform_cov": 1.9444444444444444,
      "uniform_eig": 0.10577479969722417,
      "cov_above_uniform": true,
      "eig_above_uniform": false,
      "gfn_top_modes": 360,
      "greedy_top_modes": 1,
      "n_high_reward": 858,
      "train_s": 349.7
    },
    "M-structural-law": {
      "pearson": 0.8554820891001087,
      "distinct": 647,
      "a3_passing": 6,
      "greedy_passes": true,
      "greedy_ties": 1,
      "avg_cov": 3.3994140625,
      "avg_eig": 0.0941186678845726,
      "uniform_cov": 1.6666666666666667,
      "uniform_eig": 0.10577479969722417,
      "cov_above_uniform": true,
      "eig_above_uniform": false,
      "gfn_top_modes": 338,
      "greedy_top_modes": 1,
      "n_high_reward": 857,
      "train_s": 378.6
    },
    "M-categorical-code": {
      "pearson": 0.7785505886066187,
      "distinct": 693,
      "a3_passing": 6,
      "greedy_passes": true,
      "greedy_ties": 1,
      "avg_cov": 3.318359375,
      "avg_eig": 0.0864095250227573,
      "uniform_cov": 1.6666666666666667,
      "uniform_eig": 0.10577479969722417,
      "cov_above_uniform": true,
      "eig_above_uniform": false,
      "gfn_top_modes": 352,
      "greedy_top_modes": 1,
      "n_high_reward": 859,
      "train_s": 401.5
    }
  },
  "best_lambda": 4
}